sku_id,week_start,units_sold,forecast_naive
SKU00001,2024-01-01,83,
SKU00001,2024-01-08,24,
SKU00001,2024-01-15,30,
SKU00001,2024-01-22,58,
SKU00001,2024-01-29,10,
SKU00001,2024-02-05,60,
SKU00001,2024-02-12,33,
SKU00001,2024-02-19,30,
SKU00001,2024-02-26,59,
SKU00001,2024-03-04,37,
SKU00001,2024-03-11,67,
SKU00001,2024-03-18,60,
SKU00001,2024-03-25,64,
SKU00001,2024-04-01,79,
SKU00001,2024-04-08,58,
SKU00001,2024-04-15,77,
SKU00001,2024-04-22,53,
SKU00001,2024-04-29,61,
SKU00001,2024-05-06,75,
SKU00001,2024-05-13,52,
SKU00001,2024-05-20,59,
SKU00001,2024-05-27,76,
SKU00001,2024-06-03,68,
SKU00001,2024-06-10,53,
SKU00001,2024-06-17,60,
SKU00001,2024-06-24,64,
SKU00001,2024-07-01,44,
SKU00001,2024-07-08,54,
SKU00001,2024-07-15,42,
SKU00001,2024-07-22,61,
SKU00001,2024-07-29,88,
SKU00001,2024-08-05,52,
SKU00001,2024-08-12,51,
SKU00001,2024-08-19,87,
SKU00001,2024-08-26,33,
SKU00001,2024-09-02,59,
SKU00001,2024-09-09,39,
SKU00001,2024-09-16,59,
SKU00001,2024-09-23,25,
SKU00001,2024-09-30,97,
SKU00001,2024-10-07,71,
SKU00001,2024-10-14,80,
SKU00001,2024-10-21,25,
SKU00001,2024-10-28,43,
SKU00001,2024-11-04,86,
SKU00001,2024-11-11,61,
SKU00001,2024-11-18,108,
SKU00001,2024-11-25,72,
SKU00001,2024-12-02,63,
SKU00001,2024-12-09,102,
SKU00001,2024-12-16,124,
SKU00001,2024-12-23,82,
SKU00001,2024-12-30,76,83.0
SKU00001,2025-01-06,43,24.0
SKU00001,2025-01-13,53,30.0
SKU00001,2025-01-20,70,58.0
SKU00001,2025-01-27,51,10.0
SKU00001,2025-02-03,41,60.0
SKU00001,2025-02-10,70,33.0
SKU00001,2025-02-17,45,30.0
SKU00001,2025-02-24,56,59.0
SKU00001,2025-03-03,73,37.0
SKU00001,2025-03-10,46,67.0
SKU00001,2025-03-17,53,60.0
SKU00001,2025-03-24,48,64.0
SKU00001,2025-03-31,47,79.0
SKU00001,2025-04-07,26,58.0
SKU00001,2025-04-14,53,77.0
SKU00001,2025-04-21,48,53.0
SKU00001,2025-04-28,30,61.0
SKU00001,2025-05-05,64,75.0
SKU00001,2025-05-12,27,52.0
SKU00001,2025-05-19,82,59.0
SKU00001,2025-05-26,40,76.0
SKU00001,2025-06-02,70,68.0
SKU00001,2025-06-09,75,53.0
SKU00001,2025-06-16,35,60.0
SKU00001,2025-06-23,30,64.0
SKU00001,2025-06-30,74,44.0
SKU00001,2025-07-07,50,54.0
SKU00001,2025-07-14,60,42.0
SKU00001,2025-07-21,42,61.0
SKU00001,2025-07-28,56,88.0
SKU00001,2025-08-04,55,52.0
SKU00001,2025-08-11,55,51.0
SKU00001,2025-08-18,86,87.0
SKU00001,2025-08-25,75,33.0
SKU00001,2025-09-01,48,59.0
SKU00001,2025-09-08,90,39.0
SKU00001,2025-09-15,58,59.0
SKU00001,2025-09-22,54,25.0
SKU00001,2025-09-29,40,97.0
SKU00001,2025-10-06,21,71.0
SKU00001,2025-10-13,57,80.0
SKU00001,2025-10-20,38,25.0
SKU00001,2025-10-27,66,43.0
SKU00001,2025-11-03,86,86.0
SKU00001,2025-11-10,89,61.0
SKU00001,2025-11-17,85,108.0
SKU00001,2025-11-24,96,72.0
SKU00001,2025-12-01,70,63.0
SKU00001,2025-12-08,122,102.0
SKU00001,2025-12-15,69,124.0
SKU00001,2025-12-22,105,82.0
SKU00001,2025-12-29,9,76.0
SKU00002,2024-01-01,59,
SKU00002,2024-01-08,68,
SKU00002,2024-01-15,54,
SKU00002,2024-01-22,62,
SKU00002,2024-01-29,60,
SKU00002,2024-02-05,38,
SKU00002,2024-02-12,45,
SKU00002,2024-02-19,14,
SKU00002,2024-02-26,61,
SKU00002,2024-03-04,41,
SKU00002,2024-03-11,45,
SKU00002,2024-03-18,73,
SKU00002,2024-03-25,37,
SKU00002,2024-04-01,74,
SKU00002,2024-04-08,56,
SKU00002,2024-04-15,47,
SKU00002,2024-04-22,49,
SKU00002,2024-04-29,82,
SKU00002,2024-05-06,26,
SKU00002,2024-05-13,56,
SKU00002,2024-05-20,90,
SKU00002,2024-05-27,50,
SKU00002,2024-06-03,51,
SKU00002,2024-06-10,56,
SKU00002,2024-06-17,76,
SKU00002,2024-06-24,76,
SKU00002,2024-07-01,53,
SKU00002,2024-07-08,42,
SKU00002,2024-07-15,59,
SKU00002,2024-07-22,54,
SKU00002,2024-07-29,73,
SKU00002,2024-08-05,81,
SKU00002,2024-08-12,55,
SKU00002,2024-08-19,61,
SKU00002,2024-08-26,66,
SKU00002,2024-09-02,59,
SKU00002,2024-09-09,18,
SKU00002,2024-09-16,61,
SKU00002,2024-09-23,79,
SKU00002,2024-09-30,59,
SKU00002,2024-10-07,40,
SKU00002,2024-10-14,52,
SKU00002,2024-10-21,60,
SKU00002,2024-10-28,92,
SKU00002,2024-11-04,70,
SKU00002,2024-11-11,111,
SKU00002,2024-11-18,91,
SKU00002,2024-11-25,61,
SKU00002,2024-12-02,69,
SKU00002,2024-12-09,95,
SKU00002,2024-12-16,83,
SKU00002,2024-12-23,74,
SKU00002,2024-12-30,44,59.0
SKU00002,2025-01-06,58,68.0
SKU00002,2025-01-13,28,54.0
SKU00002,2025-01-20,40,62.0
SKU00002,2025-01-27,39,60.0
SKU00002,2025-02-03,40,38.0
SKU00002,2025-02-10,63,45.0
SKU00002,2025-02-17,54,14.0
SKU00002,2025-02-24,47,61.0
SKU00002,2025-03-03,57,41.0
SKU00002,2025-03-10,71,45.0
SKU00002,2025-03-17,47,73.0
SKU00002,2025-03-24,66,37.0
SKU00002,2025-03-31,59,74.0
SKU00002,2025-04-07,42,56.0
SKU00002,2025-04-14,64,47.0
SKU00002,2025-04-21,63,49.0
SKU00002,2025-04-28,71,82.0
SKU00002,2025-05-05,61,26.0
SKU00002,2025-05-12,54,56.0
SKU00002,2025-05-19,41,90.0
SKU00002,2025-05-26,36,50.0
SKU00002,2025-06-02,62,51.0
SKU00002,2025-06-09,71,56.0
SKU00002,2025-06-16,53,76.0
SKU00002,2025-06-23,91,76.0
SKU00002,2025-06-30,54,53.0
SKU00002,2025-07-07,30,42.0
SKU00002,2025-07-14,62,59.0
SKU00002,2025-07-21,53,54.0
SKU00002,2025-07-28,40,73.0
SKU00002,2025-08-04,79,81.0
SKU00002,2025-08-11,52,55.0
SKU00002,2025-08-18,45,61.0
SKU00002,2025-08-25,55,66.0
SKU00002,2025-09-01,41,59.0
SKU00002,2025-09-08,78,18.0
SKU00002,2025-09-15,29,61.0
SKU00002,2025-09-22,59,79.0
SKU00002,2025-09-29,43,59.0
SKU00002,2025-10-06,55,40.0
SKU00002,2025-10-13,59,52.0
SKU00002,2025-10-20,44,60.0
SKU00002,2025-10-27,47,92.0
SKU00002,2025-11-03,86,70.0
SKU00002,2025-11-10,97,111.0
SKU00002,2025-11-17,86,91.0
SKU00002,2025-11-24,68,61.0
SKU00002,2025-12-01,86,69.0
SKU00002,2025-12-08,104,95.0
SKU00002,2025-12-15,131,83.0
SKU00002,2025-12-22,64,74.0
SKU00002,2025-12-29,42,44.0
SKU00003,2024-01-01,25,
SKU00003,2024-01-08,34,
SKU00003,2024-01-15,66,
SKU00003,2024-01-22,32,
SKU00003,2024-01-29,46,
SKU00003,2024-02-05,48,
SKU00003,2024-02-12,48,
SKU00003,2024-02-19,52,
SKU00003,2024-02-26,51,
SKU00003,2024-03-04,67,
SKU00003,2024-03-11,58,
SKU00003,2024-03-18,63,
SKU00003,2024-03-25,53,
SKU00003,2024-04-01,62,
SKU00003,2024-04-08,37,
SKU00003,2024-04-15,45,
SKU00003,2024-04-22,36,
SKU00003,2024-04-29,41,
SKU00003,2024-05-06,54,
SKU00003,2024-05-13,49,
SKU00003,2024-05-20,62,
SKU00003,2024-05-27,36,
SKU00003,2024-06-03,64,
SKU00003,2024-06-10,36,
SKU00003,2024-06-17,43,
SKU00003,2024-06-24,56,
SKU00003,2024-07-01,72,
SKU00003,2024-07-08,36,
SKU00003,2024-07-15,40,
SKU00003,2024-07-22,79,
SKU00003,2024-07-29,39,
SKU00003,2024-08-05,81,
SKU00003,2024-08-12,54,
SKU00003,2024-08-19,75,
SKU00003,2024-08-26,68,
SKU00003,2024-09-02,55,
SKU00003,2024-09-09,58,
SKU00003,2024-09-16,50,
SKU00003,2024-09-23,69,
SKU00003,2024-09-30,65,
SKU00003,2024-10-07,76,
SKU00003,2024-10-14,64,
SKU00003,2024-10-21,41,
SKU00003,2024-10-28,107,
SKU00003,2024-11-04,64,
SKU00003,2024-11-11,101,
SKU00003,2024-11-18,93,
SKU00003,2024-11-25,64,
SKU00003,2024-12-02,100,
SKU00003,2024-12-09,78,
SKU00003,2024-12-16,58,
SKU00003,2024-12-23,71,
SKU00003,2024-12-30,55,25.0
SKU00003,2025-01-06,41,34.0
SKU00003,2025-01-13,57,66.0
SKU00003,2025-01-20,32,32.0
SKU00003,2025-01-27,85,46.0
SKU00003,2025-02-03,44,48.0
SKU00003,2025-02-10,38,48.0
SKU00003,2025-02-17,50,52.0
SKU00003,2025-02-24,46,51.0
SKU00003,2025-03-03,63,67.0
SKU00003,2025-03-10,36,58.0
SKU00003,2025-03-17,48,63.0
SKU00003,2025-03-24,61,53.0
SKU00003,2025-03-31,67,62.0
SKU00003,2025-04-07,80,37.0
SKU00003,2025-04-14,66,45.0
SKU00003,2025-04-21,68,36.0
SKU00003,2025-04-28,26,41.0
SKU00003,2025-05-05,51,54.0
SKU00003,2025-05-12,72,49.0
SKU00003,2025-05-19,41,62.0
SKU00003,2025-05-26,43,36.0
SKU00003,2025-06-02,55,64.0
SKU00003,2025-06-09,61,36.0
SKU00003,2025-06-16,60,43.0
SKU00003,2025-06-23,49,56.0
SKU00003,2025-06-30,88,72.0
SKU00003,2025-07-07,20,36.0
SKU00003,2025-07-14,56,40.0
SKU00003,2025-07-21,38,79.0
SKU00003,2025-07-28,85,39.0
SKU00003,2025-08-04,59,81.0
SKU00003,2025-08-11,26,54.0
SKU00003,2025-08-18,49,75.0
SKU00003,2025-08-25,55,68.0
SKU00003,2025-09-01,40,55.0
SKU00003,2025-09-08,65,58.0
SKU00003,2025-09-15,84,50.0
SKU00003,2025-09-22,32,69.0
SKU00003,2025-09-29,50,65.0
SKU00003,2025-10-06,55,76.0
SKU00003,2025-10-13,68,64.0
SKU00003,2025-10-20,43,41.0
SKU00003,2025-10-27,59,107.0
SKU00003,2025-11-03,97,64.0
SKU00003,2025-11-10,83,101.0
SKU00003,2025-11-17,86,93.0
SKU00003,2025-11-24,96,64.0
SKU00003,2025-12-01,80,100.0
SKU00003,2025-12-08,92,78.0
SKU00003,2025-12-15,79,58.0
SKU00003,2025-12-22,81,71.0
SKU00003,2025-12-29,23,55.0
SKU00004,2024-01-01,58,
SKU00004,2024-01-08,27,
SKU00004,2024-01-15,40,
SKU00004,2024-01-22,34,
SKU00004,2024-01-29,25,
SKU00004,2024-02-05,46,
SKU00004,2024-02-12,47,
SKU00004,2024-02-19,63,
SKU00004,2024-02-26,44,
SKU00004,2024-03-04,70,
SKU00004,2024-03-11,43,
SKU00004,2024-03-18,60,
SKU00004,2024-03-25,70,
SKU00004,2024-04-01,55,
SKU00004,2024-04-08,62,
SKU00004,2024-04-15,51,
SKU00004,2024-04-22,65,
SKU00004,2024-04-29,51,
SKU00004,2024-05-06,37,
SKU00004,2024-05-13,99,
SKU00004,2024-05-20,60,
SKU00004,2024-05-27,49,
SKU00004,2024-06-03,63,
SKU00004,2024-06-10,52,
SKU00004,2024-06-17,79,
SKU00004,2024-06-24,68,
SKU00004,2024-07-01,38,
SKU00004,2024-07-08,38,
SKU00004,2024-07-15,35,
SKU00004,2024-07-22,77,
SKU00004,2024-07-29,87,
SKU00004,2024-08-05,72,
SKU00004,2024-08-12,63,
SKU00004,2024-08-19,27,
SKU00004,2024-08-26,68,
SKU00004,2024-09-02,62,
SKU00004,2024-09-09,50,
SKU00004,2024-09-16,47,
SKU00004,2024-09-23,63,
SKU00004,2024-09-30,48,
SKU00004,2024-10-07,35,
SKU00004,2024-10-14,29,
SKU00004,2024-10-21,54,
SKU00004,2024-10-28,78,
SKU00004,2024-11-04,105,
SKU00004,2024-11-11,86,
SKU00004,2024-11-18,91,
SKU00004,2024-11-25,91,
SKU00004,2024-12-02,76,
SKU00004,2024-12-09,71,
SKU00004,2024-12-16,101,
SKU00004,2024-12-23,85,
SKU00004,2024-12-30,73,58.0
SKU00004,2025-01-06,52,27.0
SKU00004,2025-01-13,38,40.0
SKU00004,2025-01-20,35,34.0
SKU00004,2025-01-27,32,25.0
SKU00004,2025-02-03,32,46.0
SKU00004,2025-02-10,57,47.0
SKU00004,2025-02-17,62,63.0
SKU00004,2025-02-24,60,44.0
SKU00004,2025-03-03,49,70.0
SKU00004,2025-03-10,60,43.0
SKU00004,2025-03-17,27,60.0
SKU00004,2025-03-24,66,70.0
SKU00004,2025-03-31,59,55.0
SKU00004,2025-04-07,70,62.0
SKU00004,2025-04-14,55,51.0
SKU00004,2025-04-21,76,65.0
SKU00004,2025-04-28,42,51.0
SKU00004,2025-05-05,39,37.0
SKU00004,2025-05-12,24,99.0
SKU00004,2025-05-19,43,60.0
SKU00004,2025-05-26,60,49.0
SKU00004,2025-06-02,51,63.0
SKU00004,2025-06-09,77,52.0
SKU00004,2025-06-16,60,79.0
SKU00004,2025-06-23,97,68.0
SKU00004,2025-06-30,40,38.0
SKU00004,2025-07-07,22,38.0
SKU00004,2025-07-14,63,35.0
SKU00004,2025-07-21,62,77.0
SKU00004,2025-07-28,47,87.0
SKU00004,2025-08-04,36,72.0
SKU00004,2025-08-11,39,63.0
SKU00004,2025-08-18,33,27.0
SKU00004,2025-08-25,63,68.0
SKU00004,2025-09-01,61,62.0
SKU00004,2025-09-08,61,50.0
SKU00004,2025-09-15,76,47.0
SKU00004,2025-09-22,57,63.0
SKU00004,2025-09-29,53,48.0
SKU00004,2025-10-06,37,35.0
SKU00004,2025-10-13,67,29.0
SKU00004,2025-10-20,70,54.0
SKU00004,2025-10-27,60,78.0
SKU00004,2025-11-03,139,105.0
SKU00004,2025-11-10,112,86.0
SKU00004,2025-11-17,99,91.0
SKU00004,2025-11-24,95,91.0
SKU00004,2025-12-01,94,76.0
SKU00004,2025-12-08,84,71.0
SKU00004,2025-12-15,80,101.0
SKU00004,2025-12-22,70,85.0
SKU00004,2025-12-29,35,73.0
SKU00005,2024-01-01,49,
SKU00005,2024-01-08,35,
SKU00005,2024-01-15,13,
SKU00005,2024-01-22,55,
SKU00005,2024-01-29,31,
SKU00005,2024-02-05,34,
SKU00005,2024-02-12,40,
SKU00005,2024-02-19,34,
SKU00005,2024-02-26,40,
SKU00005,2024-03-04,65,
SKU00005,2024-03-11,49,
SKU00005,2024-03-18,50,
SKU00005,2024-03-25,48,
SKU00005,2024-04-01,58,
SKU00005,2024-04-08,42,
SKU00005,2024-04-15,64,
SKU00005,2024-04-22,72,
SKU00005,2024-04-29,73,
SKU00005,2024-05-06,31,
SKU00005,2024-05-13,42,
SKU00005,2024-05-20,37,
SKU00005,2024-05-27,76,
SKU00005,2024-06-03,46,
SKU00005,2024-06-10,47,
SKU00005,2024-06-17,69,
SKU00005,2024-06-24,56,
SKU00005,2024-07-01,52,
SKU00005,2024-07-08,59,
SKU00005,2024-07-15,48,
SKU00005,2024-07-22,50,
SKU00005,2024-07-29,40,
SKU00005,2024-08-05,57,
SKU00005,2024-08-12,81,
SKU00005,2024-08-19,102,
SKU00005,2024-08-26,49,
SKU00005,2024-09-02,32,
SKU00005,2024-09-09,57,
SKU00005,2024-09-16,47,
SKU00005,2024-09-23,31,
SKU00005,2024-09-30,77,
SKU00005,2024-10-07,71,
SKU00005,2024-10-14,40,
SKU00005,2024-10-21,74,
SKU00005,2024-10-28,76,
SKU00005,2024-11-04,60,
SKU00005,2024-11-11,116,
SKU00005,2024-11-18,115,
SKU00005,2024-11-25,76,
SKU00005,2024-12-02,111,
SKU00005,2024-12-09,100,
SKU00005,2024-12-16,119,
SKU00005,2024-12-23,109,
SKU00005,2024-12-30,85,49.0
SKU00005,2025-01-06,71,35.0
SKU00005,2025-01-13,85,13.0
SKU00005,2025-01-20,56,55.0
SKU00005,2025-01-27,72,31.0
SKU00005,2025-02-03,41,34.0
SKU00005,2025-02-10,19,40.0
SKU00005,2025-02-17,37,34.0
SKU00005,2025-02-24,37,40.0
SKU00005,2025-03-03,33,65.0
SKU00005,2025-03-10,53,49.0
SKU00005,2025-03-17,52,50.0
SKU00005,2025-03-24,48,48.0
SKU00005,2025-03-31,56,58.0
SKU00005,2025-04-07,44,42.0
SKU00005,2025-04-14,27,64.0
SKU00005,2025-04-21,29,72.0
SKU00005,2025-04-28,46,73.0
SKU00005,2025-05-05,58,31.0
SKU00005,2025-05-12,47,42.0
SKU00005,2025-05-19,46,37.0
SKU00005,2025-05-26,39,76.0
SKU00005,2025-06-02,68,46.0
SKU00005,2025-06-09,45,47.0
SKU00005,2025-06-16,80,69.0
SKU00005,2025-06-23,34,56.0
SKU00005,2025-06-30,47,52.0
SKU00005,2025-07-07,70,59.0
SKU00005,2025-07-14,59,48.0
SKU00005,2025-07-21,34,50.0
SKU00005,2025-07-28,72,40.0
SKU00005,2025-08-04,54,57.0
SKU00005,2025-08-11,65,81.0
SKU00005,2025-08-18,58,102.0
SKU00005,2025-08-25,40,49.0
SKU00005,2025-09-01,36,32.0
SKU00005,2025-09-08,46,57.0
SKU00005,2025-09-15,55,47.0
SKU00005,2025-09-22,60,31.0
SKU00005,2025-09-29,50,77.0
SKU00005,2025-10-06,37,71.0
SKU00005,2025-10-13,69,40.0
SKU00005,2025-10-20,59,74.0
SKU00005,2025-10-27,82,76.0
SKU00005,2025-11-03,99,60.0
SKU00005,2025-11-10,85,116.0
SKU00005,2025-11-17,70,115.0
SKU00005,2025-11-24,105,76.0
SKU00005,2025-12-01,92,111.0
SKU00005,2025-12-08,138,100.0
SKU00005,2025-12-15,90,119.0
SKU00005,2025-12-22,71,109.0
SKU00005,2025-12-29,31,85.0
SKU00006,2024-01-01,60,
SKU00006,2024-01-08,29,
SKU00006,2024-01-15,42,
SKU00006,2024-01-22,25,
SKU00006,2024-01-29,45,
SKU00006,2024-02-05,40,
SKU00006,2024-02-12,47,
SKU00006,2024-02-19,40,
SKU00006,2024-02-26,34,
SKU00006,2024-03-04,59,
SKU00006,2024-03-11,59,
SKU00006,2024-03-18,71,
SKU00006,2024-03-25,38,
SKU00006,2024-04-01,47,
SKU00006,2024-04-08,58,
SKU00006,2024-04-15,49,
SKU00006,2024-04-22,41,
SKU00006,2024-04-29,42,
SKU00006,2024-05-06,51,
SKU00006,2024-05-13,49,
SKU00006,2024-05-20,37,
SKU00006,2024-05-27,35,
SKU00006,2024-06-03,60,
SKU00006,2024-06-10,64,
SKU00006,2024-06-17,56,
SKU00006,2024-06-24,59,
SKU00006,2024-07-01,26,
SKU00006,2024-07-08,51,
SKU00006,2024-07-15,19,
SKU00006,2024-07-22,32,
SKU00006,2024-07-29,60,
SKU00006,2024-08-05,79,
SKU00006,2024-08-12,64,
SKU00006,2024-08-19,64,
SKU00006,2024-08-26,68,
SKU00006,2024-09-02,38,
SKU00006,2024-09-09,49,
SKU00006,2024-09-16,78,
SKU00006,2024-09-23,33,
SKU00006,2024-09-30,41,
SKU00006,2024-10-07,51,
SKU00006,2024-10-14,57,
SKU00006,2024-10-21,36,
SKU00006,2024-10-28,70,
SKU00006,2024-11-04,80,
SKU00006,2024-11-11,74,
SKU00006,2024-11-18,66,
SKU00006,2024-11-25,65,
SKU00006,2024-12-02,63,
SKU00006,2024-12-09,78,
SKU00006,2024-12-16,58,
SKU00006,2024-12-23,90,
SKU00006,2024-12-30,59,60.0
SKU00006,2025-01-06,64,29.0
SKU00006,2025-01-13,37,42.0
SKU00006,2025-01-20,62,25.0
SKU00006,2025-01-27,53,45.0
SKU00006,2025-02-03,27,40.0
SKU00006,2025-02-10,40,47.0
SKU00006,2025-02-17,56,40.0
SKU00006,2025-02-24,57,34.0
SKU00006,2025-03-03,70,59.0
SKU00006,2025-03-10,26,59.0
SKU00006,2025-03-17,47,71.0
SKU00006,2025-03-24,62,38.0
SKU00006,2025-03-31,57,47.0
SKU00006,2025-04-07,74,58.0
SKU00006,2025-04-14,75,49.0
SKU00006,2025-04-21,65,41.0
SKU00006,2025-04-28,59,42.0
SKU00006,2025-05-05,52,51.0
SKU00006,2025-05-12,27,49.0
SKU00006,2025-05-19,67,37.0
SKU00006,2025-05-26,51,35.0
SKU00006,2025-06-02,76,60.0
SKU00006,2025-06-09,51,64.0
SKU00006,2025-06-16,64,56.0
SKU00006,2025-06-23,49,59.0
SKU00006,2025-06-30,59,26.0
SKU00006,2025-07-07,44,51.0
SKU00006,2025-07-14,58,19.0
SKU00006,2025-07-21,54,32.0
SKU00006,2025-07-28,37,60.0
SKU00006,2025-08-04,76,79.0
SKU00006,2025-08-11,38,64.0
SKU00006,2025-08-18,95,64.0
SKU00006,2025-08-25,32,68.0
SKU00006,2025-09-01,31,38.0
SKU00006,2025-09-08,37,49.0
SKU00006,2025-09-15,42,78.0
SKU00006,2025-09-22,60,33.0
SKU00006,2025-09-29,62,41.0
SKU00006,2025-10-06,76,51.0
SKU00006,2025-10-13,62,57.0
SKU00006,2025-10-20,48,36.0
SKU00006,2025-10-27,56,70.0
SKU00006,2025-11-03,99,80.0
SKU00006,2025-11-10,72,74.0
SKU00006,2025-11-17,82,66.0
SKU00006,2025-11-24,91,65.0
SKU00006,2025-12-01,75,63.0
SKU00006,2025-12-08,74,78.0
SKU00006,2025-12-15,114,58.0
SKU00006,2025-12-22,74,90.0
SKU00006,2025-12-29,16,59.0
SKU00007,2024-01-01,59,
SKU00007,2024-01-08,50,
SKU00007,2024-01-15,25,
SKU00007,2024-01-22,54,
SKU00007,2024-01-29,40,
SKU00007,2024-02-05,52,
SKU00007,2024-02-12,45,
SKU00007,2024-02-19,60,
SKU00007,2024-02-26,52,
SKU00007,2024-03-04,51,
SKU00007,2024-03-11,44,
SKU00007,2024-03-18,25,
SKU00007,2024-03-25,64,
SKU00007,2024-04-01,71,
SKU00007,2024-04-08,63,
SKU00007,2024-04-15,60,
SKU00007,2024-04-22,51,
SKU00007,2024-04-29,42,
SKU00007,2024-05-06,65,
SKU00007,2024-05-13,63,
SKU00007,2024-05-20,38,
SKU00007,2024-05-27,45,
SKU00007,2024-06-03,41,
SKU00007,2024-06-10,60,
SKU00007,2024-06-17,68,
SKU00007,2024-06-24,55,
SKU00007,2024-07-01,54,
SKU00007,2024-07-08,48,
SKU00007,2024-07-15,55,
SKU00007,2024-07-22,78,
SKU00007,2024-07-29,60,
SKU00007,2024-08-05,79,
SKU00007,2024-08-12,41,
SKU00007,2024-08-19,33,
SKU00007,2024-08-26,83,
SKU00007,2024-09-02,60,
SKU00007,2024-09-09,84,
SKU00007,2024-09-16,39,
SKU00007,2024-09-23,39,
SKU00007,2024-09-30,32,
SKU00007,2024-10-07,83,
SKU00007,2024-10-14,28,
SKU00007,2024-10-21,74,
SKU00007,2024-10-28,71,
SKU00007,2024-11-04,119,
SKU00007,2024-11-11,93,
SKU00007,2024-11-18,74,
SKU00007,2024-11-25,97,
SKU00007,2024-12-02,87,
SKU00007,2024-12-09,105,
SKU00007,2024-12-16,60,
SKU00007,2024-12-23,64,
SKU00007,2024-12-30,74,59.0
SKU00007,2025-01-06,54,50.0
SKU00007,2025-01-13,45,25.0
SKU00007,2025-01-20,28,54.0
SKU00007,2025-01-27,43,40.0
SKU00007,2025-02-03,59,52.0
SKU00007,2025-02-10,36,45.0
SKU00007,2025-02-17,50,60.0
SKU00007,2025-02-24,63,52.0
SKU00007,2025-03-03,57,51.0
SKU00007,2025-03-10,65,44.0
SKU00007,2025-03-17,53,25.0
SKU00007,2025-03-24,67,64.0
SKU00007,2025-03-31,52,71.0
SKU00007,2025-04-07,41,63.0
SKU00007,2025-04-14,46,60.0
SKU00007,2025-04-21,104,51.0
SKU00007,2025-04-28,41,42.0
SKU00007,2025-05-05,47,65.0
SKU00007,2025-05-12,64,63.0
SKU00007,2025-05-19,55,38.0
SKU00007,2025-05-26,82,45.0
SKU00007,2025-06-02,52,41.0
SKU00007,2025-06-09,61,60.0
SKU00007,2025-06-16,58,68.0
SKU00007,2025-06-23,29,55.0
SKU00007,2025-06-30,91,54.0
SKU00007,2025-07-07,30,48.0
SKU00007,2025-07-14,33,55.0
SKU00007,2025-07-21,62,78.0
SKU00007,2025-07-28,52,60.0
SKU00007,2025-08-04,19,79.0
SKU00007,2025-08-11,57,41.0
SKU00007,2025-08-18,56,33.0
SKU00007,2025-08-25,45,83.0
SKU00007,2025-09-01,54,60.0
SKU00007,2025-09-08,46,84.0
SKU00007,2025-09-15,78,39.0
SKU00007,2025-09-22,31,39.0
SKU00007,2025-09-29,37,32.0
SKU00007,2025-10-06,87,83.0
SKU00007,2025-10-13,43,28.0
SKU00007,2025-10-20,34,74.0
SKU00007,2025-10-27,77,71.0
SKU00007,2025-11-03,71,119.0
SKU00007,2025-11-10,103,93.0
SKU00007,2025-11-17,88,74.0
SKU00007,2025-11-24,61,97.0
SKU00007,2025-12-01,129,87.0
SKU00007,2025-12-08,111,105.0
SKU00007,2025-12-15,96,60.0
SKU00007,2025-12-22,73,64.0
SKU00007,2025-12-29,35,74.0
SKU00008,2024-01-01,41,
SKU00008,2024-01-08,29,
SKU00008,2024-01-15,49,
SKU00008,2024-01-22,69,
SKU00008,2024-01-29,36,
SKU00008,2024-02-05,41,
SKU00008,2024-02-12,43,
SKU00008,2024-02-19,36,
SKU00008,2024-02-26,29,
SKU00008,2024-03-04,54,
SKU00008,2024-03-11,60,
SKU00008,2024-03-18,55,
SKU00008,2024-03-25,128,
SKU00008,2024-04-01,48,
SKU00008,2024-04-08,86,
SKU00008,2024-04-15,59,
SKU00008,2024-04-22,20,
SKU00008,2024-04-29,53,
SKU00008,2024-05-06,46,
SKU00008,2024-05-13,33,
SKU00008,2024-05-20,58,
SKU00008,2024-05-27,59,
SKU00008,2024-06-03,44,
SKU00008,2024-06-10,61,
SKU00008,2024-06-17,64,
SKU00008,2024-06-24,72,
SKU00008,2024-07-01,58,
SKU00008,2024-07-08,33,
SKU00008,2024-07-15,63,
SKU00008,2024-07-22,53,
SKU00008,2024-07-29,67,
SKU00008,2024-08-05,56,
SKU00008,2024-08-12,92,
SKU00008,2024-08-19,49,
SKU00008,2024-08-26,74,
SKU00008,2024-09-02,47,
SKU00008,2024-09-09,56,
SKU00008,2024-09-16,53,
SKU00008,2024-09-23,65,
SKU00008,2024-09-30,51,
SKU00008,2024-10-07,60,
SKU00008,2024-10-14,57,
SKU00008,2024-10-21,75,
SKU00008,2024-10-28,77,
SKU00008,2024-11-04,78,
SKU00008,2024-11-11,59,
SKU00008,2024-11-18,83,
SKU00008,2024-11-25,54,
SKU00008,2024-12-02,87,
SKU00008,2024-12-09,52,
SKU00008,2024-12-16,102,
SKU00008,2024-12-23,69,
SKU00008,2024-12-30,77,41.0
SKU00008,2025-01-06,33,29.0
SKU00008,2025-01-13,62,49.0
SKU00008,2025-01-20,35,69.0
SKU00008,2025-01-27,42,36.0
SKU00008,2025-02-03,41,41.0
SKU00008,2025-02-10,50,43.0
SKU00008,2025-02-17,62,36.0
SKU00008,2025-02-24,16,29.0
SKU00008,2025-03-03,50,54.0
SKU00008,2025-03-10,71,60.0
SKU00008,2025-03-17,94,55.0
SKU00008,2025-03-24,39,128.0
SKU00008,2025-03-31,74,48.0
SKU00008,2025-04-07,53,86.0
SKU00008,2025-04-14,67,59.0
SKU00008,2025-04-21,63,20.0
SKU00008,2025-04-28,43,53.0
SKU00008,2025-05-05,43,46.0
SKU00008,2025-05-12,37,33.0
SKU00008,2025-05-19,53,58.0
SKU00008,2025-05-26,41,59.0
SKU00008,2025-06-02,42,44.0
SKU00008,2025-06-09,51,61.0
SKU00008,2025-06-16,36,64.0
SKU00008,2025-06-23,86,72.0
SKU00008,2025-06-30,70,58.0
SKU00008,2025-07-07,74,33.0
SKU00008,2025-07-14,62,63.0
SKU00008,2025-07-21,73,53.0
SKU00008,2025-07-28,53,67.0
SKU00008,2025-08-04,48,56.0
SKU00008,2025-08-11,37,92.0
SKU00008,2025-08-18,25,49.0
SKU00008,2025-08-25,41,74.0
SKU00008,2025-09-01,50,47.0
SKU00008,2025-09-08,68,56.0
SKU00008,2025-09-15,55,53.0
SKU00008,2025-09-22,65,65.0
SKU00008,2025-09-29,44,51.0
SKU00008,2025-10-06,49,60.0
SKU00008,2025-10-13,33,57.0
SKU00008,2025-10-20,41,75.0
SKU00008,2025-10-27,69,77.0
SKU00008,2025-11-03,90,78.0
SKU00008,2025-11-10,116,59.0
SKU00008,2025-11-17,75,83.0
SKU00008,2025-11-24,55,54.0
SKU00008,2025-12-01,98,87.0
SKU00008,2025-12-08,102,52.0
SKU00008,2025-12-15,78,102.0
SKU00008,2025-12-22,102,69.0
SKU00008,2025-12-29,51,77.0
SKU00009,2024-01-01,58,
SKU00009,2024-01-08,40,
SKU00009,2024-01-15,62,
SKU00009,2024-01-22,41,
SKU00009,2024-01-29,56,
SKU00009,2024-02-05,84,
SKU00009,2024-02-12,66,
SKU00009,2024-02-19,29,
SKU00009,2024-02-26,53,
SKU00009,2024-03-04,69,
SKU00009,2024-03-11,101,
SKU00009,2024-03-18,39,
SKU00009,2024-03-25,50,
SKU00009,2024-04-01,102,
SKU00009,2024-04-08,58,
SKU00009,2024-04-15,61,
SKU00009,2024-04-22,70,
SKU00009,2024-04-29,59,
SKU00009,2024-05-06,116,
SKU00009,2024-05-13,74,
SKU00009,2024-05-20,44,
SKU00009,2024-05-27,46,
SKU00009,2024-06-03,28,
SKU00009,2024-06-10,55,
SKU00009,2024-06-17,50,
SKU00009,2024-06-24,73,
SKU00009,2024-07-01,60,
SKU00009,2024-07-08,81,
SKU00009,2024-07-15,53,
SKU00009,2024-07-22,56,
SKU00009,2024-07-29,54,
SKU00009,2024-08-05,80,
SKU00009,2024-08-12,45,
SKU00009,2024-08-19,83,
SKU00009,2024-08-26,39,
SKU00009,2024-09-02,68,
SKU00009,2024-09-09,66,
SKU00009,2024-09-16,36,
SKU00009,2024-09-23,75,
SKU00009,2024-09-30,60,
SKU00009,2024-10-07,71,
SKU00009,2024-10-14,50,
SKU00009,2024-10-21,51,
SKU00009,2024-10-28,59,
SKU00009,2024-11-04,84,
SKU00009,2024-11-11,67,
SKU00009,2024-11-18,123,
SKU00009,2024-11-25,75,
SKU00009,2024-12-02,81,
SKU00009,2024-12-09,108,
SKU00009,2024-12-16,82,
SKU00009,2024-12-23,127,
SKU00009,2024-12-30,69,58.0
SKU00009,2025-01-06,37,40.0
SKU00009,2025-01-13,40,62.0
SKU00009,2025-01-20,41,41.0
SKU00009,2025-01-27,36,56.0
SKU00009,2025-02-03,35,84.0
SKU00009,2025-02-10,24,66.0
SKU00009,2025-02-17,48,29.0
SKU00009,2025-02-24,78,53.0
SKU00009,2025-03-03,33,69.0
SKU00009,2025-03-10,65,101.0
SKU00009,2025-03-17,38,39.0
SKU00009,2025-03-24,63,50.0
SKU00009,2025-03-31,39,102.0
SKU00009,2025-04-07,68,58.0
SKU00009,2025-04-14,58,61.0
SKU00009,2025-04-21,38,70.0
SKU00009,2025-04-28,55,59.0
SKU00009,2025-05-05,77,116.0
SKU00009,2025-05-12,52,74.0
SKU00009,2025-05-19,62,44.0
SKU00009,2025-05-26,61,46.0
SKU00009,2025-06-02,53,28.0
SKU00009,2025-06-09,46,55.0
SKU00009,2025-06-16,36,50.0
SKU00009,2025-06-23,51,73.0
SKU00009,2025-06-30,44,60.0
SKU00009,2025-07-07,42,81.0
SKU00009,2025-07-14,62,53.0
SKU00009,2025-07-21,44,56.0
SKU00009,2025-07-28,51,54.0
SKU00009,2025-08-04,92,80.0
SKU00009,2025-08-11,86,45.0
SKU00009,2025-08-18,70,83.0
SKU00009,2025-08-25,41,39.0
SKU00009,2025-09-01,46,68.0
SKU00009,2025-09-08,66,66.0
SKU00009,2025-09-15,43,36.0
SKU00009,2025-09-22,34,75.0
SKU00009,2025-09-29,47,60.0
SKU00009,2025-10-06,50,71.0
SKU00009,2025-10-13,53,50.0
SKU00009,2025-10-20,32,51.0
SKU00009,2025-10-27,101,59.0
SKU00009,2025-11-03,78,84.0
SKU00009,2025-11-10,76,67.0
SKU00009,2025-11-17,87,123.0
SKU00009,2025-11-24,78,75.0
SKU00009,2025-12-01,112,81.0
SKU00009,2025-12-08,87,108.0
SKU00009,2025-12-15,81,82.0
SKU00009,2025-12-22,53,127.0
SKU00009,2025-12-29,44,69.0
SKU00010,2024-01-01,59,
SKU00010,2024-01-08,57,
SKU00010,2024-01-15,56,
SKU00010,2024-01-22,44,
SKU00010,2024-01-29,44,
SKU00010,2024-02-05,50,
SKU00010,2024-02-12,63,
SKU00010,2024-02-19,45,
SKU00010,2024-02-26,68,
SKU00010,2024-03-04,37,
SKU00010,2024-03-11,49,
SKU00010,2024-03-18,67,
SKU00010,2024-03-25,48,
SKU00010,2024-04-01,42,
SKU00010,2024-04-08,107,
SKU00010,2024-04-15,75,
SKU00010,2024-04-22,26,
SKU00010,2024-04-29,35,
SKU00010,2024-05-06,86,
SKU00010,2024-05-13,69,
SKU00010,2024-05-20,82,
SKU00010,2024-05-27,51,
SKU00010,2024-06-03,56,
SKU00010,2024-06-10,48,
SKU00010,2024-06-17,72,
SKU00010,2024-06-24,40,
SKU00010,2024-07-01,53,
SKU00010,2024-07-08,37,
SKU00010,2024-07-15,47,
SKU00010,2024-07-22,50,
SKU00010,2024-07-29,56,
SKU00010,2024-08-05,29,
SKU00010,2024-08-12,39,
SKU00010,2024-08-19,80,
SKU00010,2024-08-26,35,
SKU00010,2024-09-02,26,
SKU00010,2024-09-09,48,
SKU00010,2024-09-16,79,
SKU00010,2024-09-23,75,
SKU00010,2024-09-30,43,
SKU00010,2024-10-07,52,
SKU00010,2024-10-14,71,
SKU00010,2024-10-21,95,
SKU00010,2024-10-28,70,
SKU00010,2024-11-04,76,
SKU00010,2024-11-11,76,
SKU00010,2024-11-18,94,
SKU00010,2024-11-25,98,
SKU00010,2024-12-02,75,
SKU00010,2024-12-09,83,
SKU00010,2024-12-16,107,
SKU00010,2024-12-23,76,
SKU00010,2024-12-30,80,59.0
SKU00010,2025-01-06,58,57.0
SKU00010,2025-01-13,34,56.0
SKU00010,2025-01-20,42,44.0
SKU00010,2025-01-27,53,44.0
SKU00010,2025-02-03,39,50.0
SKU00010,2025-02-10,35,63.0
SKU00010,2025-02-17,44,45.0
SKU00010,2025-02-24,26,68.0
SKU00010,2025-03-03,75,37.0
SKU00010,2025-03-10,49,49.0
SKU00010,2025-03-17,67,67.0
SKU00010,2025-03-24,32,48.0
SKU00010,2025-03-31,70,42.0
SKU00010,2025-04-07,63,107.0
SKU00010,2025-04-14,80,75.0
SKU00010,2025-04-21,59,26.0
SKU00010,2025-04-28,48,35.0
SKU00010,2025-05-05,36,86.0
SKU00010,2025-05-12,54,69.0
SKU00010,2025-05-19,42,82.0
SKU00010,2025-05-26,81,51.0
SKU00010,2025-06-02,30,56.0
SKU00010,2025-06-09,46,48.0
SKU00010,2025-06-16,32,72.0
SKU00010,2025-06-23,46,40.0
SKU00010,2025-06-30,41,53.0
SKU00010,2025-07-07,31,37.0
SKU00010,2025-07-14,76,47.0
SKU00010,2025-07-21,52,50.0
SKU00010,2025-07-28,50,56.0
SKU00010,2025-08-04,47,29.0
SKU00010,2025-08-11,27,39.0
SKU00010,2025-08-18,49,80.0
SKU00010,2025-08-25,81,35.0
SKU00010,2025-09-01,83,26.0
SKU00010,2025-09-08,39,48.0
SKU00010,2025-09-15,83,79.0
SKU00010,2025-09-22,45,75.0
SKU00010,2025-09-29,51,43.0
SKU00010,2025-10-06,57,52.0
SKU00010,2025-10-13,63,71.0
SKU00010,2025-10-20,54,95.0
SKU00010,2025-10-27,46,70.0
SKU00010,2025-11-03,79,76.0
SKU00010,2025-11-10,148,76.0
SKU00010,2025-11-17,87,94.0
SKU00010,2025-11-24,55,98.0
SKU00010,2025-12-01,93,75.0
SKU00010,2025-12-08,66,83.0
SKU00010,2025-12-15,82,107.0
SKU00010,2025-12-22,77,76.0
SKU00010,2025-12-29,35,80.0
SKU00011,2024-01-01,37,
SKU00011,2024-01-08,48,
SKU00011,2024-01-15,21,
SKU00011,2024-01-22,44,
SKU00011,2024-01-29,39,
SKU00011,2024-02-05,43,
SKU00011,2024-02-12,51,
SKU00011,2024-02-19,70,
SKU00011,2024-02-26,42,
SKU00011,2024-03-04,66,
SKU00011,2024-03-11,43,
SKU00011,2024-03-18,74,
SKU00011,2024-03-25,60,
SKU00011,2024-04-01,85,
SKU00011,2024-04-08,45,
SKU00011,2024-04-15,29,
SKU00011,2024-04-22,36,
SKU00011,2024-04-29,64,
SKU00011,2024-05-06,43,
SKU00011,2024-05-13,36,
SKU00011,2024-05-20,57,
SKU00011,2024-05-27,53,
SKU00011,2024-06-03,36,
SKU00011,2024-06-10,36,
SKU00011,2024-06-17,71,
SKU00011,2024-06-24,42,
SKU00011,2024-07-01,62,
SKU00011,2024-07-08,49,
SKU00011,2024-07-15,45,
SKU00011,2024-07-22,44,
SKU00011,2024-07-29,33,
SKU00011,2024-08-05,44,
SKU00011,2024-08-12,43,
SKU00011,2024-08-19,34,
SKU00011,2024-08-26,46,
SKU00011,2024-09-02,43,
SKU00011,2024-09-09,89,
SKU00011,2024-09-16,70,
SKU00011,2024-09-23,57,
SKU00011,2024-09-30,67,
SKU00011,2024-10-07,70,
SKU00011,2024-10-14,58,
SKU00011,2024-10-21,68,
SKU00011,2024-10-28,72,
SKU00011,2024-11-04,67,
SKU00011,2024-11-11,73,
SKU00011,2024-11-18,67,
SKU00011,2024-11-25,97,
SKU00011,2024-12-02,108,
SKU00011,2024-12-09,78,
SKU00011,2024-12-16,94,
SKU00011,2024-12-23,83,
SKU00011,2024-12-30,57,37.0
SKU00011,2025-01-06,47,48.0
SKU00011,2025-01-13,46,21.0
SKU00011,2025-01-20,43,44.0
SKU00011,2025-01-27,55,39.0
SKU00011,2025-02-03,20,43.0
SKU00011,2025-02-10,36,51.0
SKU00011,2025-02-17,29,70.0
SKU00011,2025-02-24,78,42.0
SKU00011,2025-03-03,66,66.0
SKU00011,2025-03-10,42,43.0
SKU00011,2025-03-17,69,74.0
SKU00011,2025-03-24,77,60.0
SKU00011,2025-03-31,35,85.0
SKU00011,2025-04-07,38,45.0
SKU00011,2025-04-14,31,29.0
SKU00011,2025-04-21,46,36.0
SKU00011,2025-04-28,64,64.0
SKU00011,2025-05-05,24,43.0
SKU00011,2025-05-12,53,36.0
SKU00011,2025-05-19,46,57.0
SKU00011,2025-05-26,74,53.0
SKU00011,2025-06-02,29,36.0
SKU00011,2025-06-09,54,36.0
SKU00011,2025-06-16,60,71.0
SKU00011,2025-06-23,41,42.0
SKU00011,2025-06-30,63,62.0
SKU00011,2025-07-07,44,49.0
SKU00011,2025-07-14,56,45.0
SKU00011,2025-07-21,63,44.0
SKU00011,2025-07-28,65,33.0
SKU00011,2025-08-04,55,44.0
SKU00011,2025-08-11,62,43.0
SKU00011,2025-08-18,57,34.0
SKU00011,2025-08-25,46,46.0
SKU00011,2025-09-01,64,43.0
SKU00011,2025-09-08,67,89.0
SKU00011,2025-09-15,44,70.0
SKU00011,2025-09-22,36,57.0
SKU00011,2025-09-29,106,67.0
SKU00011,2025-10-06,38,70.0
SKU00011,2025-10-13,56,58.0
SKU00011,2025-10-20,91,68.0
SKU00011,2025-10-27,86,72.0
SKU00011,2025-11-03,47,67.0
SKU00011,2025-11-10,74,73.0
SKU00011,2025-11-17,66,67.0
SKU00011,2025-11-24,75,97.0
SKU00011,2025-12-01,88,108.0
SKU00011,2025-12-08,75,78.0
SKU00011,2025-12-15,80,94.0
SKU00011,2025-12-22,64,83.0
SKU00011,2025-12-29,60,57.0
SKU00012,2024-01-01,38,
SKU00012,2024-01-08,48,
SKU00012,2024-01-15,43,
SKU00012,2024-01-22,40,
SKU00012,2024-01-29,47,
SKU00012,2024-02-05,46,
SKU00012,2024-02-12,63,
SKU00012,2024-02-19,46,
SKU00012,2024-02-26,56,
SKU00012,2024-03-04,39,
SKU00012,2024-03-11,59,
SKU00012,2024-03-18,62,
SKU00012,2024-03-25,63,
SKU00012,2024-04-01,24,
SKU00012,2024-04-08,70,
SKU00012,2024-04-15,55,
SKU00012,2024-04-22,61,
SKU00012,2024-04-29,42,
SKU00012,2024-05-06,77,
SKU00012,2024-05-13,47,
SKU00012,2024-05-20,77,
SKU00012,2024-05-27,47,
SKU00012,2024-06-03,59,
SKU00012,2024-06-10,42,
SKU00012,2024-06-17,50,
SKU00012,2024-06-24,53,
SKU00012,2024-07-01,67,
SKU00012,2024-07-08,35,
SKU00012,2024-07-15,38,
SKU00012,2024-07-22,105,
SKU00012,2024-07-29,54,
SKU00012,2024-08-05,56,
SKU00012,2024-08-12,47,
SKU00012,2024-08-19,58,
SKU00012,2024-08-26,65,
SKU00012,2024-09-02,30,
SKU00012,2024-09-09,64,
SKU00012,2024-09-16,28,
SKU00012,2024-09-23,61,
SKU00012,2024-09-30,36,
SKU00012,2024-10-07,28,
SKU00012,2024-10-14,33,
SKU00012,2024-10-21,69,
SKU00012,2024-10-28,73,
SKU00012,2024-11-04,70,
SKU00012,2024-11-11,108,
SKU00012,2024-11-18,52,
SKU00012,2024-11-25,135,
SKU00012,2024-12-02,99,
SKU00012,2024-12-09,88,
SKU00012,2024-12-16,74,
SKU00012,2024-12-23,58,
SKU00012,2024-12-30,96,38.0
SKU00012,2025-01-06,43,48.0
SKU00012,2025-01-13,60,43.0
SKU00012,2025-01-20,82,40.0
SKU00012,2025-01-27,39,47.0
SKU00012,2025-02-03,46,46.0
SKU00012,2025-02-10,40,63.0
SKU00012,2025-02-17,41,46.0
SKU00012,2025-02-24,51,56.0
SKU00012,2025-03-03,39,39.0
SKU00012,2025-03-10,65,59.0
SKU00012,2025-03-17,73,62.0
SKU00012,2025-03-24,31,63.0
SKU00012,2025-03-31,81,24.0
SKU00012,2025-04-07,46,70.0
SKU00012,2025-04-14,49,55.0
SKU00012,2025-04-21,51,61.0
SKU00012,2025-04-28,51,42.0
SKU00012,2025-05-05,53,77.0
SKU00012,2025-05-12,40,47.0
SKU00012,2025-05-19,62,77.0
SKU00012,2025-05-26,24,47.0
SKU00012,2025-06-02,46,59.0
SKU00012,2025-06-09,56,42.0
SKU00012,2025-06-16,64,50.0
SKU00012,2025-06-23,85,53.0
SKU00012,2025-06-30,38,67.0
SKU00012,2025-07-07,44,35.0
SKU00012,2025-07-14,53,38.0
SKU00012,2025-07-21,47,105.0
SKU00012,2025-07-28,116,54.0
SKU00012,2025-08-04,50,56.0
SKU00012,2025-08-11,42,47.0
SKU00012,2025-08-18,51,58.0
SKU00012,2025-08-25,56,65.0
SKU00012,2025-09-01,94,30.0
SKU00012,2025-09-08,48,64.0
SKU00012,2025-09-15,81,28.0
SKU00012,2025-09-22,54,61.0
SKU00012,2025-09-29,74,36.0
SKU00012,2025-10-06,51,28.0
SKU00012,2025-10-13,41,33.0
SKU00012,2025-10-20,54,69.0
SKU00012,2025-10-27,71,73.0
SKU00012,2025-11-03,92,70.0
SKU00012,2025-11-10,113,108.0
SKU00012,2025-11-17,98,52.0
SKU00012,2025-11-24,75,135.0
SKU00012,2025-12-01,80,99.0
SKU00012,2025-12-08,76,88.0
SKU00012,2025-12-15,74,74.0
SKU00012,2025-12-22,91,58.0
SKU00012,2025-12-29,9,96.0
SKU00013,2024-01-01,60,
SKU00013,2024-01-08,47,
SKU00013,2024-01-15,60,
SKU00013,2024-01-22,62,
SKU00013,2024-01-29,59,
SKU00013,2024-02-05,59,
SKU00013,2024-02-12,51,
SKU00013,2024-02-19,25,
SKU00013,2024-02-26,38,
SKU00013,2024-03-04,40,
SKU00013,2024-03-11,43,
SKU00013,2024-03-18,41,
SKU00013,2024-03-25,77,
SKU00013,2024-04-01,88,
SKU00013,2024-04-08,28,
SKU00013,2024-04-15,64,
SKU00013,2024-04-22,57,
SKU00013,2024-04-29,65,
SKU00013,2024-05-06,60,
SKU00013,2024-05-13,83,
SKU00013,2024-05-20,37,
SKU00013,2024-05-27,99,
SKU00013,2024-06-03,52,
SKU00013,2024-06-10,49,
SKU00013,2024-06-17,41,
SKU00013,2024-06-24,55,
SKU00013,2024-07-01,79,
SKU00013,2024-07-08,26,
SKU00013,2024-07-15,44,
SKU00013,2024-07-22,47,
SKU00013,2024-07-29,40,
SKU00013,2024-08-05,30,
SKU00013,2024-08-12,71,
SKU00013,2024-08-19,48,
SKU00013,2024-08-26,68,
SKU00013,2024-09-02,46,
SKU00013,2024-09-09,67,
SKU00013,2024-09-16,51,
SKU00013,2024-09-23,55,
SKU00013,2024-09-30,37,
SKU00013,2024-10-07,44,
SKU00013,2024-10-14,50,
SKU00013,2024-10-21,49,
SKU00013,2024-10-28,90,
SKU00013,2024-11-04,85,
SKU00013,2024-11-11,66,
SKU00013,2024-11-18,51,
SKU00013,2024-11-25,89,
SKU00013,2024-12-02,60,
SKU00013,2024-12-09,85,
SKU00013,2024-12-16,83,
SKU00013,2024-12-23,73,
SKU00013,2024-12-30,50,60.0
SKU00013,2025-01-06,78,47.0
SKU00013,2025-01-13,28,60.0
SKU00013,2025-01-20,64,62.0
SKU00013,2025-01-27,43,59.0
SKU00013,2025-02-03,18,59.0
SKU00013,2025-02-10,73,51.0
SKU00013,2025-02-17,32,25.0
SKU00013,2025-02-24,52,38.0
SKU00013,2025-03-03,71,40.0
SKU00013,2025-03-10,62,43.0
SKU00013,2025-03-17,18,41.0
SKU00013,2025-03-24,54,77.0
SKU00013,2025-03-31,63,88.0
SKU00013,2025-04-07,45,28.0
SKU00013,2025-04-14,85,64.0
SKU00013,2025-04-21,63,57.0
SKU00013,2025-04-28,27,65.0
SKU00013,2025-05-05,33,60.0
SKU00013,2025-05-12,75,83.0
SKU00013,2025-05-19,42,37.0
SKU00013,2025-05-26,22,99.0
SKU00013,2025-06-02,58,52.0
SKU00013,2025-06-09,63,49.0
SKU00013,2025-06-16,42,41.0
SKU00013,2025-06-23,77,55.0
SKU00013,2025-06-30,42,79.0
SKU00013,2025-07-07,72,26.0
SKU00013,2025-07-14,40,44.0
SKU00013,2025-07-21,76,47.0
SKU00013,2025-07-28,20,40.0
SKU00013,2025-08-04,59,30.0
SKU00013,2025-08-11,37,71.0
SKU00013,2025-08-18,48,48.0
SKU00013,2025-08-25,79,68.0
SKU00013,2025-09-01,57,46.0
SKU00013,2025-09-08,38,67.0
SKU00013,2025-09-15,45,51.0
SKU00013,2025-09-22,44,55.0
SKU00013,2025-09-29,81,37.0
SKU00013,2025-10-06,89,44.0
SKU00013,2025-10-13,48,50.0
SKU00013,2025-10-20,48,49.0
SKU00013,2025-10-27,84,90.0
SKU00013,2025-11-03,99,85.0
SKU00013,2025-11-10,84,66.0
SKU00013,2025-11-17,75,51.0
SKU00013,2025-11-24,89,89.0
SKU00013,2025-12-01,81,60.0
SKU00013,2025-12-08,99,85.0
SKU00013,2025-12-15,93,83.0
SKU00013,2025-12-22,101,73.0
SKU00013,2025-12-29,26,50.0
SKU00014,2024-01-01,56,
SKU00014,2024-01-08,41,
SKU00014,2024-01-15,35,
SKU00014,2024-01-22,56,
SKU00014,2024-01-29,34,
SKU00014,2024-02-05,80,
SKU00014,2024-02-12,23,
SKU00014,2024-02-19,62,
SKU00014,2024-02-26,51,
SKU00014,2024-03-04,67,
SKU00014,2024-03-11,43,
SKU00014,2024-03-18,47,
SKU00014,2024-03-25,68,
SKU00014,2024-04-01,51,
SKU00014,2024-04-08,59,
SKU00014,2024-04-15,50,
SKU00014,2024-04-22,82,
SKU00014,2024-04-29,60,
SKU00014,2024-05-06,46,
SKU00014,2024-05-13,59,
SKU00014,2024-05-20,56,
SKU00014,2024-05-27,24,
SKU00014,2024-06-03,68,
SKU00014,2024-06-10,35,
SKU00014,2024-06-17,50,
SKU00014,2024-06-24,38,
SKU00014,2024-07-01,44,
SKU00014,2024-07-08,41,
SKU00014,2024-07-15,75,
SKU00014,2024-07-22,62,
SKU00014,2024-07-29,44,
SKU00014,2024-08-05,60,
SKU00014,2024-08-12,28,
SKU00014,2024-08-19,65,
SKU00014,2024-08-26,73,
SKU00014,2024-09-02,39,
SKU00014,2024-09-09,64,
SKU00014,2024-09-16,27,
SKU00014,2024-09-23,38,
SKU00014,2024-09-30,74,
SKU00014,2024-10-07,51,
SKU00014,2024-10-14,43,
SKU00014,2024-10-21,52,
SKU00014,2024-10-28,62,
SKU00014,2024-11-04,97,
SKU00014,2024-11-11,121,
SKU00014,2024-11-18,113,
SKU00014,2024-11-25,100,
SKU00014,2024-12-02,104,
SKU00014,2024-12-09,78,
SKU00014,2024-12-16,100,
SKU00014,2024-12-23,95,
SKU00014,2024-12-30,55,56.0
SKU00014,2025-01-06,57,41.0
SKU00014,2025-01-13,50,35.0
SKU00014,2025-01-20,46,56.0
SKU00014,2025-01-27,63,34.0
SKU00014,2025-02-03,44,80.0
SKU00014,2025-02-10,47,23.0
SKU00014,2025-02-17,50,62.0
SKU00014,2025-02-24,56,51.0
SKU00014,2025-03-03,47,67.0
SKU00014,2025-03-10,62,43.0
SKU00014,2025-03-17,49,47.0
SKU00014,2025-03-24,46,68.0
SKU00014,2025-03-31,45,51.0
SKU00014,2025-04-07,65,59.0
SKU00014,2025-04-14,40,50.0
SKU00014,2025-04-21,52,82.0
SKU00014,2025-04-28,42,60.0
SKU00014,2025-05-05,93,46.0
SKU00014,2025-05-12,60,59.0
SKU00014,2025-05-19,54,56.0
SKU00014,2025-05-26,85,24.0
SKU00014,2025-06-02,79,68.0
SKU00014,2025-06-09,53,35.0
SKU00014,2025-06-16,66,50.0
SKU00014,2025-06-23,74,38.0
SKU00014,2025-06-30,44,44.0
SKU00014,2025-07-07,66,41.0
SKU00014,2025-07-14,66,75.0
SKU00014,2025-07-21,59,62.0
SKU00014,2025-07-28,84,44.0
SKU00014,2025-08-04,37,60.0
SKU00014,2025-08-11,54,28.0
SKU00014,2025-08-18,46,65.0
SKU00014,2025-08-25,68,73.0
SKU00014,2025-09-01,59,39.0
SKU00014,2025-09-08,59,64.0
SKU00014,2025-09-15,30,27.0
SKU00014,2025-09-22,44,38.0
SKU00014,2025-09-29,54,74.0
SKU00014,2025-10-06,64,51.0
SKU00014,2025-10-13,43,43.0
SKU00014,2025-10-20,64,52.0
SKU00014,2025-10-27,75,62.0
SKU00014,2025-11-03,86,97.0
SKU00014,2025-11-10,65,121.0
SKU00014,2025-11-17,100,113.0
SKU00014,2025-11-24,64,100.0
SKU00014,2025-12-01,102,104.0
SKU00014,2025-12-08,64,78.0
SKU00014,2025-12-15,78,100.0
SKU00014,2025-12-22,81,95.0
SKU00014,2025-12-29,40,55.0
SKU00015,2024-01-01,57,
SKU00015,2024-01-08,86,
SKU00015,2024-01-15,33,
SKU00015,2024-01-22,50,
SKU00015,2024-01-29,25,
SKU00015,2024-02-05,43,
SKU00015,2024-02-12,52,
SKU00015,2024-02-19,61,
SKU00015,2024-02-26,46,
SKU00015,2024-03-04,65,
SKU00015,2024-03-11,54,
SKU00015,2024-03-18,56,
SKU00015,2024-03-25,60,
SKU00015,2024-04-01,53,
SKU00015,2024-04-08,37,
SKU00015,2024-04-15,52,
SKU00015,2024-04-22,36,
SKU00015,2024-04-29,49,
SKU00015,2024-05-06,35,
SKU00015,2024-05-13,30,
SKU00015,2024-05-20,71,
SKU00015,2024-05-27,59,
SKU00015,2024-06-03,53,
SKU00015,2024-06-10,57,
SKU00015,2024-06-17,89,
SKU00015,2024-06-24,45,
SKU00015,2024-07-01,33,
SKU00015,2024-07-08,68,
SKU00015,2024-07-15,82,
SKU00015,2024-07-22,25,
SKU00015,2024-07-29,70,
SKU00015,2024-08-05,41,
SKU00015,2024-08-12,43,
SKU00015,2024-08-19,65,
SKU00015,2024-08-26,53,
SKU00015,2024-09-02,71,
SKU00015,2024-09-09,58,
SKU00015,2024-09-16,52,
SKU00015,2024-09-23,38,
SKU00015,2024-09-30,47,
SKU00015,2024-10-07,41,
SKU00015,2024-10-14,63,
SKU00015,2024-10-21,59,
SKU00015,2024-10-28,82,
SKU00015,2024-11-04,90,
SKU00015,2024-11-11,103,
SKU00015,2024-11-18,96,
SKU00015,2024-11-25,66,
SKU00015,2024-12-02,65,
SKU00015,2024-12-09,79,
SKU00015,2024-12-16,82,
SKU00015,2024-12-23,93,
SKU00015,2024-12-30,60,57.0
SKU00015,2025-01-06,59,86.0
SKU00015,2025-01-13,52,33.0
SKU00015,2025-01-20,78,50.0
SKU00015,2025-01-27,46,25.0
SKU00015,2025-02-03,22,43.0
SKU00015,2025-02-10,50,52.0
SKU00015,2025-02-17,23,61.0
SKU00015,2025-02-24,33,46.0
SKU00015,2025-03-03,63,65.0
SKU00015,2025-03-10,50,54.0
SKU00015,2025-03-17,39,56.0
SKU00015,2025-03-24,58,60.0
SKU00015,2025-03-31,44,53.0
SKU00015,2025-04-07,48,37.0
SKU00015,2025-04-14,49,52.0
SKU00015,2025-04-21,82,36.0
SKU00015,2025-04-28,67,49.0
SKU00015,2025-05-05,87,35.0
SKU00015,2025-05-12,56,30.0
SKU00015,2025-05-19,62,71.0
SKU00015,2025-05-26,60,59.0
SKU00015,2025-06-02,33,53.0
SKU00015,2025-06-09,36,57.0
SKU00015,2025-06-16,53,89.0
SKU00015,2025-06-23,52,45.0
SKU00015,2025-06-30,75,33.0
SKU00015,2025-07-07,25,68.0
SKU00015,2025-07-14,61,82.0
SKU00015,2025-07-21,66,25.0
SKU00015,2025-07-28,45,70.0
SKU00015,2025-08-04,78,41.0
SKU00015,2025-08-11,41,43.0
SKU00015,2025-08-18,33,65.0
SKU00015,2025-08-25,48,53.0
SKU00015,2025-09-01,74,71.0
SKU00015,2025-09-08,51,58.0
SKU00015,2025-09-15,53,52.0
SKU00015,2025-09-22,50,38.0
SKU00015,2025-09-29,42,47.0
SKU00015,2025-10-06,74,41.0
SKU00015,2025-10-13,47,63.0
SKU00015,2025-10-20,37,59.0
SKU00015,2025-10-27,56,82.0
SKU00015,2025-11-03,65,90.0
SKU00015,2025-11-10,86,103.0
SKU00015,2025-11-17,102,96.0
SKU00015,2025-11-24,86,66.0
SKU00015,2025-12-01,86,65.0
SKU00015,2025-12-08,118,79.0
SKU00015,2025-12-15,102,82.0
SKU00015,2025-12-22,109,93.0
SKU00015,2025-12-29,41,60.0
SKU00016,2024-01-01,47,
SKU00016,2024-01-08,37,
SKU00016,2024-01-15,30,
SKU00016,2024-01-22,64,
SKU00016,2024-01-29,46,
SKU00016,2024-02-05,44,
SKU00016,2024-02-12,53,
SKU00016,2024-02-19,79,
SKU00016,2024-02-26,41,
SKU00016,2024-03-04,50,
SKU00016,2024-03-11,64,
SKU00016,2024-03-18,55,
SKU00016,2024-03-25,59,
SKU00016,2024-04-01,49,
SKU00016,2024-04-08,72,
SKU00016,2024-04-15,56,
SKU00016,2024-04-22,50,
SKU00016,2024-04-29,61,
SKU00016,2024-05-06,40,
SKU00016,2024-05-13,45,
SKU00016,2024-05-20,59,
SKU00016,2024-05-27,68,
SKU00016,2024-06-03,49,
SKU00016,2024-06-10,35,
SKU00016,2024-06-17,58,
SKU00016,2024-06-24,59,
SKU00016,2024-07-01,50,
SKU00016,2024-07-08,52,
SKU00016,2024-07-15,64,
SKU00016,2024-07-22,49,
SKU00016,2024-07-29,47,
SKU00016,2024-08-05,31,
SKU00016,2024-08-12,40,
SKU00016,2024-08-19,56,
SKU00016,2024-08-26,58,
SKU00016,2024-09-02,46,
SKU00016,2024-09-09,50,
SKU00016,2024-09-16,43,
SKU00016,2024-09-23,52,
SKU00016,2024-09-30,61,
SKU00016,2024-10-07,32,
SKU00016,2024-10-14,35,
SKU00016,2024-10-21,32,
SKU00016,2024-10-28,45,
SKU00016,2024-11-04,112,
SKU00016,2024-11-11,95,
SKU00016,2024-11-18,91,
SKU00016,2024-11-25,93,
SKU00016,2024-12-02,81,
SKU00016,2024-12-09,101,
SKU00016,2024-12-16,109,
SKU00016,2024-12-23,97,
SKU00016,2024-12-30,91,47.0
SKU00016,2025-01-06,67,37.0
SKU00016,2025-01-13,29,30.0
SKU00016,2025-01-20,42,64.0
SKU00016,2025-01-27,34,46.0
SKU00016,2025-02-03,35,44.0
SKU00016,2025-02-10,51,53.0
SKU00016,2025-02-17,40,79.0
SKU00016,2025-02-24,69,41.0
SKU00016,2025-03-03,35,50.0
SKU00016,2025-03-10,26,64.0
SKU00016,2025-03-17,29,55.0
SKU00016,2025-03-24,55,59.0
SKU00016,2025-03-31,52,49.0
SKU00016,2025-04-07,64,72.0
SKU00016,2025-04-14,30,56.0
SKU00016,2025-04-21,65,50.0
SKU00016,2025-04-28,30,61.0
SKU00016,2025-05-05,47,40.0
SKU00016,2025-05-12,64,45.0
SKU00016,2025-05-19,31,59.0
SKU00016,2025-05-26,80,68.0
SKU00016,2025-06-02,62,49.0
SKU00016,2025-06-09,58,35.0
SKU00016,2025-06-16,47,58.0
SKU00016,2025-06-23,52,59.0
SKU00016,2025-06-30,56,50.0
SKU00016,2025-07-07,73,52.0
SKU00016,2025-07-14,28,64.0
SKU00016,2025-07-21,73,49.0
SKU00016,2025-07-28,66,47.0
SKU00016,2025-08-04,44,31.0
SKU00016,2025-08-11,68,40.0
SKU00016,2025-08-18,49,56.0
SKU00016,2025-08-25,27,58.0
SKU00016,2025-09-01,36,46.0
SKU00016,2025-09-08,42,50.0
SKU00016,2025-09-15,25,43.0
SKU00016,2025-09-22,47,52.0
SKU00016,2025-09-29,51,61.0
SKU00016,2025-10-06,38,32.0
SKU00016,2025-10-13,66,35.0
SKU00016,2025-10-20,62,32.0
SKU00016,2025-10-27,90,45.0
SKU00016,2025-11-03,123,112.0
SKU00016,2025-11-10,103,95.0
SKU00016,2025-11-17,88,91.0
SKU00016,2025-11-24,119,93.0
SKU00016,2025-12-01,107,81.0
SKU00016,2025-12-08,72,101.0
SKU00016,2025-12-15,105,109.0
SKU00016,2025-12-22,99,97.0
SKU00016,2025-12-29,43,91.0
SKU00017,2024-01-01,34,
SKU00017,2024-01-08,47,
SKU00017,2024-01-15,78,
SKU00017,2024-01-22,44,
SKU00017,2024-01-29,21,
SKU00017,2024-02-05,12,
SKU00017,2024-02-12,61,
SKU00017,2024-02-19,42,
SKU00017,2024-02-26,55,
SKU00017,2024-03-04,27,
SKU00017,2024-03-11,79,
SKU00017,2024-03-18,58,
SKU00017,2024-03-25,63,
SKU00017,2024-04-01,92,
SKU00017,2024-04-08,84,
SKU00017,2024-04-15,60,
SKU00017,2024-04-22,53,
SKU00017,2024-04-29,32,
SKU00017,2024-05-06,40,
SKU00017,2024-05-13,64,
SKU00017,2024-05-20,32,
SKU00017,2024-05-27,54,
SKU00017,2024-06-03,59,
SKU00017,2024-06-10,69,
SKU00017,2024-06-17,82,
SKU00017,2024-06-24,46,
SKU00017,2024-07-01,53,
SKU00017,2024-07-08,33,
SKU00017,2024-07-15,76,
SKU00017,2024-07-22,60,
SKU00017,2024-07-29,103,
SKU00017,2024-08-05,68,
SKU00017,2024-08-12,55,
SKU00017,2024-08-19,58,
SKU00017,2024-08-26,38,
SKU00017,2024-09-02,42,
SKU00017,2024-09-09,51,
SKU00017,2024-09-16,55,
SKU00017,2024-09-23,54,
SKU00017,2024-09-30,55,
SKU00017,2024-10-07,45,
SKU00017,2024-10-14,39,
SKU00017,2024-10-21,94,
SKU00017,2024-10-28,90,
SKU00017,2024-11-04,74,
SKU00017,2024-11-11,125,
SKU00017,2024-11-18,80,
SKU00017,2024-11-25,86,
SKU00017,2024-12-02,69,
SKU00017,2024-12-09,94,
SKU00017,2024-12-16,86,
SKU00017,2024-12-23,106,
SKU00017,2024-12-30,54,34.0
SKU00017,2025-01-06,48,47.0
SKU00017,2025-01-13,58,78.0
SKU00017,2025-01-20,45,44.0
SKU00017,2025-01-27,30,21.0
SKU00017,2025-02-03,41,12.0
SKU00017,2025-02-10,29,61.0
SKU00017,2025-02-17,30,42.0
SKU00017,2025-02-24,73,55.0
SKU00017,2025-03-03,45,27.0
SKU00017,2025-03-10,70,79.0
SKU00017,2025-03-17,51,58.0
SKU00017,2025-03-24,79,63.0
SKU00017,2025-03-31,54,92.0
SKU00017,2025-04-07,33,84.0
SKU00017,2025-04-14,50,60.0
SKU00017,2025-04-21,44,53.0
SKU00017,2025-04-28,37,32.0
SKU00017,2025-05-05,61,40.0
SKU00017,2025-05-12,65,64.0
SKU00017,2025-05-19,45,32.0
SKU00017,2025-05-26,69,54.0
SKU00017,2025-06-02,53,59.0
SKU00017,2025-06-09,64,69.0
SKU00017,2025-06-16,63,82.0
SKU00017,2025-06-23,62,46.0
SKU00017,2025-06-30,46,53.0
SKU00017,2025-07-07,62,33.0
SKU00017,2025-07-14,67,76.0
SKU00017,2025-07-21,90,60.0
SKU00017,2025-07-28,55,103.0
SKU00017,2025-08-04,37,68.0
SKU00017,2025-08-11,84,55.0
SKU00017,2025-08-18,51,58.0
SKU00017,2025-08-25,47,38.0
SKU00017,2025-09-01,55,42.0
SKU00017,2025-09-08,68,51.0
SKU00017,2025-09-15,82,55.0
SKU00017,2025-09-22,55,54.0
SKU00017,2025-09-29,74,55.0
SKU00017,2025-10-06,61,45.0
SKU00017,2025-10-13,42,39.0
SKU00017,2025-10-20,49,94.0
SKU00017,2025-10-27,32,90.0
SKU00017,2025-11-03,74,74.0
SKU00017,2025-11-10,57,125.0
SKU00017,2025-11-17,79,80.0
SKU00017,2025-11-24,91,86.0
SKU00017,2025-12-01,102,69.0
SKU00017,2025-12-08,91,94.0
SKU00017,2025-12-15,91,86.0
SKU00017,2025-12-22,85,106.0
SKU00017,2025-12-29,38,54.0
SKU00018,2024-01-01,59,
SKU00018,2024-01-08,25,
SKU00018,2024-01-15,30,
SKU00018,2024-01-22,49,
SKU00018,2024-01-29,33,
SKU00018,2024-02-05,55,
SKU00018,2024-02-12,63,
SKU00018,2024-02-19,45,
SKU00018,2024-02-26,52,
SKU00018,2024-03-04,59,
SKU00018,2024-03-11,84,
SKU00018,2024-03-18,59,
SKU00018,2024-03-25,30,
SKU00018,2024-04-01,72,
SKU00018,2024-04-08,55,
SKU00018,2024-04-15,103,
SKU00018,2024-04-22,50,
SKU00018,2024-04-29,41,
SKU00018,2024-05-06,54,
SKU00018,2024-05-13,20,
SKU00018,2024-05-20,54,
SKU00018,2024-05-27,51,
SKU00018,2024-06-03,37,
SKU00018,2024-06-10,57,
SKU00018,2024-06-17,51,
SKU00018,2024-06-24,34,
SKU00018,2024-07-01,45,
SKU00018,2024-07-08,59,
SKU00018,2024-07-15,90,
SKU00018,2024-07-22,52,
SKU00018,2024-07-29,44,
SKU00018,2024-08-05,39,
SKU00018,2024-08-12,34,
SKU00018,2024-08-19,50,
SKU00018,2024-08-26,61,
SKU00018,2024-09-02,51,
SKU00018,2024-09-09,38,
SKU00018,2024-09-16,69,
SKU00018,2024-09-23,45,
SKU00018,2024-09-30,105,
SKU00018,2024-10-07,46,
SKU00018,2024-10-14,82,
SKU00018,2024-10-21,69,
SKU00018,2024-10-28,72,
SKU00018,2024-11-04,96,
SKU00018,2024-11-11,71,
SKU00018,2024-11-18,89,
SKU00018,2024-11-25,117,
SKU00018,2024-12-02,99,
SKU00018,2024-12-09,78,
SKU00018,2024-12-16,106,
SKU00018,2024-12-23,78,
SKU00018,2024-12-30,46,59.0
SKU00018,2025-01-06,62,25.0
SKU00018,2025-01-13,51,30.0
SKU00018,2025-01-20,56,49.0
SKU00018,2025-01-27,54,33.0
SKU00018,2025-02-03,47,55.0
SKU00018,2025-02-10,45,63.0
SKU00018,2025-02-17,53,45.0
SKU00018,2025-02-24,44,52.0
SKU00018,2025-03-03,57,59.0
SKU00018,2025-03-10,33,84.0
SKU00018,2025-03-17,73,59.0
SKU00018,2025-03-24,57,30.0
SKU00018,2025-03-31,34,72.0
SKU00018,2025-04-07,46,55.0
SKU00018,2025-04-14,58,103.0
SKU00018,2025-04-21,67,50.0
SKU00018,2025-04-28,72,41.0
SKU00018,2025-05-05,53,54.0
SKU00018,2025-05-12,54,20.0
SKU00018,2025-05-19,91,54.0
SKU00018,2025-05-26,57,51.0
SKU00018,2025-06-02,71,37.0
SKU00018,2025-06-09,76,57.0
SKU00018,2025-06-16,39,51.0
SKU00018,2025-06-23,42,34.0
SKU00018,2025-06-30,51,45.0
SKU00018,2025-07-07,54,59.0
SKU00018,2025-07-14,60,90.0
SKU00018,2025-07-21,62,52.0
SKU00018,2025-07-28,61,44.0
SKU00018,2025-08-04,42,39.0
SKU00018,2025-08-11,54,34.0
SKU00018,2025-08-18,95,50.0
SKU00018,2025-08-25,40,61.0
SKU00018,2025-09-01,24,51.0
SKU00018,2025-09-08,59,38.0
SKU00018,2025-09-15,64,69.0
SKU00018,2025-09-22,41,45.0
SKU00018,2025-09-29,67,105.0
SKU00018,2025-10-06,48,46.0
SKU00018,2025-10-13,45,82.0
SKU00018,2025-10-20,28,69.0
SKU00018,2025-10-27,88,72.0
SKU00018,2025-11-03,51,96.0
SKU00018,2025-11-10,108,71.0
SKU00018,2025-11-17,68,89.0
SKU00018,2025-11-24,91,117.0
SKU00018,2025-12-01,92,99.0
SKU00018,2025-12-08,46,78.0
SKU00018,2025-12-15,60,106.0
SKU00018,2025-12-22,69,78.0
SKU00018,2025-12-29,36,46.0
SKU00019,2024-01-01,45,
SKU00019,2024-01-08,43,
SKU00019,2024-01-15,49,
SKU00019,2024-01-22,55,
SKU00019,2024-01-29,53,
SKU00019,2024-02-05,35,
SKU00019,2024-02-12,41,
SKU00019,2024-02-19,49,
SKU00019,2024-02-26,49,
SKU00019,2024-03-04,58,
SKU00019,2024-03-11,62,
SKU00019,2024-03-18,50,
SKU00019,2024-03-25,28,
SKU00019,2024-04-01,45,
SKU00019,2024-04-08,76,
SKU00019,2024-04-15,56,
SKU00019,2024-04-22,49,
SKU00019,2024-04-29,45,
SKU00019,2024-05-06,51,
SKU00019,2024-05-13,73,
SKU00019,2024-05-20,58,
SKU00019,2024-05-27,67,
SKU00019,2024-06-03,55,
SKU00019,2024-06-10,46,
SKU00019,2024-06-17,60,
SKU00019,2024-06-24,75,
SKU00019,2024-07-01,48,
SKU00019,2024-07-08,61,
SKU00019,2024-07-15,54,
SKU00019,2024-07-22,52,
SKU00019,2024-07-29,54,
SKU00019,2024-08-05,70,
SKU00019,2024-08-12,68,
SKU00019,2024-08-19,46,
SKU00019,2024-08-26,48,
SKU00019,2024-09-02,86,
SKU00019,2024-09-09,23,
SKU00019,2024-09-16,66,
SKU00019,2024-09-23,73,
SKU00019,2024-09-30,44,
SKU00019,2024-10-07,77,
SKU00019,2024-10-14,51,
SKU00019,2024-10-21,41,
SKU00019,2024-10-28,42,
SKU00019,2024-11-04,97,
SKU00019,2024-11-11,104,
SKU00019,2024-11-18,95,
SKU00019,2024-11-25,84,
SKU00019,2024-12-02,96,
SKU00019,2024-12-09,109,
SKU00019,2024-12-16,70,
SKU00019,2024-12-23,110,
SKU00019,2024-12-30,60,45.0
SKU00019,2025-01-06,48,43.0
SKU00019,2025-01-13,52,49.0
SKU00019,2025-01-20,50,55.0
SKU00019,2025-01-27,44,53.0
SKU00019,2025-02-03,67,35.0
SKU00019,2025-02-10,43,41.0
SKU00019,2025-02-17,58,49.0
SKU00019,2025-02-24,54,49.0
SKU00019,2025-03-03,33,58.0
SKU00019,2025-03-10,50,62.0
SKU00019,2025-03-17,37,50.0
SKU00019,2025-03-24,73,28.0
SKU00019,2025-03-31,59,45.0
SKU00019,2025-04-07,42,76.0
SKU00019,2025-04-14,38,56.0
SKU00019,2025-04-21,63,49.0
SKU00019,2025-04-28,25,45.0
SKU00019,2025-05-05,63,51.0
SKU00019,2025-05-12,44,73.0
SKU00019,2025-05-19,49,58.0
SKU00019,2025-05-26,49,67.0
SKU00019,2025-06-02,40,55.0
SKU00019,2025-06-09,73,46.0
SKU00019,2025-06-16,40,60.0
SKU00019,2025-06-23,45,75.0
SKU00019,2025-06-30,42,48.0
SKU00019,2025-07-07,46,61.0
SKU00019,2025-07-14,39,54.0
SKU00019,2025-07-21,61,52.0
SKU00019,2025-07-28,50,54.0
SKU00019,2025-08-04,60,70.0
SKU00019,2025-08-11,36,68.0
SKU00019,2025-08-18,53,46.0
SKU00019,2025-08-25,65,48.0
SKU00019,2025-09-01,46,86.0
SKU00019,2025-09-08,50,23.0
SKU00019,2025-09-15,43,66.0
SKU00019,2025-09-22,58,73.0
SKU00019,2025-09-29,38,44.0
SKU00019,2025-10-06,56,77.0
SKU00019,2025-10-13,53,51.0
SKU00019,2025-10-20,47,41.0
SKU00019,2025-10-27,42,42.0
SKU00019,2025-11-03,66,97.0
SKU00019,2025-11-10,75,104.0
SKU00019,2025-11-17,98,95.0
SKU00019,2025-11-24,76,84.0
SKU00019,2025-12-01,100,96.0
SKU00019,2025-12-08,72,109.0
SKU00019,2025-12-15,100,70.0
SKU00019,2025-12-22,123,110.0
SKU00019,2025-12-29,36,60.0
SKU00020,2024-01-01,53,
SKU00020,2024-01-08,66,
SKU00020,2024-01-15,34,
SKU00020,2024-01-22,51,
SKU00020,2024-01-29,76,
SKU00020,2024-02-05,46,
SKU00020,2024-02-12,12,
SKU00020,2024-02-19,47,
SKU00020,2024-02-26,52,
SKU00020,2024-03-04,51,
SKU00020,2024-03-11,68,
SKU00020,2024-03-18,79,
SKU00020,2024-03-25,89,
SKU00020,2024-04-01,71,
SKU00020,2024-04-08,60,
SKU00020,2024-04-15,50,
SKU00020,2024-04-22,52,
SKU00020,2024-04-29,48,
SKU00020,2024-05-06,26,
SKU00020,2024-05-13,72,
SKU00020,2024-05-20,64,
SKU00020,2024-05-27,64,
SKU00020,2024-06-03,55,
SKU00020,2024-06-10,73,
SKU00020,2024-06-17,49,
SKU00020,2024-06-24,46,
SKU00020,2024-07-01,36,
SKU00020,2024-07-08,44,
SKU00020,2024-07-15,37,
SKU00020,2024-07-22,60,
SKU00020,2024-07-29,45,
SKU00020,2024-08-05,60,
SKU00020,2024-08-12,38,
SKU00020,2024-08-19,46,
SKU00020,2024-08-26,73,
SKU00020,2024-09-02,46,
SKU00020,2024-09-09,41,
SKU00020,2024-09-16,44,
SKU00020,2024-09-23,53,
SKU00020,2024-09-30,41,
SKU00020,2024-10-07,77,
SKU00020,2024-10-14,27,
SKU00020,2024-10-21,104,
SKU00020,2024-10-28,61,
SKU00020,2024-11-04,57,
SKU00020,2024-11-11,51,
SKU00020,2024-11-18,84,
SKU00020,2024-11-25,100,
SKU00020,2024-12-02,88,
SKU00020,2024-12-09,95,
SKU00020,2024-12-16,70,
SKU00020,2024-12-23,52,
SKU00020,2024-12-30,49,53.0
SKU00020,2025-01-06,34,66.0
SKU00020,2025-01-13,37,34.0
SKU00020,2025-01-20,34,51.0
SKU00020,2025-01-27,49,76.0
SKU00020,2025-02-03,43,46.0
SKU00020,2025-02-10,51,12.0
SKU00020,2025-02-17,52,47.0
SKU00020,2025-02-24,23,52.0
SKU00020,2025-03-03,56,51.0
SKU00020,2025-03-10,32,68.0
SKU00020,2025-03-17,60,79.0
SKU00020,2025-03-24,31,89.0
SKU00020,2025-03-31,32,71.0
SKU00020,2025-04-07,78,60.0
SKU00020,2025-04-14,56,50.0
SKU00020,2025-04-21,44,52.0
SKU00020,2025-04-28,40,48.0
SKU00020,2025-05-05,47,26.0
SKU00020,2025-05-12,42,72.0
SKU00020,2025-05-19,29,64.0
SKU00020,2025-05-26,59,64.0
SKU00020,2025-06-02,54,55.0
SKU00020,2025-06-09,73,73.0
SKU00020,2025-06-16,37,49.0
SKU00020,2025-06-23,69,46.0
SKU00020,2025-06-30,46,36.0
SKU00020,2025-07-07,33,44.0
SKU00020,2025-07-14,47,37.0
SKU00020,2025-07-21,47,60.0
SKU00020,2025-07-28,43,45.0
SKU00020,2025-08-04,92,60.0
SKU00020,2025-08-11,38,38.0
SKU00020,2025-08-18,46,46.0
SKU00020,2025-08-25,49,73.0
SKU00020,2025-09-01,88,46.0
SKU00020,2025-09-08,45,41.0
SKU00020,2025-09-15,80,44.0
SKU00020,2025-09-22,64,53.0
SKU00020,2025-09-29,22,41.0
SKU00020,2025-10-06,61,77.0
SKU00020,2025-10-13,51,27.0
SKU00020,2025-10-20,58,104.0
SKU00020,2025-10-27,60,61.0
SKU00020,2025-11-03,81,57.0
SKU00020,2025-11-10,88,51.0
SKU00020,2025-11-17,94,84.0
SKU00020,2025-11-24,90,100.0
SKU00020,2025-12-01,78,88.0
SKU00020,2025-12-08,98,95.0
SKU00020,2025-12-15,69,70.0
SKU00020,2025-12-22,145,52.0
SKU00020,2025-12-29,45,49.0
SKU00021,2024-01-01,87,
SKU00021,2024-01-08,68,
SKU00021,2024-01-15,30,
SKU00021,2024-01-22,72,
SKU00021,2024-01-29,50,
SKU00021,2024-02-05,30,
SKU00021,2024-02-12,21,
SKU00021,2024-02-19,41,
SKU00021,2024-02-26,34,
SKU00021,2024-03-04,63,
SKU00021,2024-03-11,43,
SKU00021,2024-03-18,105,
SKU00021,2024-03-25,88,
SKU00021,2024-04-01,44,
SKU00021,2024-04-08,65,
SKU00021,2024-04-15,47,
SKU00021,2024-04-22,84,
SKU00021,2024-04-29,54,
SKU00021,2024-05-06,28,
SKU00021,2024-05-13,53,
SKU00021,2024-05-20,48,
SKU00021,2024-05-27,77,
SKU00021,2024-06-03,90,
SKU00021,2024-06-10,68,
SKU00021,2024-06-17,61,
SKU00021,2024-06-24,47,
SKU00021,2024-07-01,65,
SKU00021,2024-07-08,44,
SKU00021,2024-07-15,40,
SKU00021,2024-07-22,72,
SKU00021,2024-07-29,52,
SKU00021,2024-08-05,52,
SKU00021,2024-08-12,86,
SKU00021,2024-08-19,39,
SKU00021,2024-08-26,62,
SKU00021,2024-09-02,55,
SKU00021,2024-09-09,55,
SKU00021,2024-09-16,72,
SKU00021,2024-09-23,50,
SKU00021,2024-09-30,61,
SKU00021,2024-10-07,46,
SKU00021,2024-10-14,27,
SKU00021,2024-10-21,53,
SKU00021,2024-10-28,64,
SKU00021,2024-11-04,91,
SKU00021,2024-11-11,64,
SKU00021,2024-11-18,94,
SKU00021,2024-11-25,93,
SKU00021,2024-12-02,116,
SKU00021,2024-12-09,64,
SKU00021,2024-12-16,59,
SKU00021,2024-12-23,77,
SKU00021,2024-12-30,30,87.0
SKU00021,2025-01-06,48,68.0
SKU00021,2025-01-13,39,30.0
SKU00021,2025-01-20,48,72.0
SKU00021,2025-01-27,51,50.0
SKU00021,2025-02-03,28,30.0
SKU00021,2025-02-10,43,21.0
SKU00021,2025-02-17,75,41.0
SKU00021,2025-02-24,37,34.0
SKU00021,2025-03-03,55,63.0
SKU00021,2025-03-10,76,43.0
SKU00021,2025-03-17,60,105.0
SKU00021,2025-03-24,69,88.0
SKU00021,2025-03-31,45,44.0
SKU00021,2025-04-07,32,65.0
SKU00021,2025-04-14,55,47.0
SKU00021,2025-04-21,53,84.0
SKU00021,2025-04-28,31,54.0
SKU00021,2025-05-05,57,28.0
SKU00021,2025-05-12,83,53.0
SKU00021,2025-05-19,68,48.0
SKU00021,2025-05-26,58,77.0
SKU00021,2025-06-02,41,90.0
SKU00021,2025-06-09,72,68.0
SKU00021,2025-06-16,56,61.0
SKU00021,2025-06-23,57,47.0
SKU00021,2025-06-30,62,65.0
SKU00021,2025-07-07,62,44.0
SKU00021,2025-07-14,76,40.0
SKU00021,2025-07-21,67,72.0
SKU00021,2025-07-28,51,52.0
SKU00021,2025-08-04,55,52.0
SKU00021,2025-08-11,43,86.0
SKU00021,2025-08-18,60,39.0
SKU00021,2025-08-25,45,62.0
SKU00021,2025-09-01,58,55.0
SKU00021,2025-09-08,50,55.0
SKU00021,2025-09-15,44,72.0
SKU00021,2025-09-22,48,50.0
SKU00021,2025-09-29,52,61.0
SKU00021,2025-10-06,62,46.0
SKU00021,2025-10-13,41,27.0
SKU00021,2025-10-20,64,53.0
SKU00021,2025-10-27,114,64.0
SKU00021,2025-11-03,67,91.0
SKU00021,2025-11-10,94,64.0
SKU00021,2025-11-17,81,94.0
SKU00021,2025-11-24,76,93.0
SKU00021,2025-12-01,116,116.0
SKU00021,2025-12-08,66,64.0
SKU00021,2025-12-15,69,59.0
SKU00021,2025-12-22,58,77.0
SKU00021,2025-12-29,48,30.0
SKU00022,2024-01-01,68,
SKU00022,2024-01-08,42,
SKU00022,2024-01-15,40,
SKU00022,2024-01-22,75,
SKU00022,2024-01-29,48,
SKU00022,2024-02-05,66,
SKU00022,2024-02-12,30,
SKU00022,2024-02-19,69,
SKU00022,2024-02-26,43,
SKU00022,2024-03-04,95,
SKU00022,2024-03-11,50,
SKU00022,2024-03-18,48,
SKU00022,2024-03-25,31,
SKU00022,2024-04-01,38,
SKU00022,2024-04-08,53,
SKU00022,2024-04-15,47,
SKU00022,2024-04-22,35,
SKU00022,2024-04-29,42,
SKU00022,2024-05-06,77,
SKU00022,2024-05-13,32,
SKU00022,2024-05-20,44,
SKU00022,2024-05-27,71,
SKU00022,2024-06-03,69,
SKU00022,2024-06-10,41,
SKU00022,2024-06-17,51,
SKU00022,2024-06-24,58,
SKU00022,2024-07-01,67,
SKU00022,2024-07-08,83,
SKU00022,2024-07-15,77,
SKU00022,2024-07-22,70,
SKU00022,2024-07-29,74,
SKU00022,2024-08-05,52,
SKU00022,2024-08-12,40,
SKU00022,2024-08-19,78,
SKU00022,2024-08-26,51,
SKU00022,2024-09-02,36,
SKU00022,2024-09-09,64,
SKU00022,2024-09-16,31,
SKU00022,2024-09-23,38,
SKU00022,2024-09-30,38,
SKU00022,2024-10-07,44,
SKU00022,2024-10-14,33,
SKU00022,2024-10-21,66,
SKU00022,2024-10-28,72,
SKU00022,2024-11-04,114,
SKU00022,2024-11-11,62,
SKU00022,2024-11-18,57,
SKU00022,2024-11-25,90,
SKU00022,2024-12-02,63,
SKU00022,2024-12-09,82,
SKU00022,2024-12-16,59,
SKU00022,2024-12-23,71,
SKU00022,2024-12-30,60,68.0
SKU00022,2025-01-06,84,42.0
SKU00022,2025-01-13,35,40.0
SKU00022,2025-01-20,39,75.0
SKU00022,2025-01-27,42,48.0
SKU00022,2025-02-03,74,66.0
SKU00022,2025-02-10,22,30.0
SKU00022,2025-02-17,37,69.0
SKU00022,2025-02-24,42,43.0
SKU00022,2025-03-03,64,95.0
SKU00022,2025-03-10,45,50.0
SKU00022,2025-03-17,48,48.0
SKU00022,2025-03-24,67,31.0
SKU00022,2025-03-31,55,38.0
SKU00022,2025-04-07,51,53.0
SKU00022,2025-04-14,26,47.0
SKU00022,2025-04-21,65,35.0
SKU00022,2025-04-28,68,42.0
SKU00022,2025-05-05,37,77.0
SKU00022,2025-05-12,65,32.0
SKU00022,2025-05-19,48,44.0
SKU00022,2025-05-26,78,71.0
SKU00022,2025-06-02,50,69.0
SKU00022,2025-06-09,53,41.0
SKU00022,2025-06-16,71,51.0
SKU00022,2025-06-23,56,58.0
SKU00022,2025-06-30,69,67.0
SKU00022,2025-07-07,48,83.0
SKU00022,2025-07-14,51,77.0
SKU00022,2025-07-21,50,70.0
SKU00022,2025-07-28,68,74.0
SKU00022,2025-08-04,60,52.0
SKU00022,2025-08-11,39,40.0
SKU00022,2025-08-18,80,78.0
SKU00022,2025-08-25,33,51.0
SKU00022,2025-09-01,21,36.0
SKU00022,2025-09-08,46,64.0
SKU00022,2025-09-15,51,31.0
SKU00022,2025-09-22,54,38.0
SKU00022,2025-09-29,46,38.0
SKU00022,2025-10-06,79,44.0
SKU00022,2025-10-13,64,33.0
SKU00022,2025-10-20,47,66.0
SKU00022,2025-10-27,82,72.0
SKU00022,2025-11-03,54,114.0
SKU00022,2025-11-10,91,62.0
SKU00022,2025-11-17,107,57.0
SKU00022,2025-11-24,94,90.0
SKU00022,2025-12-01,104,63.0
SKU00022,2025-12-08,82,82.0
SKU00022,2025-12-15,86,59.0
SKU00022,2025-12-22,50,71.0
SKU00022,2025-12-29,47,60.0
SKU00023,2024-01-01,30,
SKU00023,2024-01-08,47,
SKU00023,2024-01-15,40,
SKU00023,2024-01-22,25,
SKU00023,2024-01-29,96,
SKU00023,2024-02-05,18,
SKU00023,2024-02-12,59,
SKU00023,2024-02-19,56,
SKU00023,2024-02-26,46,
SKU00023,2024-03-04,45,
SKU00023,2024-03-11,48,
SKU00023,2024-03-18,62,
SKU00023,2024-03-25,83,
SKU00023,2024-04-01,47,
SKU00023,2024-04-08,66,
SKU00023,2024-04-15,59,
SKU00023,2024-04-22,84,
SKU00023,2024-04-29,55,
SKU00023,2024-05-06,77,
SKU00023,2024-05-13,28,
SKU00023,2024-05-20,59,
SKU00023,2024-05-27,29,
SKU00023,2024-06-03,29,
SKU00023,2024-06-10,72,
SKU00023,2024-06-17,24,
SKU00023,2024-06-24,35,
SKU00023,2024-07-01,45,
SKU00023,2024-07-08,46,
SKU00023,2024-07-15,53,
SKU00023,2024-07-22,83,
SKU00023,2024-07-29,38,
SKU00023,2024-08-05,73,
SKU00023,2024-08-12,71,
SKU00023,2024-08-19,65,
SKU00023,2024-08-26,56,
SKU00023,2024-09-02,94,
SKU00023,2024-09-09,39,
SKU00023,2024-09-16,49,
SKU00023,2024-09-23,57,
SKU00023,2024-09-30,52,
SKU00023,2024-10-07,56,
SKU00023,2024-10-14,71,
SKU00023,2024-10-21,62,
SKU00023,2024-10-28,56,
SKU00023,2024-11-04,127,
SKU00023,2024-11-11,79,
SKU00023,2024-11-18,81,
SKU00023,2024-11-25,104,
SKU00023,2024-12-02,102,
SKU00023,2024-12-09,85,
SKU00023,2024-12-16,104,
SKU00023,2024-12-23,61,
SKU00023,2024-12-30,27,30.0
SKU00023,2025-01-06,33,47.0
SKU00023,2025-01-13,48,40.0
SKU00023,2025-01-20,39,25.0
SKU00023,2025-01-27,56,96.0
SKU00023,2025-02-03,45,18.0
SKU00023,2025-02-10,28,59.0
SKU00023,2025-02-17,18,56.0
SKU00023,2025-02-24,33,46.0
SKU00023,2025-03-03,41,45.0
SKU00023,2025-03-10,99,48.0
SKU00023,2025-03-17,19,62.0
SKU00023,2025-03-24,64,83.0
SKU00023,2025-03-31,42,47.0
SKU00023,2025-04-07,38,66.0
SKU00023,2025-04-14,18,59.0
SKU00023,2025-04-21,30,84.0
SKU00023,2025-04-28,50,55.0
SKU00023,2025-05-05,42,77.0
SKU00023,2025-05-12,30,28.0
SKU00023,2025-05-19,63,59.0
SKU00023,2025-05-26,49,29.0
SKU00023,2025-06-02,58,29.0
SKU00023,2025-06-09,67,72.0
SKU00023,2025-06-16,89,24.0
SKU00023,2025-06-23,57,35.0
SKU00023,2025-06-30,63,45.0
SKU00023,2025-07-07,66,46.0
SKU00023,2025-07-14,79,53.0
SKU00023,2025-07-21,82,83.0
SKU00023,2025-07-28,18,38.0
SKU00023,2025-08-04,52,73.0
SKU00023,2025-08-11,28,71.0
SKU00023,2025-08-18,49,65.0
SKU00023,2025-08-25,48,56.0
SKU00023,2025-09-01,61,94.0
SKU00023,2025-09-08,47,39.0
SKU00023,2025-09-15,48,49.0
SKU00023,2025-09-22,94,57.0
SKU00023,2025-09-29,43,52.0
SKU00023,2025-10-06,57,56.0
SKU00023,2025-10-13,59,71.0
SKU00023,2025-10-20,69,62.0
SKU00023,2025-10-27,72,56.0
SKU00023,2025-11-03,112,127.0
SKU00023,2025-11-10,98,79.0
SKU00023,2025-11-17,94,81.0
SKU00023,2025-11-24,84,104.0
SKU00023,2025-12-01,88,102.0
SKU00023,2025-12-08,113,85.0
SKU00023,2025-12-15,111,104.0
SKU00023,2025-12-22,85,61.0
SKU00023,2025-12-29,57,27.0
SKU00024,2024-01-01,27,
SKU00024,2024-01-08,62,
SKU00024,2024-01-15,60,
SKU00024,2024-01-22,48,
SKU00024,2024-01-29,50,
SKU00024,2024-02-05,35,
SKU00024,2024-02-12,28,
SKU00024,2024-02-19,86,
SKU00024,2024-02-26,51,
SKU00024,2024-03-04,57,
SKU00024,2024-03-11,60,
SKU00024,2024-03-18,27,
SKU00024,2024-03-25,30,
SKU00024,2024-04-01,48,
SKU00024,2024-04-08,45,
SKU00024,2024-04-15,56,
SKU00024,2024-04-22,34,
SKU00024,2024-04-29,63,
SKU00024,2024-05-06,49,
SKU00024,2024-05-13,89,
SKU00024,2024-05-20,45,
SKU00024,2024-05-27,48,
SKU00024,2024-06-03,58,
SKU00024,2024-06-10,69,
SKU00024,2024-06-17,52,
SKU00024,2024-06-24,51,
SKU00024,2024-07-01,52,
SKU00024,2024-07-08,42,
SKU00024,2024-07-15,29,
SKU00024,2024-07-22,77,
SKU00024,2024-07-29,82,
SKU00024,2024-08-05,51,
SKU00024,2024-08-12,60,
SKU00024,2024-08-19,64,
SKU00024,2024-08-26,48,
SKU00024,2024-09-02,25,
SKU00024,2024-09-09,67,
SKU00024,2024-09-16,71,
SKU00024,2024-09-23,52,
SKU00024,2024-09-30,71,
SKU00024,2024-10-07,81,
SKU00024,2024-10-14,66,
SKU00024,2024-10-21,56,
SKU00024,2024-10-28,71,
SKU00024,2024-11-04,83,
SKU00024,2024-11-11,52,
SKU00024,2024-11-18,77,
SKU00024,2024-11-25,146,
SKU00024,2024-12-02,49,
SKU00024,2024-12-09,73,
SKU00024,2024-12-16,91,
SKU00024,2024-12-23,57,
SKU00024,2024-12-30,56,27.0
SKU00024,2025-01-06,63,62.0
SKU00024,2025-01-13,51,60.0
SKU00024,2025-01-20,73,48.0
SKU00024,2025-01-27,66,50.0
SKU00024,2025-02-03,59,35.0
SKU00024,2025-02-10,36,28.0
SKU00024,2025-02-17,52,86.0
SKU00024,2025-02-24,59,51.0
SKU00024,2025-03-03,73,57.0
SKU00024,2025-03-10,51,60.0
SKU00024,2025-03-17,72,27.0
SKU00024,2025-03-24,98,30.0
SKU00024,2025-03-31,87,48.0
SKU00024,2025-04-07,58,45.0
SKU00024,2025-04-14,47,56.0
SKU00024,2025-04-21,72,34.0
SKU00024,2025-04-28,71,63.0
SKU00024,2025-05-05,47,49.0
SKU00024,2025-05-12,66,89.0
SKU00024,2025-05-19,42,45.0
SKU00024,2025-05-26,49,48.0
SKU00024,2025-06-02,48,58.0
SKU00024,2025-06-09,64,69.0
SKU00024,2025-06-16,64,52.0
SKU00024,2025-06-23,47,51.0
SKU00024,2025-06-30,83,52.0
SKU00024,2025-07-07,49,42.0
SKU00024,2025-07-14,31,29.0
SKU00024,2025-07-21,25,77.0
SKU00024,2025-07-28,49,82.0
SKU00024,2025-08-04,52,51.0
SKU00024,2025-08-11,35,60.0
SKU00024,2025-08-18,75,64.0
SKU00024,2025-08-25,64,48.0
SKU00024,2025-09-01,55,25.0
SKU00024,2025-09-08,26,67.0
SKU00024,2025-09-15,74,71.0
SKU00024,2025-09-22,29,52.0
SKU00024,2025-09-29,29,71.0
SKU00024,2025-10-06,43,81.0
SKU00024,2025-10-13,46,66.0
SKU00024,2025-10-20,70,56.0
SKU00024,2025-10-27,103,71.0
SKU00024,2025-11-03,90,83.0
SKU00024,2025-11-10,89,52.0
SKU00024,2025-11-17,90,77.0
SKU00024,2025-11-24,126,146.0
SKU00024,2025-12-01,65,49.0
SKU00024,2025-12-08,78,73.0
SKU00024,2025-12-15,90,91.0
SKU00024,2025-12-22,91,57.0
SKU00024,2025-12-29,49,56.0
SKU00025,2024-01-01,53,
SKU00025,2024-01-08,62,
SKU00025,2024-01-15,55,
SKU00025,2024-01-22,42,
SKU00025,2024-01-29,74,
SKU00025,2024-02-05,30,
SKU00025,2024-02-12,41,
SKU00025,2024-02-19,36,
SKU00025,2024-02-26,49,
SKU00025,2024-03-04,56,
SKU00025,2024-03-11,57,
SKU00025,2024-03-18,44,
SKU00025,2024-03-25,58,
SKU00025,2024-04-01,47,
SKU00025,2024-04-08,68,
SKU00025,2024-04-15,57,
SKU00025,2024-04-22,49,
SKU00025,2024-04-29,56,
SKU00025,2024-05-06,43,
SKU00025,2024-05-13,74,
SKU00025,2024-05-20,49,
SKU00025,2024-05-27,39,
SKU00025,2024-06-03,50,
SKU00025,2024-06-10,36,
SKU00025,2024-06-17,48,
SKU00025,2024-06-24,61,
SKU00025,2024-07-01,40,
SKU00025,2024-07-08,42,
SKU00025,2024-07-15,90,
SKU00025,2024-07-22,46,
SKU00025,2024-07-29,54,
SKU00025,2024-08-05,17,
SKU00025,2024-08-12,57,
SKU00025,2024-08-19,64,
SKU00025,2024-08-26,26,
SKU00025,2024-09-02,45,
SKU00025,2024-09-09,61,
SKU00025,2024-09-16,40,
SKU00025,2024-09-23,71,
SKU00025,2024-09-30,58,
SKU00025,2024-10-07,54,
SKU00025,2024-10-14,64,
SKU00025,2024-10-21,81,
SKU00025,2024-10-28,46,
SKU00025,2024-11-04,80,
SKU00025,2024-11-11,63,
SKU00025,2024-11-18,89,
SKU00025,2024-11-25,59,
SKU00025,2024-12-02,58,
SKU00025,2024-12-09,66,
SKU00025,2024-12-16,97,
SKU00025,2024-12-23,93,
SKU00025,2024-12-30,50,53.0
SKU00025,2025-01-06,60,62.0
SKU00025,2025-01-13,66,55.0
SKU00025,2025-01-20,67,42.0
SKU00025,2025-01-27,28,74.0
SKU00025,2025-02-03,47,30.0
SKU00025,2025-02-10,57,41.0
SKU00025,2025-02-17,55,36.0
SKU00025,2025-02-24,54,49.0
SKU00025,2025-03-03,55,56.0
SKU00025,2025-03-10,53,57.0
SKU00025,2025-03-17,56,44.0
SKU00025,2025-03-24,53,58.0
SKU00025,2025-03-31,80,47.0
SKU00025,2025-04-07,56,68.0
SKU00025,2025-04-14,50,57.0
SKU00025,2025-04-21,36,49.0
SKU00025,2025-04-28,70,56.0
SKU00025,2025-05-05,41,43.0
SKU00025,2025-05-12,43,74.0
SKU00025,2025-05-19,50,49.0
SKU00025,2025-05-26,36,39.0
SKU00025,2025-06-02,31,50.0
SKU00025,2025-06-09,44,36.0
SKU00025,2025-06-16,44,48.0
SKU00025,2025-06-23,76,61.0
SKU00025,2025-06-30,42,40.0
SKU00025,2025-07-07,39,42.0
SKU00025,2025-07-14,40,90.0
SKU00025,2025-07-21,27,46.0
SKU00025,2025-07-28,53,54.0
SKU00025,2025-08-04,29,17.0
SKU00025,2025-08-11,36,57.0
SKU00025,2025-08-18,64,64.0
SKU00025,2025-08-25,63,26.0
SKU00025,2025-09-01,60,45.0
SKU00025,2025-09-08,31,61.0
SKU00025,2025-09-15,44,40.0
SKU00025,2025-09-22,74,71.0
SKU00025,2025-09-29,53,58.0
SKU00025,2025-10-06,29,54.0
SKU00025,2025-10-13,57,64.0
SKU00025,2025-10-20,60,81.0
SKU00025,2025-10-27,48,46.0
SKU00025,2025-11-03,82,80.0
SKU00025,2025-11-10,80,63.0
SKU00025,2025-11-17,110,89.0
SKU00025,2025-11-24,28,59.0
SKU00025,2025-12-01,104,58.0
SKU00025,2025-12-08,52,66.0
SKU00025,2025-12-15,61,97.0
SKU00025,2025-12-22,75,93.0
SKU00025,2025-12-29,25,50.0
SKU00026,2024-01-01,44,
SKU00026,2024-01-08,33,
SKU00026,2024-01-15,33,
SKU00026,2024-01-22,28,
SKU00026,2024-01-29,43,
SKU00026,2024-02-05,33,
SKU00026,2024-02-12,38,
SKU00026,2024-02-19,33,
SKU00026,2024-02-26,47,
SKU00026,2024-03-04,36,
SKU00026,2024-03-11,52,
SKU00026,2024-03-18,72,
SKU00026,2024-03-25,34,
SKU00026,2024-04-01,69,
SKU00026,2024-04-08,35,
SKU00026,2024-04-15,97,
SKU00026,2024-04-22,42,
SKU00026,2024-04-29,38,
SKU00026,2024-05-06,65,
SKU00026,2024-05-13,46,
SKU00026,2024-05-20,38,
SKU00026,2024-05-27,67,
SKU00026,2024-06-03,86,
SKU00026,2024-06-10,69,
SKU00026,2024-06-17,24,
SKU00026,2024-06-24,75,
SKU00026,2024-07-01,27,
SKU00026,2024-07-08,47,
SKU00026,2024-07-15,85,
SKU00026,2024-07-22,45,
SKU00026,2024-07-29,50,
SKU00026,2024-08-05,64,
SKU00026,2024-08-12,50,
SKU00026,2024-08-19,48,
SKU00026,2024-08-26,34,
SKU00026,2024-09-02,77,
SKU00026,2024-09-09,35,
SKU00026,2024-09-16,80,
SKU00026,2024-09-23,46,
SKU00026,2024-09-30,69,
SKU00026,2024-10-07,72,
SKU00026,2024-10-14,63,
SKU00026,2024-10-21,66,
SKU00026,2024-10-28,48,
SKU00026,2024-11-04,112,
SKU00026,2024-11-11,41,
SKU00026,2024-11-18,97,
SKU00026,2024-11-25,77,
SKU00026,2024-12-02,80,
SKU00026,2024-12-09,112,
SKU00026,2024-12-16,75,
SKU00026,2024-12-23,75,
SKU00026,2024-12-30,81,44.0
SKU00026,2025-01-06,55,33.0
SKU00026,2025-01-13,48,33.0
SKU00026,2025-01-20,64,28.0
SKU00026,2025-01-27,32,43.0
SKU00026,2025-02-03,33,33.0
SKU00026,2025-02-10,60,38.0
SKU00026,2025-02-17,25,33.0
SKU00026,2025-02-24,67,47.0
SKU00026,2025-03-03,31,36.0
SKU00026,2025-03-10,58,52.0
SKU00026,2025-03-17,56,72.0
SKU00026,2025-03-24,63,34.0
SKU00026,2025-03-31,46,69.0
SKU00026,2025-04-07,52,35.0
SKU00026,2025-04-14,49,97.0
SKU00026,2025-04-21,76,42.0
SKU00026,2025-04-28,62,38.0
SKU00026,2025-05-05,43,65.0
SKU00026,2025-05-12,53,46.0
SKU00026,2025-05-19,46,38.0
SKU00026,2025-05-26,35,67.0
SKU00026,2025-06-02,64,86.0
SKU00026,2025-06-09,39,69.0
SKU00026,2025-06-16,79,24.0
SKU00026,2025-06-23,65,75.0
SKU00026,2025-06-30,51,27.0
SKU00026,2025-07-07,43,47.0
SKU00026,2025-07-14,39,85.0
SKU00026,2025-07-21,56,45.0
SKU00026,2025-07-28,54,50.0
SKU00026,2025-08-04,23,64.0
SKU00026,2025-08-11,31,50.0
SKU00026,2025-08-18,62,48.0
SKU00026,2025-08-25,63,34.0
SKU00026,2025-09-01,89,77.0
SKU00026,2025-09-08,33,35.0
SKU00026,2025-09-15,66,80.0
SKU00026,2025-09-22,55,46.0
SKU00026,2025-09-29,36,69.0
SKU00026,2025-10-06,80,72.0
SKU00026,2025-10-13,44,63.0
SKU00026,2025-10-20,66,66.0
SKU00026,2025-10-27,75,48.0
SKU00026,2025-11-03,113,112.0
SKU00026,2025-11-10,84,41.0
SKU00026,2025-11-17,106,97.0
SKU00026,2025-11-24,64,77.0
SKU00026,2025-12-01,111,80.0
SKU00026,2025-12-08,74,112.0
SKU00026,2025-12-15,81,75.0
SKU00026,2025-12-22,149,75.0
SKU00026,2025-12-29,37,81.0
SKU00027,2024-01-01,71,
SKU00027,2024-01-08,28,
SKU00027,2024-01-15,42,
SKU00027,2024-01-22,47,
SKU00027,2024-01-29,46,
SKU00027,2024-02-05,66,
SKU00027,2024-02-12,45,
SKU00027,2024-02-19,59,
SKU00027,2024-02-26,78,
SKU00027,2024-03-04,53,
SKU00027,2024-03-11,57,
SKU00027,2024-03-18,72,
SKU00027,2024-03-25,57,
SKU00027,2024-04-01,57,
SKU00027,2024-04-08,51,
SKU00027,2024-04-15,44,
SKU00027,2024-04-22,36,
SKU00027,2024-04-29,63,
SKU00027,2024-05-06,75,
SKU00027,2024-05-13,58,
SKU00027,2024-05-20,53,
SKU00027,2024-05-27,38,
SKU00027,2024-06-03,55,
SKU00027,2024-06-10,53,
SKU00027,2024-06-17,25,
SKU00027,2024-06-24,53,
SKU00027,2024-07-01,66,
SKU00027,2024-07-08,34,
SKU00027,2024-07-15,66,
SKU00027,2024-07-22,56,
SKU00027,2024-07-29,66,
SKU00027,2024-08-05,39,
SKU00027,2024-08-12,50,
SKU00027,2024-08-19,59,
SKU00027,2024-08-26,69,
SKU00027,2024-09-02,59,
SKU00027,2024-09-09,46,
SKU00027,2024-09-16,36,
SKU00027,2024-09-23,43,
SKU00027,2024-09-30,40,
SKU00027,2024-10-07,45,
SKU00027,2024-10-14,56,
SKU00027,2024-10-21,54,
SKU00027,2024-10-28,47,
SKU00027,2024-11-04,112,
SKU00027,2024-11-11,87,
SKU00027,2024-11-18,74,
SKU00027,2024-11-25,73,
SKU00027,2024-12-02,74,
SKU00027,2024-12-09,83,
SKU00027,2024-12-16,53,
SKU00027,2024-12-23,91,
SKU00027,2024-12-30,67,71.0
SKU00027,2025-01-06,50,28.0
SKU00027,2025-01-13,23,42.0
SKU00027,2025-01-20,61,47.0
SKU00027,2025-01-27,36,46.0
SKU00027,2025-02-03,18,66.0
SKU00027,2025-02-10,63,45.0
SKU00027,2025-02-17,76,59.0
SKU00027,2025-02-24,43,78.0
SKU00027,2025-03-03,56,53.0
SKU00027,2025-03-10,29,57.0
SKU00027,2025-03-17,86,72.0
SKU00027,2025-03-24,56,57.0
SKU00027,2025-03-31,61,57.0
SKU00027,2025-04-07,34,51.0
SKU00027,2025-04-14,54,44.0
SKU00027,2025-04-21,40,36.0
SKU00027,2025-04-28,73,63.0
SKU00027,2025-05-05,57,75.0
SKU00027,2025-05-12,59,58.0
SKU00027,2025-05-19,27,53.0
SKU00027,2025-05-26,64,38.0
SKU00027,2025-06-02,46,55.0
SKU00027,2025-06-09,36,53.0
SKU00027,2025-06-16,55,25.0
SKU00027,2025-06-23,48,53.0
SKU00027,2025-06-30,53,66.0
SKU00027,2025-07-07,55,34.0
SKU00027,2025-07-14,46,66.0
SKU00027,2025-07-21,39,56.0
SKU00027,2025-07-28,59,66.0
SKU00027,2025-08-04,68,39.0
SKU00027,2025-08-11,64,50.0
SKU00027,2025-08-18,55,59.0
SKU00027,2025-08-25,68,69.0
SKU00027,2025-09-01,80,59.0
SKU00027,2025-09-08,20,46.0
SKU00027,2025-09-15,58,36.0
SKU00027,2025-09-22,67,43.0
SKU00027,2025-09-29,49,40.0
SKU00027,2025-10-06,62,45.0
SKU00027,2025-10-13,49,56.0
SKU00027,2025-10-20,70,54.0
SKU00027,2025-10-27,29,47.0
SKU00027,2025-11-03,88,112.0
SKU00027,2025-11-10,92,87.0
SKU00027,2025-11-17,54,74.0
SKU00027,2025-11-24,85,73.0
SKU00027,2025-12-01,70,74.0
SKU00027,2025-12-08,77,83.0
SKU00027,2025-12-15,84,53.0
SKU00027,2025-12-22,57,91.0
SKU00027,2025-12-29,36,67.0
SKU00028,2024-01-01,44,
SKU00028,2024-01-08,60,
SKU00028,2024-01-15,33,
SKU00028,2024-01-22,39,
SKU00028,2024-01-29,59,
SKU00028,2024-02-05,42,
SKU00028,2024-02-12,29,
SKU00028,2024-02-19,39,
SKU00028,2024-02-26,42,
SKU00028,2024-03-04,45,
SKU00028,2024-03-11,52,
SKU00028,2024-03-18,64,
SKU00028,2024-03-25,32,
SKU00028,2024-04-01,57,
SKU00028,2024-04-08,40,
SKU00028,2024-04-15,53,
SKU00028,2024-04-22,53,
SKU00028,2024-04-29,87,
SKU00028,2024-05-06,49,
SKU00028,2024-05-13,61,
SKU00028,2024-05-20,72,
SKU00028,2024-05-27,52,
SKU00028,2024-06-03,54,
SKU00028,2024-06-10,81,
SKU00028,2024-06-17,65,
SKU00028,2024-06-24,58,
SKU00028,2024-07-01,65,
SKU00028,2024-07-08,53,
SKU00028,2024-07-15,41,
SKU00028,2024-07-22,108,
SKU00028,2024-07-29,68,
SKU00028,2024-08-05,62,
SKU00028,2024-08-12,43,
SKU00028,2024-08-19,75,
SKU00028,2024-08-26,60,
SKU00028,2024-09-02,44,
SKU00028,2024-09-09,38,
SKU00028,2024-09-16,66,
SKU00028,2024-09-23,47,
SKU00028,2024-09-30,42,
SKU00028,2024-10-07,62,
SKU00028,2024-10-14,30,
SKU00028,2024-10-21,65,
SKU00028,2024-10-28,44,
SKU00028,2024-11-04,107,
SKU00028,2024-11-11,80,
SKU00028,2024-11-18,73,
SKU00028,2024-11-25,113,
SKU00028,2024-12-02,84,
SKU00028,2024-12-09,84,
SKU00028,2024-12-16,105,
SKU00028,2024-12-23,85,
SKU00028,2024-12-30,57,44.0
SKU00028,2025-01-06,37,60.0
SKU00028,2025-01-13,54,33.0
SKU00028,2025-01-20,29,39.0
SKU00028,2025-01-27,57,59.0
SKU00028,2025-02-03,73,42.0
SKU00028,2025-02-10,30,29.0
SKU00028,2025-02-17,37,39.0
SKU00028,2025-02-24,45,42.0
SKU00028,2025-03-03,72,45.0
SKU00028,2025-03-10,62,52.0
SKU00028,2025-03-17,66,64.0
SKU00028,2025-03-24,31,32.0
SKU00028,2025-03-31,39,57.0
SKU00028,2025-04-07,53,40.0
SKU00028,2025-04-14,64,53.0
SKU00028,2025-04-21,46,53.0
SKU00028,2025-04-28,46,87.0
SKU00028,2025-05-05,42,49.0
SKU00028,2025-05-12,76,61.0
SKU00028,2025-05-19,64,72.0
SKU00028,2025-05-26,51,52.0
SKU00028,2025-06-02,75,54.0
SKU00028,2025-06-09,59,81.0
SKU00028,2025-06-16,33,65.0
SKU00028,2025-06-23,33,58.0
SKU00028,2025-06-30,62,65.0
SKU00028,2025-07-07,37,53.0
SKU00028,2025-07-14,78,41.0
SKU00028,2025-07-21,26,108.0
SKU00028,2025-07-28,35,68.0
SKU00028,2025-08-04,73,62.0
SKU00028,2025-08-11,51,43.0
SKU00028,2025-08-18,50,75.0
SKU00028,2025-08-25,50,60.0
SKU00028,2025-09-01,72,44.0
SKU00028,2025-09-08,68,38.0
SKU00028,2025-09-15,51,66.0
SKU00028,2025-09-22,38,47.0
SKU00028,2025-09-29,47,42.0
SKU00028,2025-10-06,60,62.0
SKU00028,2025-10-13,85,30.0
SKU00028,2025-10-20,41,65.0
SKU00028,2025-10-27,49,44.0
SKU00028,2025-11-03,105,107.0
SKU00028,2025-11-10,104,80.0
SKU00028,2025-11-17,44,73.0
SKU00028,2025-11-24,85,113.0
SKU00028,2025-12-01,112,84.0
SKU00028,2025-12-08,60,84.0
SKU00028,2025-12-15,107,105.0
SKU00028,2025-12-22,77,85.0
SKU00028,2025-12-29,21,57.0
SKU00029,2024-01-01,74,
SKU00029,2024-01-08,40,
SKU00029,2024-01-15,50,
SKU00029,2024-01-22,73,
SKU00029,2024-01-29,49,
SKU00029,2024-02-05,63,
SKU00029,2024-02-12,24,
SKU00029,2024-02-19,52,
SKU00029,2024-02-26,35,
SKU00029,2024-03-04,22,
SKU00029,2024-03-11,45,
SKU00029,2024-03-18,45,
SKU00029,2024-03-25,41,
SKU00029,2024-04-01,39,
SKU00029,2024-04-08,52,
SKU00029,2024-04-15,70,
SKU00029,2024-04-22,65,
SKU00029,2024-04-29,52,
SKU00029,2024-05-06,39,
SKU00029,2024-05-13,30,
SKU00029,2024-05-20,23,
SKU00029,2024-05-27,52,
SKU00029,2024-06-03,55,
SKU00029,2024-06-10,55,
SKU00029,2024-06-17,59,
SKU00029,2024-06-24,57,
SKU00029,2024-07-01,49,
SKU00029,2024-07-08,61,
SKU00029,2024-07-15,34,
SKU00029,2024-07-22,51,
SKU00029,2024-07-29,57,
SKU00029,2024-08-05,81,
SKU00029,2024-08-12,42,
SKU00029,2024-08-19,43,
SKU00029,2024-08-26,35,
SKU00029,2024-09-02,52,
SKU00029,2024-09-09,42,
SKU00029,2024-09-16,48,
SKU00029,2024-09-23,86,
SKU00029,2024-09-30,43,
SKU00029,2024-10-07,57,
SKU00029,2024-10-14,38,
SKU00029,2024-10-21,52,
SKU00029,2024-10-28,91,
SKU00029,2024-11-04,109,
SKU00029,2024-11-11,86,
SKU00029,2024-11-18,62,
SKU00029,2024-11-25,75,
SKU00029,2024-12-02,86,
SKU00029,2024-12-09,108,
SKU00029,2024-12-16,76,
SKU00029,2024-12-23,73,
SKU00029,2024-12-30,40,74.0
SKU00029,2025-01-06,33,40.0
SKU00029,2025-01-13,20,50.0
SKU00029,2025-01-20,75,73.0
SKU00029,2025-01-27,33,49.0
SKU00029,2025-02-03,49,63.0
SKU00029,2025-02-10,51,24.0
SKU00029,2025-02-17,42,52.0
SKU00029,2025-02-24,50,35.0
SKU00029,2025-03-03,60,22.0
SKU00029,2025-03-10,84,45.0
SKU00029,2025-03-17,26,45.0
SKU00029,2025-03-24,53,41.0
SKU00029,2025-03-31,71,39.0
SKU00029,2025-04-07,52,52.0
SKU00029,2025-04-14,79,70.0
SKU00029,2025-04-21,56,65.0
SKU00029,2025-04-28,68,52.0
SKU00029,2025-05-05,67,39.0
SKU00029,2025-05-12,48,30.0
SKU00029,2025-05-19,94,23.0
SKU00029,2025-05-26,57,52.0
SKU00029,2025-06-02,58,55.0
SKU00029,2025-06-09,43,55.0
SKU00029,2025-06-16,60,59.0
SKU00029,2025-06-23,67,57.0
SKU00029,2025-06-30,51,49.0
SKU00029,2025-07-07,47,61.0
SKU00029,2025-07-14,38,34.0
SKU00029,2025-07-21,30,51.0
SKU00029,2025-07-28,57,57.0
SKU00029,2025-08-04,80,81.0
SKU00029,2025-08-11,64,42.0
SKU00029,2025-08-18,71,43.0
SKU00029,2025-08-25,80,35.0
SKU00029,2025-09-01,51,52.0
SKU00029,2025-09-08,58,42.0
SKU00029,2025-09-15,64,48.0
SKU00029,2025-09-22,37,86.0
SKU00029,2025-09-29,44,43.0
SKU00029,2025-10-06,52,57.0
SKU00029,2025-10-13,49,38.0
SKU00029,2025-10-20,52,52.0
SKU00029,2025-10-27,51,91.0
SKU00029,2025-11-03,84,109.0
SKU00029,2025-11-10,97,86.0
SKU00029,2025-11-17,91,62.0
SKU00029,2025-11-24,95,75.0
SKU00029,2025-12-01,114,86.0
SKU00029,2025-12-08,91,108.0
SKU00029,2025-12-15,87,76.0
SKU00029,2025-12-22,63,73.0
SKU00029,2025-12-29,24,40.0
SKU00030,2024-01-01,46,
SKU00030,2024-01-08,36,
SKU00030,2024-01-15,48,
SKU00030,2024-01-22,50,
SKU00030,2024-01-29,47,
SKU00030,2024-02-05,30,
SKU00030,2024-02-12,26,
SKU00030,2024-02-19,30,
SKU00030,2024-02-26,52,
SKU00030,2024-03-04,47,
SKU00030,2024-03-11,69,
SKU00030,2024-03-18,63,
SKU00030,2024-03-25,41,
SKU00030,2024-04-01,88,
SKU00030,2024-04-08,83,
SKU00030,2024-04-15,61,
SKU00030,2024-04-22,62,
SKU00030,2024-04-29,65,
SKU00030,2024-05-06,44,
SKU00030,2024-05-13,88,
SKU00030,2024-05-20,71,
SKU00030,2024-05-27,52,
SKU00030,2024-06-03,54,
SKU00030,2024-06-10,30,
SKU00030,2024-06-17,59,
SKU00030,2024-06-24,64,
SKU00030,2024-07-01,49,
SKU00030,2024-07-08,63,
SKU00030,2024-07-15,50,
SKU00030,2024-07-22,53,
SKU00030,2024-07-29,38,
SKU00030,2024-08-05,35,
SKU00030,2024-08-12,45,
SKU00030,2024-08-19,51,
SKU00030,2024-08-26,88,
SKU00030,2024-09-02,80,
SKU00030,2024-09-09,55,
SKU00030,2024-09-16,39,
SKU00030,2024-09-23,82,
SKU00030,2024-09-30,47,
SKU00030,2024-10-07,46,
SKU00030,2024-10-14,47,
SKU00030,2024-10-21,75,
SKU00030,2024-10-28,70,
SKU00030,2024-11-04,60,
SKU00030,2024-11-11,73,
SKU00030,2024-11-18,106,
SKU00030,2024-11-25,105,
SKU00030,2024-12-02,76,
SKU00030,2024-12-09,70,
SKU00030,2024-12-16,98,
SKU00030,2024-12-23,91,
SKU00030,2024-12-30,60,46.0
SKU00030,2025-01-06,39,36.0
SKU00030,2025-01-13,60,48.0
SKU00030,2025-01-20,37,50.0
SKU00030,2025-01-27,50,47.0
SKU00030,2025-02-03,62,30.0
SKU00030,2025-02-10,55,26.0
SKU00030,2025-02-17,24,30.0
SKU00030,2025-02-24,42,52.0
SKU00030,2025-03-03,67,47.0
SKU00030,2025-03-10,52,69.0
SKU00030,2025-03-17,78,63.0
SKU00030,2025-03-24,62,41.0
SKU00030,2025-03-31,33,88.0
SKU00030,2025-04-07,30,83.0
SKU00030,2025-04-14,65,61.0
SKU00030,2025-04-21,51,62.0
SKU00030,2025-04-28,78,65.0
SKU00030,2025-05-05,69,44.0
SKU00030,2025-05-12,69,88.0
SKU00030,2025-05-19,86,71.0
SKU00030,2025-05-26,53,52.0
SKU00030,2025-06-02,51,54.0
SKU00030,2025-06-09,47,30.0
SKU00030,2025-06-16,37,59.0
SKU00030,2025-06-23,55,64.0
SKU00030,2025-06-30,82,49.0
SKU00030,2025-07-07,70,63.0
SKU00030,2025-07-14,42,50.0
SKU00030,2025-07-21,37,53.0
SKU00030,2025-07-28,44,38.0
SKU00030,2025-08-04,69,35.0
SKU00030,2025-08-11,39,45.0
SKU00030,2025-08-18,57,51.0
SKU00030,2025-08-25,29,88.0
SKU00030,2025-09-01,50,80.0
SKU00030,2025-09-08,48,55.0
SKU00030,2025-09-15,62,39.0
SKU00030,2025-09-22,53,82.0
SKU00030,2025-09-29,32,47.0
SKU00030,2025-10-06,75,46.0
SKU00030,2025-10-13,59,47.0
SKU00030,2025-10-20,67,75.0
SKU00030,2025-10-27,53,70.0
SKU00030,2025-11-03,95,60.0
SKU00030,2025-11-10,86,73.0
SKU00030,2025-11-17,83,106.0
SKU00030,2025-11-24,71,105.0
SKU00030,2025-12-01,101,76.0
SKU00030,2025-12-08,60,70.0
SKU00030,2025-12-15,62,98.0
SKU00030,2025-12-22,94,91.0
SKU00030,2025-12-29,29,60.0
SKU00031,2024-01-01,61,
SKU00031,2024-01-08,55,
SKU00031,2024-01-15,49,
SKU00031,2024-01-22,47,
SKU00031,2024-01-29,52,
SKU00031,2024-02-05,46,
SKU00031,2024-02-12,26,
SKU00031,2024-02-19,41,
SKU00031,2024-02-26,40,
SKU00031,2024-03-04,48,
SKU00031,2024-03-11,45,
SKU00031,2024-03-18,79,
SKU00031,2024-03-25,64,
SKU00031,2024-04-01,63,
SKU00031,2024-04-08,55,
SKU00031,2024-04-15,75,
SKU00031,2024-04-22,81,
SKU00031,2024-04-29,42,
SKU00031,2024-05-06,47,
SKU00031,2024-05-13,48,
SKU00031,2024-05-20,79,
SKU00031,2024-05-27,49,
SKU00031,2024-06-03,70,
SKU00031,2024-06-10,62,
SKU00031,2024-06-17,48,
SKU00031,2024-06-24,59,
SKU00031,2024-07-01,61,
SKU00031,2024-07-08,46,
SKU00031,2024-07-15,53,
SKU00031,2024-07-22,42,
SKU00031,2024-07-29,33,
SKU00031,2024-08-05,32,
SKU00031,2024-08-12,32,
SKU00031,2024-08-19,61,
SKU00031,2024-08-26,31,
SKU00031,2024-09-02,63,
SKU00031,2024-09-09,64,
SKU00031,2024-09-16,65,
SKU00031,2024-09-23,24,
SKU00031,2024-09-30,89,
SKU00031,2024-10-07,51,
SKU00031,2024-10-14,45,
SKU00031,2024-10-21,54,
SKU00031,2024-10-28,75,
SKU00031,2024-11-04,123,
SKU00031,2024-11-11,90,
SKU00031,2024-11-18,59,
SKU00031,2024-11-25,76,
SKU00031,2024-12-02,107,
SKU00031,2024-12-09,98,
SKU00031,2024-12-16,95,
SKU00031,2024-12-23,80,
SKU00031,2024-12-30,41,61.0
SKU00031,2025-01-06,81,55.0
SKU00031,2025-01-13,39,49.0
SKU00031,2025-01-20,74,47.0
SKU00031,2025-01-27,43,52.0
SKU00031,2025-02-03,26,46.0
SKU00031,2025-02-10,38,26.0
SKU00031,2025-02-17,37,41.0
SKU00031,2025-02-24,43,40.0
SKU00031,2025-03-03,28,48.0
SKU00031,2025-03-10,72,45.0
SKU00031,2025-03-17,70,79.0
SKU00031,2025-03-24,52,64.0
SKU00031,2025-03-31,35,63.0
SKU00031,2025-04-07,85,55.0
SKU00031,2025-04-14,47,75.0
SKU00031,2025-04-21,55,81.0
SKU00031,2025-04-28,70,42.0
SKU00031,2025-05-05,55,47.0
SKU00031,2025-05-12,59,48.0
SKU00031,2025-05-19,91,79.0
SKU00031,2025-05-26,54,49.0
SKU00031,2025-06-02,59,70.0
SKU00031,2025-06-09,56,62.0
SKU00031,2025-06-16,43,48.0
SKU00031,2025-06-23,67,59.0
SKU00031,2025-06-30,74,61.0
SKU00031,2025-07-07,52,46.0
SKU00031,2025-07-14,51,53.0
SKU00031,2025-07-21,53,42.0
SKU00031,2025-07-28,33,33.0
SKU00031,2025-08-04,47,32.0
SKU00031,2025-08-11,54,32.0
SKU00031,2025-08-18,39,61.0
SKU00031,2025-08-25,53,31.0
SKU00031,2025-09-01,88,63.0
SKU00031,2025-09-08,50,64.0
SKU00031,2025-09-15,63,65.0
SKU00031,2025-09-22,54,24.0
SKU00031,2025-09-29,60,89.0
SKU00031,2025-10-06,56,51.0
SKU00031,2025-10-13,62,45.0
SKU00031,2025-10-20,65,54.0
SKU00031,2025-10-27,100,75.0
SKU00031,2025-11-03,93,123.0
SKU00031,2025-11-10,115,90.0
SKU00031,2025-11-17,101,59.0
SKU00031,2025-11-24,68,76.0
SKU00031,2025-12-01,88,107.0
SKU00031,2025-12-08,92,98.0
SKU00031,2025-12-15,73,95.0
SKU00031,2025-12-22,78,80.0
SKU00031,2025-12-29,52,41.0
SKU00032,2024-01-01,46,
SKU00032,2024-01-08,47,
SKU00032,2024-01-15,36,
SKU00032,2024-01-22,66,
SKU00032,2024-01-29,34,
SKU00032,2024-02-05,27,
SKU00032,2024-02-12,35,
SKU00032,2024-02-19,36,
SKU00032,2024-02-26,42,
SKU00032,2024-03-04,71,
SKU00032,2024-03-11,47,
SKU00032,2024-03-18,66,
SKU00032,2024-03-25,35,
SKU00032,2024-04-01,45,
SKU00032,2024-04-08,33,
SKU00032,2024-04-15,53,
SKU00032,2024-04-22,56,
SKU00032,2024-04-29,80,
SKU00032,2024-05-06,86,
SKU00032,2024-05-13,67,
SKU00032,2024-05-20,55,
SKU00032,2024-05-27,66,
SKU00032,2024-06-03,38,
SKU00032,2024-06-10,97,
SKU00032,2024-06-17,21,
SKU00032,2024-06-24,86,
SKU00032,2024-07-01,48,
SKU00032,2024-07-08,44,
SKU00032,2024-07-15,48,
SKU00032,2024-07-22,53,
SKU00032,2024-07-29,50,
SKU00032,2024-08-05,30,
SKU00032,2024-08-12,98,
SKU00032,2024-08-19,43,
SKU00032,2024-08-26,46,
SKU00032,2024-09-02,60,
SKU00032,2024-09-09,60,
SKU00032,2024-09-16,55,
SKU00032,2024-09-23,82,
SKU00032,2024-09-30,40,
SKU00032,2024-10-07,46,
SKU00032,2024-10-14,90,
SKU00032,2024-10-21,55,
SKU00032,2024-10-28,95,
SKU00032,2024-11-04,56,
SKU00032,2024-11-11,86,
SKU00032,2024-11-18,67,
SKU00032,2024-11-25,79,
SKU00032,2024-12-02,91,
SKU00032,2024-12-09,99,
SKU00032,2024-12-16,104,
SKU00032,2024-12-23,71,
SKU00032,2024-12-30,75,46.0
SKU00032,2025-01-06,53,47.0
SKU00032,2025-01-13,47,36.0
SKU00032,2025-01-20,61,66.0
SKU00032,2025-01-27,22,34.0
SKU00032,2025-02-03,21,27.0
SKU00032,2025-02-10,39,35.0
SKU00032,2025-02-17,50,36.0
SKU00032,2025-02-24,54,42.0
SKU00032,2025-03-03,45,71.0
SKU00032,2025-03-10,61,47.0
SKU00032,2025-03-17,66,66.0
SKU00032,2025-03-24,57,35.0
SKU00032,2025-03-31,96,45.0
SKU00032,2025-04-07,65,33.0
SKU00032,2025-04-14,53,53.0
SKU00032,2025-04-21,99,56.0
SKU00032,2025-04-28,66,80.0
SKU00032,2025-05-05,48,86.0
SKU00032,2025-05-12,48,67.0
SKU00032,2025-05-19,37,55.0
SKU00032,2025-05-26,43,66.0
SKU00032,2025-06-02,26,38.0
SKU00032,2025-06-09,69,97.0
SKU00032,2025-06-16,47,21.0
SKU00032,2025-06-23,48,86.0
SKU00032,2025-06-30,51,48.0
SKU00032,2025-07-07,71,44.0
SKU00032,2025-07-14,42,48.0
SKU00032,2025-07-21,58,53.0
SKU00032,2025-07-28,45,50.0
SKU00032,2025-08-04,71,30.0
SKU00032,2025-08-11,34,98.0
SKU00032,2025-08-18,39,43.0
SKU00032,2025-08-25,58,46.0
SKU00032,2025-09-01,55,60.0
SKU00032,2025-09-08,39,60.0
SKU00032,2025-09-15,55,55.0
SKU00032,2025-09-22,80,82.0
SKU00032,2025-09-29,60,40.0
SKU00032,2025-10-06,62,46.0
SKU00032,2025-10-13,62,90.0
SKU00032,2025-10-20,61,55.0
SKU00032,2025-10-27,72,95.0
SKU00032,2025-11-03,77,56.0
SKU00032,2025-11-10,110,86.0
SKU00032,2025-11-17,91,67.0
SKU00032,2025-11-24,83,79.0
SKU00032,2025-12-01,120,91.0
SKU00032,2025-12-08,71,99.0
SKU00032,2025-12-15,60,104.0
SKU00032,2025-12-22,83,71.0
SKU00032,2025-12-29,40,75.0
SKU00033,2024-01-01,120,
SKU00033,2024-01-08,42,
SKU00033,2024-01-15,44,
SKU00033,2024-01-22,28,
SKU00033,2024-01-29,51,
SKU00033,2024-02-05,44,
SKU00033,2024-02-12,35,
SKU00033,2024-02-19,39,
SKU00033,2024-02-26,42,
SKU00033,2024-03-04,47,
SKU00033,2024-03-11,57,
SKU00033,2024-03-18,50,
SKU00033,2024-03-25,46,
SKU00033,2024-04-01,72,
SKU00033,2024-04-08,116,
SKU00033,2024-04-15,46,
SKU00033,2024-04-22,77,
SKU00033,2024-04-29,33,
SKU00033,2024-05-06,63,
SKU00033,2024-05-13,58,
SKU00033,2024-05-20,57,
SKU00033,2024-05-27,60,
SKU00033,2024-06-03,41,
SKU00033,2024-06-10,45,
SKU00033,2024-06-17,47,
SKU00033,2024-06-24,49,
SKU00033,2024-07-01,42,
SKU00033,2024-07-08,45,
SKU00033,2024-07-15,51,
SKU00033,2024-07-22,58,
SKU00033,2024-07-29,36,
SKU00033,2024-08-05,73,
SKU00033,2024-08-12,63,
SKU00033,2024-08-19,68,
SKU00033,2024-08-26,51,
SKU00033,2024-09-02,65,
SKU00033,2024-09-09,44,
SKU00033,2024-09-16,51,
SKU00033,2024-09-23,61,
SKU00033,2024-09-30,35,
SKU00033,2024-10-07,54,
SKU00033,2024-10-14,50,
SKU00033,2024-10-21,74,
SKU00033,2024-10-28,96,
SKU00033,2024-11-04,92,
SKU00033,2024-11-11,138,
SKU00033,2024-11-18,76,
SKU00033,2024-11-25,106,
SKU00033,2024-12-02,69,
SKU00033,2024-12-09,84,
SKU00033,2024-12-16,48,
SKU00033,2024-12-23,92,
SKU00033,2024-12-30,47,120.0
SKU00033,2025-01-06,37,42.0
SKU00033,2025-01-13,54,44.0
SKU00033,2025-01-20,43,28.0
SKU00033,2025-01-27,38,51.0
SKU00033,2025-02-03,49,44.0
SKU00033,2025-02-10,78,35.0
SKU00033,2025-02-17,21,39.0
SKU00033,2025-02-24,65,42.0
SKU00033,2025-03-03,80,47.0
SKU00033,2025-03-10,36,57.0
SKU00033,2025-03-17,65,50.0
SKU00033,2025-03-24,59,46.0
SKU00033,2025-03-31,36,72.0
SKU00033,2025-04-07,71,116.0
SKU00033,2025-04-14,63,46.0
SKU00033,2025-04-21,61,77.0
SKU00033,2025-04-28,60,33.0
SKU00033,2025-05-05,40,63.0
SKU00033,2025-05-12,55,58.0
SKU00033,2025-05-19,20,57.0
SKU00033,2025-05-26,64,60.0
SKU00033,2025-06-02,46,41.0
SKU00033,2025-06-09,45,45.0
SKU00033,2025-06-16,50,47.0
SKU00033,2025-06-23,39,49.0
SKU00033,2025-06-30,68,42.0
SKU00033,2025-07-07,22,45.0
SKU00033,2025-07-14,55,51.0
SKU00033,2025-07-21,39,58.0
SKU00033,2025-07-28,93,36.0
SKU00033,2025-08-04,54,73.0
SKU00033,2025-08-11,84,63.0
SKU00033,2025-08-18,50,68.0
SKU00033,2025-08-25,38,51.0
SKU00033,2025-09-01,68,65.0
SKU00033,2025-09-08,38,44.0
SKU00033,2025-09-15,53,51.0
SKU00033,2025-09-22,63,61.0
SKU00033,2025-09-29,73,35.0
SKU00033,2025-10-06,49,54.0
SKU00033,2025-10-13,67,50.0
SKU00033,2025-10-20,44,74.0
SKU00033,2025-10-27,54,96.0
SKU00033,2025-11-03,85,92.0
SKU00033,2025-11-10,68,138.0
SKU00033,2025-11-17,47,76.0
SKU00033,2025-11-24,76,106.0
SKU00033,2025-12-01,89,69.0
SKU00033,2025-12-08,113,84.0
SKU00033,2025-12-15,101,48.0
SKU00033,2025-12-22,68,92.0
SKU00033,2025-12-29,31,47.0
SKU00034,2024-01-01,36,
SKU00034,2024-01-08,51,
SKU00034,2024-01-15,38,
SKU00034,2024-01-22,76,
SKU00034,2024-01-29,53,
SKU00034,2024-02-05,68,
SKU00034,2024-02-12,50,
SKU00034,2024-02-19,55,
SKU00034,2024-02-26,40,
SKU00034,2024-03-04,73,
SKU00034,2024-03-11,52,
SKU00034,2024-03-18,60,
SKU00034,2024-03-25,67,
SKU00034,2024-04-01,66,
SKU00034,2024-04-08,50,
SKU00034,2024-04-15,58,
SKU00034,2024-04-22,61,
SKU00034,2024-04-29,51,
SKU00034,2024-05-06,38,
SKU00034,2024-05-13,32,
SKU00034,2024-05-20,84,
SKU00034,2024-05-27,50,
SKU00034,2024-06-03,58,
SKU00034,2024-06-10,47,
SKU00034,2024-06-17,53,
SKU00034,2024-06-24,68,
SKU00034,2024-07-01,70,
SKU00034,2024-07-08,38,
SKU00034,2024-07-15,63,
SKU00034,2024-07-22,41,
SKU00034,2024-07-29,63,
SKU00034,2024-08-05,55,
SKU00034,2024-08-12,66,
SKU00034,2024-08-19,80,
SKU00034,2024-08-26,70,
SKU00034,2024-09-02,64,
SKU00034,2024-09-09,92,
SKU00034,2024-09-16,59,
SKU00034,2024-09-23,36,
SKU00034,2024-09-30,36,
SKU00034,2024-10-07,73,
SKU00034,2024-10-14,71,
SKU00034,2024-10-21,44,
SKU00034,2024-10-28,67,
SKU00034,2024-11-04,99,
SKU00034,2024-11-11,105,
SKU00034,2024-11-18,77,
SKU00034,2024-11-25,68,
SKU00034,2024-12-02,79,
SKU00034,2024-12-09,96,
SKU00034,2024-12-16,99,
SKU00034,2024-12-23,108,
SKU00034,2024-12-30,77,36.0
SKU00034,2025-01-06,31,51.0
SKU00034,2025-01-13,39,38.0
SKU00034,2025-01-20,54,76.0
SKU00034,2025-01-27,38,53.0
SKU00034,2025-02-03,41,68.0
SKU00034,2025-02-10,55,50.0
SKU00034,2025-02-17,39,55.0
SKU00034,2025-02-24,36,40.0
SKU00034,2025-03-03,71,73.0
SKU00034,2025-03-10,64,52.0
SKU00034,2025-03-17,42,60.0
SKU00034,2025-03-24,94,67.0
SKU00034,2025-03-31,65,66.0
SKU00034,2025-04-07,91,50.0
SKU00034,2025-04-14,58,58.0
SKU00034,2025-04-21,68,61.0
SKU00034,2025-04-28,48,51.0
SKU00034,2025-05-05,34,38.0
SKU00034,2025-05-12,72,32.0
SKU00034,2025-05-19,47,84.0
SKU00034,2025-05-26,54,50.0
SKU00034,2025-06-02,41,58.0
SKU00034,2025-06-09,45,47.0
SKU00034,2025-06-16,52,53.0
SKU00034,2025-06-23,50,68.0
SKU00034,2025-06-30,66,70.0
SKU00034,2025-07-07,68,38.0
SKU00034,2025-07-14,77,63.0
SKU00034,2025-07-21,62,41.0
SKU00034,2025-07-28,64,63.0
SKU00034,2025-08-04,38,55.0
SKU00034,2025-08-11,48,66.0
SKU00034,2025-08-18,41,80.0
SKU00034,2025-08-25,44,70.0
SKU00034,2025-09-01,64,64.0
SKU00034,2025-09-08,47,92.0
SKU00034,2025-09-15,36,59.0
SKU00034,2025-09-22,46,36.0
SKU00034,2025-09-29,77,36.0
SKU00034,2025-10-06,56,73.0
SKU00034,2025-10-13,30,71.0
SKU00034,2025-10-20,40,44.0
SKU00034,2025-10-27,65,67.0
SKU00034,2025-11-03,89,99.0
SKU00034,2025-11-10,78,105.0
SKU00034,2025-11-17,104,77.0
SKU00034,2025-11-24,88,68.0
SKU00034,2025-12-01,84,79.0
SKU00034,2025-12-08,102,96.0
SKU00034,2025-12-15,69,99.0
SKU00034,2025-12-22,91,108.0
SKU00034,2025-12-29,40,77.0
SKU00035,2024-01-01,82,
SKU00035,2024-01-08,32,
SKU00035,2024-01-15,55,
SKU00035,2024-01-22,51,
SKU00035,2024-01-29,37,
SKU00035,2024-02-05,46,
SKU00035,2024-02-12,54,
SKU00035,2024-02-19,42,
SKU00035,2024-02-26,47,
SKU00035,2024-03-04,37,
SKU00035,2024-03-11,42,
SKU00035,2024-03-18,32,
SKU00035,2024-03-25,61,
SKU00035,2024-04-01,40,
SKU00035,2024-04-08,59,
SKU00035,2024-04-15,50,
SKU00035,2024-04-22,34,
SKU00035,2024-04-29,76,
SKU00035,2024-05-06,62,
SKU00035,2024-05-13,54,
SKU00035,2024-05-20,43,
SKU00035,2024-05-27,40,
SKU00035,2024-06-03,58,
SKU00035,2024-06-10,65,
SKU00035,2024-06-17,65,
SKU00035,2024-06-24,37,
SKU00035,2024-07-01,70,
SKU00035,2024-07-08,30,
SKU00035,2024-07-15,46,
SKU00035,2024-07-22,97,
SKU00035,2024-07-29,46,
SKU00035,2024-08-05,33,
SKU00035,2024-08-12,40,
SKU00035,2024-08-19,43,
SKU00035,2024-08-26,73,
SKU00035,2024-09-02,59,
SKU00035,2024-09-09,83,
SKU00035,2024-09-16,65,
SKU00035,2024-09-23,52,
SKU00035,2024-09-30,45,
SKU00035,2024-10-07,56,
SKU00035,2024-10-14,45,
SKU00035,2024-10-21,74,
SKU00035,2024-10-28,64,
SKU00035,2024-11-04,86,
SKU00035,2024-11-11,89,
SKU00035,2024-11-18,115,
SKU00035,2024-11-25,84,
SKU00035,2024-12-02,76,
SKU00035,2024-12-09,99,
SKU00035,2024-12-16,80,
SKU00035,2024-12-23,77,
SKU00035,2024-12-30,63,82.0
SKU00035,2025-01-06,41,32.0
SKU00035,2025-01-13,34,55.0
SKU00035,2025-01-20,36,51.0
SKU00035,2025-01-27,70,37.0
SKU00035,2025-02-03,40,46.0
SKU00035,2025-02-10,64,54.0
SKU00035,2025-02-17,56,42.0
SKU00035,2025-02-24,44,47.0
SKU00035,2025-03-03,42,37.0
SKU00035,2025-03-10,58,42.0
SKU00035,2025-03-17,39,32.0
SKU00035,2025-03-24,35,61.0
SKU00035,2025-03-31,22,40.0
SKU00035,2025-04-07,66,59.0
SKU00035,2025-04-14,64,50.0
SKU00035,2025-04-21,63,34.0
SKU00035,2025-04-28,41,76.0
SKU00035,2025-05-05,51,62.0
SKU00035,2025-05-12,80,54.0
SKU00035,2025-05-19,38,43.0
SKU00035,2025-05-26,56,40.0
SKU00035,2025-06-02,39,58.0
SKU00035,2025-06-09,36,65.0
SKU00035,2025-06-16,52,65.0
SKU00035,2025-06-23,61,37.0
SKU00035,2025-06-30,72,70.0
SKU00035,2025-07-07,47,30.0
SKU00035,2025-07-14,64,46.0
SKU00035,2025-07-21,46,97.0
SKU00035,2025-07-28,28,46.0
SKU00035,2025-08-04,40,33.0
SKU00035,2025-08-11,80,40.0
SKU00035,2025-08-18,48,43.0
SKU00035,2025-08-25,57,73.0
SKU00035,2025-09-01,48,59.0
SKU00035,2025-09-08,60,83.0
SKU00035,2025-09-15,57,65.0
SKU00035,2025-09-22,63,52.0
SKU00035,2025-09-29,79,45.0
SKU00035,2025-10-06,62,56.0
SKU00035,2025-10-13,45,45.0
SKU00035,2025-10-20,62,74.0
SKU00035,2025-10-27,92,64.0
SKU00035,2025-11-03,69,86.0
SKU00035,2025-11-10,74,89.0
SKU00035,2025-11-17,81,115.0
SKU00035,2025-11-24,107,84.0
SKU00035,2025-12-01,64,76.0
SKU00035,2025-12-08,94,99.0
SKU00035,2025-12-15,101,80.0
SKU00035,2025-12-22,116,77.0
SKU00035,2025-12-29,56,63.0
SKU00036,2024-01-01,60,
SKU00036,2024-01-08,51,
SKU00036,2024-01-15,47,
SKU00036,2024-01-22,38,
SKU00036,2024-01-29,27,
SKU00036,2024-02-05,37,
SKU00036,2024-02-12,32,
SKU00036,2024-02-19,31,
SKU00036,2024-02-26,60,
SKU00036,2024-03-04,80,
SKU00036,2024-03-11,63,
SKU00036,2024-03-18,54,
SKU00036,2024-03-25,51,
SKU00036,2024-04-01,48,
SKU00036,2024-04-08,38,
SKU00036,2024-04-15,65,
SKU00036,2024-04-22,60,
SKU00036,2024-04-29,63,
SKU00036,2024-05-06,31,
SKU00036,2024-05-13,59,
SKU00036,2024-05-20,70,
SKU00036,2024-05-27,54,
SKU00036,2024-06-03,41,
SKU00036,2024-06-10,45,
SKU00036,2024-06-17,55,
SKU00036,2024-06-24,39,
SKU00036,2024-07-01,48,
SKU00036,2024-07-08,47,
SKU00036,2024-07-15,78,
SKU00036,2024-07-22,45,
SKU00036,2024-07-29,55,
SKU00036,2024-08-05,40,
SKU00036,2024-08-12,63,
SKU00036,2024-08-19,31,
SKU00036,2024-08-26,40,
SKU00036,2024-09-02,73,
SKU00036,2024-09-09,45,
SKU00036,2024-09-16,63,
SKU00036,2024-09-23,74,
SKU00036,2024-09-30,75,
SKU00036,2024-10-07,67,
SKU00036,2024-10-14,45,
SKU00036,2024-10-21,65,
SKU00036,2024-10-28,83,
SKU00036,2024-11-04,97,
SKU00036,2024-11-11,105,
SKU00036,2024-11-18,126,
SKU00036,2024-11-25,99,
SKU00036,2024-12-02,128,
SKU00036,2024-12-09,96,
SKU00036,2024-12-16,82,
SKU00036,2024-12-23,117,
SKU00036,2024-12-30,59,60.0
SKU00036,2025-01-06,72,51.0
SKU00036,2025-01-13,45,47.0
SKU00036,2025-01-20,62,38.0
SKU00036,2025-01-27,74,27.0
SKU00036,2025-02-03,31,37.0
SKU00036,2025-02-10,33,32.0
SKU00036,2025-02-17,68,31.0
SKU00036,2025-02-24,35,60.0
SKU00036,2025-03-03,72,80.0
SKU00036,2025-03-10,34,63.0
SKU00036,2025-03-17,79,54.0
SKU00036,2025-03-24,51,51.0
SKU00036,2025-03-31,47,48.0
SKU00036,2025-04-07,41,38.0
SKU00036,2025-04-14,42,65.0
SKU00036,2025-04-21,39,60.0
SKU00036,2025-04-28,62,63.0
SKU00036,2025-05-05,54,31.0
SKU00036,2025-05-12,48,59.0
SKU00036,2025-05-19,38,70.0
SKU00036,2025-05-26,39,54.0
SKU00036,2025-06-02,59,41.0
SKU00036,2025-06-09,64,45.0
SKU00036,2025-06-16,55,55.0
SKU00036,2025-06-23,56,39.0
SKU00036,2025-06-30,45,48.0
SKU00036,2025-07-07,25,47.0
SKU00036,2025-07-14,24,78.0
SKU00036,2025-07-21,81,45.0
SKU00036,2025-07-28,59,55.0
SKU00036,2025-08-04,47,40.0
SKU00036,2025-08-11,46,63.0
SKU00036,2025-08-18,61,31.0
SKU00036,2025-08-25,23,40.0
SKU00036,2025-09-01,78,73.0
SKU00036,2025-09-08,65,45.0
SKU00036,2025-09-15,56,63.0
SKU00036,2025-09-22,44,74.0
SKU00036,2025-09-29,45,75.0
SKU00036,2025-10-06,64,67.0
SKU00036,2025-10-13,27,45.0
SKU00036,2025-10-20,64,65.0
SKU00036,2025-10-27,54,83.0
SKU00036,2025-11-03,57,97.0
SKU00036,2025-11-10,114,105.0
SKU00036,2025-11-17,47,126.0
SKU00036,2025-11-24,103,99.0
SKU00036,2025-12-01,72,128.0
SKU00036,2025-12-08,106,96.0
SKU00036,2025-12-15,92,82.0
SKU00036,2025-12-22,104,117.0
SKU00036,2025-12-29,43,59.0
SKU00037,2024-01-01,46,
SKU00037,2024-01-08,33,
SKU00037,2024-01-15,60,
SKU00037,2024-01-22,40,
SKU00037,2024-01-29,47,
SKU00037,2024-02-05,57,
SKU00037,2024-02-12,65,
SKU00037,2024-02-19,36,
SKU00037,2024-02-26,79,
SKU00037,2024-03-04,72,
SKU00037,2024-03-11,37,
SKU00037,2024-03-18,85,
SKU00037,2024-03-25,83,
SKU00037,2024-04-01,46,
SKU00037,2024-04-08,79,
SKU00037,2024-04-15,41,
SKU00037,2024-04-22,52,
SKU00037,2024-04-29,96,
SKU00037,2024-05-06,83,
SKU00037,2024-05-13,68,
SKU00037,2024-05-20,33,
SKU00037,2024-05-27,18,
SKU00037,2024-06-03,39,
SKU00037,2024-06-10,78,
SKU00037,2024-06-17,75,
SKU00037,2024-06-24,41,
SKU00037,2024-07-01,74,
SKU00037,2024-07-08,44,
SKU00037,2024-07-15,57,
SKU00037,2024-07-22,55,
SKU00037,2024-07-29,45,
SKU00037,2024-08-05,67,
SKU00037,2024-08-12,50,
SKU00037,2024-08-19,73,
SKU00037,2024-08-26,51,
SKU00037,2024-09-02,73,
SKU00037,2024-09-09,46,
SKU00037,2024-09-16,62,
SKU00037,2024-09-23,58,
SKU00037,2024-09-30,40,
SKU00037,2024-10-07,49,
SKU00037,2024-10-14,78,
SKU00037,2024-10-21,60,
SKU00037,2024-10-28,58,
SKU00037,2024-11-04,101,
SKU00037,2024-11-11,120,
SKU00037,2024-11-18,65,
SKU00037,2024-11-25,98,
SKU00037,2024-12-02,111,
SKU00037,2024-12-09,65,
SKU00037,2024-12-16,88,
SKU00037,2024-12-23,121,
SKU00037,2024-12-30,82,46.0
SKU00037,2025-01-06,42,33.0
SKU00037,2025-01-13,30,60.0
SKU00037,2025-01-20,46,40.0
SKU00037,2025-01-27,55,47.0
SKU00037,2025-02-03,49,57.0
SKU00037,2025-02-10,65,65.0
SKU00037,2025-02-17,106,36.0
SKU00037,2025-02-24,62,79.0
SKU00037,2025-03-03,36,72.0
SKU00037,2025-03-10,25,37.0
SKU00037,2025-03-17,64,85.0
SKU00037,2025-03-24,38,83.0
SKU00037,2025-03-31,46,46.0
SKU00037,2025-04-07,69,79.0
SKU00037,2025-04-14,65,41.0
SKU00037,2025-04-21,70,52.0
SKU00037,2025-04-28,61,96.0
SKU00037,2025-05-05,65,83.0
SKU00037,2025-05-12,36,68.0
SKU00037,2025-05-19,53,33.0
SKU00037,2025-05-26,59,18.0
SKU00037,2025-06-02,30,39.0
SKU00037,2025-06-09,15,78.0
SKU00037,2025-06-16,51,75.0
SKU00037,2025-06-23,51,41.0
SKU00037,2025-06-30,76,74.0
SKU00037,2025-07-07,34,44.0
SKU00037,2025-07-14,74,57.0
SKU00037,2025-07-21,41,55.0
SKU00037,2025-07-28,49,45.0
SKU00037,2025-08-04,45,67.0
SKU00037,2025-08-11,58,50.0
SKU00037,2025-08-18,53,73.0
SKU00037,2025-08-25,58,51.0
SKU00037,2025-09-01,60,73.0
SKU00037,2025-09-08,33,46.0
SKU00037,2025-09-15,41,62.0
SKU00037,2025-09-22,65,58.0
SKU00037,2025-09-29,51,40.0
SKU00037,2025-10-06,42,49.0
SKU00037,2025-10-13,64,78.0
SKU00037,2025-10-20,26,60.0
SKU00037,2025-10-27,52,58.0
SKU00037,2025-11-03,95,101.0
SKU00037,2025-11-10,81,120.0
SKU00037,2025-11-17,59,65.0
SKU00037,2025-11-24,114,98.0
SKU00037,2025-12-01,96,111.0
SKU00037,2025-12-08,81,65.0
SKU00037,2025-12-15,73,88.0
SKU00037,2025-12-22,120,121.0
SKU00037,2025-12-29,30,82.0
SKU00038,2024-01-01,62,
SKU00038,2024-01-08,22,
SKU00038,2024-01-15,65,
SKU00038,2024-01-22,62,
SKU00038,2024-01-29,24,
SKU00038,2024-02-05,29,
SKU00038,2024-02-12,57,
SKU00038,2024-02-19,21,
SKU00038,2024-02-26,31,
SKU00038,2024-03-04,43,
SKU00038,2024-03-11,60,
SKU00038,2024-03-18,62,
SKU00038,2024-03-25,61,
SKU00038,2024-04-01,71,
SKU00038,2024-04-08,50,
SKU00038,2024-04-15,29,
SKU00038,2024-04-22,49,
SKU00038,2024-04-29,49,
SKU00038,2024-05-06,61,
SKU00038,2024-05-13,55,
SKU00038,2024-05-20,66,
SKU00038,2024-05-27,66,
SKU00038,2024-06-03,42,
SKU00038,2024-06-10,89,
SKU00038,2024-06-17,70,
SKU00038,2024-06-24,47,
SKU00038,2024-07-01,78,
SKU00038,2024-07-08,75,
SKU00038,2024-07-15,78,
SKU00038,2024-07-22,33,
SKU00038,2024-07-29,42,
SKU00038,2024-08-05,11,
SKU00038,2024-08-12,56,
SKU00038,2024-08-19,76,
SKU00038,2024-08-26,46,
SKU00038,2024-09-02,30,
SKU00038,2024-09-09,74,
SKU00038,2024-09-16,69,
SKU00038,2024-09-23,90,
SKU00038,2024-09-30,79,
SKU00038,2024-10-07,38,
SKU00038,2024-10-14,46,
SKU00038,2024-10-21,34,
SKU00038,2024-10-28,68,
SKU00038,2024-11-04,60,
SKU00038,2024-11-11,96,
SKU00038,2024-11-18,90,
SKU00038,2024-11-25,86,
SKU00038,2024-12-02,69,
SKU00038,2024-12-09,102,
SKU00038,2024-12-16,91,
SKU00038,2024-12-23,123,
SKU00038,2024-12-30,32,62.0
SKU00038,2025-01-06,28,22.0
SKU00038,2025-01-13,54,65.0
SKU00038,2025-01-20,36,62.0
SKU00038,2025-01-27,39,24.0
SKU00038,2025-02-03,52,29.0
SKU00038,2025-02-10,50,57.0
SKU00038,2025-02-17,76,21.0
SKU00038,2025-02-24,61,31.0
SKU00038,2025-03-03,43,43.0
SKU00038,2025-03-10,62,60.0
SKU00038,2025-03-17,53,62.0
SKU00038,2025-03-24,55,61.0
SKU00038,2025-03-31,67,71.0
SKU00038,2025-04-07,41,50.0
SKU00038,2025-04-14,52,29.0
SKU00038,2025-04-21,50,49.0
SKU00038,2025-04-28,74,49.0
SKU00038,2025-05-05,71,61.0
SKU00038,2025-05-12,52,55.0
SKU00038,2025-05-19,55,66.0
SKU00038,2025-05-26,59,66.0
SKU00038,2025-06-02,39,42.0
SKU00038,2025-06-09,66,89.0
SKU00038,2025-06-16,73,70.0
SKU00038,2025-06-23,53,47.0
SKU00038,2025-06-30,43,78.0
SKU00038,2025-07-07,50,75.0
SKU00038,2025-07-14,53,78.0
SKU00038,2025-07-21,76,33.0
SKU00038,2025-07-28,50,42.0
SKU00038,2025-08-04,64,11.0
SKU00038,2025-08-11,47,56.0
SKU00038,2025-08-18,65,76.0
SKU00038,2025-08-25,43,46.0
SKU00038,2025-09-01,62,30.0
SKU00038,2025-09-08,80,74.0
SKU00038,2025-09-15,38,69.0
SKU00038,2025-09-22,38,90.0
SKU00038,2025-09-29,32,79.0
SKU00038,2025-10-06,58,38.0
SKU00038,2025-10-13,41,46.0
SKU00038,2025-10-20,41,34.0
SKU00038,2025-10-27,72,68.0
SKU00038,2025-11-03,99,60.0
SKU00038,2025-11-10,69,96.0
SKU00038,2025-11-17,110,90.0
SKU00038,2025-11-24,70,86.0
SKU00038,2025-12-01,107,69.0
SKU00038,2025-12-08,122,102.0
SKU00038,2025-12-15,65,91.0
SKU00038,2025-12-22,68,123.0
SKU00038,2025-12-29,36,32.0
SKU00039,2024-01-01,71,
SKU00039,2024-01-08,39,
SKU00039,2024-01-15,56,
SKU00039,2024-01-22,43,
SKU00039,2024-01-29,28,
SKU00039,2024-02-05,49,
SKU00039,2024-02-12,51,
SKU00039,2024-02-19,51,
SKU00039,2024-02-26,45,
SKU00039,2024-03-04,40,
SKU00039,2024-03-11,66,
SKU00039,2024-03-18,52,
SKU00039,2024-03-25,73,
SKU00039,2024-04-01,51,
SKU00039,2024-04-08,74,
SKU00039,2024-04-15,53,
SKU00039,2024-04-22,59,
SKU00039,2024-04-29,72,
SKU00039,2024-05-06,56,
SKU00039,2024-05-13,51,
SKU00039,2024-05-20,63,
SKU00039,2024-05-27,53,
SKU00039,2024-06-03,47,
SKU00039,2024-06-10,67,
SKU00039,2024-06-17,24,
SKU00039,2024-06-24,51,
SKU00039,2024-07-01,76,
SKU00039,2024-07-08,86,
SKU00039,2024-07-15,53,
SKU00039,2024-07-22,58,
SKU00039,2024-07-29,52,
SKU00039,2024-08-05,40,
SKU00039,2024-08-12,85,
SKU00039,2024-08-19,31,
SKU00039,2024-08-26,42,
SKU00039,2024-09-02,68,
SKU00039,2024-09-09,23,
SKU00039,2024-09-16,35,
SKU00039,2024-09-23,54,
SKU00039,2024-09-30,28,
SKU00039,2024-10-07,57,
SKU00039,2024-10-14,37,
SKU00039,2024-10-21,54,
SKU00039,2024-10-28,72,
SKU00039,2024-11-04,74,
SKU00039,2024-11-11,81,
SKU00039,2024-11-18,80,
SKU00039,2024-11-25,102,
SKU00039,2024-12-02,84,
SKU00039,2024-12-09,105,
SKU00039,2024-12-16,87,
SKU00039,2024-12-23,117,
SKU00039,2024-12-30,53,71.0
SKU00039,2025-01-06,52,39.0
SKU00039,2025-01-13,37,56.0
SKU00039,2025-01-20,15,43.0
SKU00039,2025-01-27,37,28.0
SKU00039,2025-02-03,27,49.0
SKU00039,2025-02-10,63,51.0
SKU00039,2025-02-17,37,51.0
SKU00039,2025-02-24,46,45.0
SKU00039,2025-03-03,44,40.0
SKU00039,2025-03-10,38,66.0
SKU00039,2025-03-17,52,52.0
SKU00039,2025-03-24,101,73.0
SKU00039,2025-03-31,52,51.0
SKU00039,2025-04-07,48,74.0
SKU00039,2025-04-14,69,53.0
SKU00039,2025-04-21,43,59.0
SKU00039,2025-04-28,56,72.0
SKU00039,2025-05-05,37,56.0
SKU00039,2025-05-12,60,51.0
SKU00039,2025-05-19,64,63.0
SKU00039,2025-05-26,60,53.0
SKU00039,2025-06-02,20,47.0
SKU00039,2025-06-09,47,67.0
SKU00039,2025-06-16,50,24.0
SKU00039,2025-06-23,71,51.0
SKU00039,2025-06-30,29,76.0
SKU00039,2025-07-07,54,86.0
SKU00039,2025-07-14,59,53.0
SKU00039,2025-07-21,72,58.0
SKU00039,2025-07-28,58,52.0
SKU00039,2025-08-04,73,40.0
SKU00039,2025-08-11,79,85.0
SKU00039,2025-08-18,33,31.0
SKU00039,2025-08-25,54,42.0
SKU00039,2025-09-01,63,68.0
SKU00039,2025-09-08,28,23.0
SKU00039,2025-09-15,59,35.0
SKU00039,2025-09-22,36,54.0
SKU00039,2025-09-29,41,28.0
SKU00039,2025-10-06,48,57.0
SKU00039,2025-10-13,87,37.0
SKU00039,2025-10-20,75,54.0
SKU00039,2025-10-27,56,72.0
SKU00039,2025-11-03,59,74.0
SKU00039,2025-11-10,83,81.0
SKU00039,2025-11-17,92,80.0
SKU00039,2025-11-24,101,102.0
SKU00039,2025-12-01,133,84.0
SKU00039,2025-12-08,60,105.0
SKU00039,2025-12-15,93,87.0
SKU00039,2025-12-22,59,117.0
SKU00039,2025-12-29,13,53.0
SKU00040,2024-01-01,37,
SKU00040,2024-01-08,47,
SKU00040,2024-01-15,22,
SKU00040,2024-01-22,44,
SKU00040,2024-01-29,61,
SKU00040,2024-02-05,43,
SKU00040,2024-02-12,10,
SKU00040,2024-02-19,49,
SKU00040,2024-02-26,33,
SKU00040,2024-03-04,79,
SKU00040,2024-03-11,44,
SKU00040,2024-03-18,52,
SKU00040,2024-03-25,61,
SKU00040,2024-04-01,69,
SKU00040,2024-04-08,61,
SKU00040,2024-04-15,39,
SKU00040,2024-04-22,91,
SKU00040,2024-04-29,60,
SKU00040,2024-05-06,53,
SKU00040,2024-05-13,42,
SKU00040,2024-05-20,67,
SKU00040,2024-05-27,40,
SKU00040,2024-06-03,101,
SKU00040,2024-06-10,77,
SKU00040,2024-06-17,57,
SKU00040,2024-06-24,68,
SKU00040,2024-07-01,60,
SKU00040,2024-07-08,69,
SKU00040,2024-07-15,81,
SKU00040,2024-07-22,57,
SKU00040,2024-07-29,43,
SKU00040,2024-08-05,43,
SKU00040,2024-08-12,52,
SKU00040,2024-08-19,44,
SKU00040,2024-08-26,55,
SKU00040,2024-09-02,49,
SKU00040,2024-09-09,32,
SKU00040,2024-09-16,43,
SKU00040,2024-09-23,73,
SKU00040,2024-09-30,15,
SKU00040,2024-10-07,37,
SKU00040,2024-10-14,46,
SKU00040,2024-10-21,43,
SKU00040,2024-10-28,64,
SKU00040,2024-11-04,103,
SKU00040,2024-11-11,138,
SKU00040,2024-11-18,92,
SKU00040,2024-11-25,65,
SKU00040,2024-12-02,77,
SKU00040,2024-12-09,99,
SKU00040,2024-12-16,69,
SKU00040,2024-12-23,76,
SKU00040,2024-12-30,75,37.0
SKU00040,2025-01-06,46,47.0
SKU00040,2025-01-13,42,22.0
SKU00040,2025-01-20,59,44.0
SKU00040,2025-01-27,62,61.0
SKU00040,2025-02-03,41,43.0
SKU00040,2025-02-10,56,10.0
SKU00040,2025-02-17,53,49.0
SKU00040,2025-02-24,18,33.0
SKU00040,2025-03-03,59,79.0
SKU00040,2025-03-10,74,44.0
SKU00040,2025-03-17,33,52.0
SKU00040,2025-03-24,78,61.0
SKU00040,2025-03-31,51,69.0
SKU00040,2025-04-07,38,61.0
SKU00040,2025-04-14,77,39.0
SKU00040,2025-04-21,64,91.0
SKU00040,2025-04-28,69,60.0
SKU00040,2025-05-05,40,53.0
SKU00040,2025-05-12,69,42.0
SKU00040,2025-05-19,54,67.0
SKU00040,2025-05-26,26,40.0
SKU00040,2025-06-02,44,101.0
SKU00040,2025-06-09,68,77.0
SKU00040,2025-06-16,42,57.0
SKU00040,2025-06-23,61,68.0
SKU00040,2025-06-30,88,60.0
SKU00040,2025-07-07,47,69.0
SKU00040,2025-07-14,37,81.0
SKU00040,2025-07-21,54,57.0
SKU00040,2025-07-28,54,43.0
SKU00040,2025-08-04,50,43.0
SKU00040,2025-08-11,43,52.0
SKU00040,2025-08-18,52,44.0
SKU00040,2025-08-25,56,55.0
SKU00040,2025-09-01,73,49.0
SKU00040,2025-09-08,69,32.0
SKU00040,2025-09-15,29,43.0
SKU00040,2025-09-22,36,73.0
SKU00040,2025-09-29,58,15.0
SKU00040,2025-10-06,60,37.0
SKU00040,2025-10-13,42,46.0
SKU00040,2025-10-20,64,43.0
SKU00040,2025-10-27,52,64.0
SKU00040,2025-11-03,99,103.0
SKU00040,2025-11-10,62,138.0
SKU00040,2025-11-17,84,92.0
SKU00040,2025-11-24,59,65.0
SKU00040,2025-12-01,83,77.0
SKU00040,2025-12-08,88,99.0
SKU00040,2025-12-15,131,69.0
SKU00040,2025-12-22,78,76.0
SKU00040,2025-12-29,53,75.0
SKU00041,2024-01-01,29,
SKU00041,2024-01-08,40,
SKU00041,2024-01-15,49,
SKU00041,2024-01-22,55,
SKU00041,2024-01-29,46,
SKU00041,2024-02-05,54,
SKU00041,2024-02-12,32,
SKU00041,2024-02-19,29,
SKU00041,2024-02-26,49,
SKU00041,2024-03-04,30,
SKU00041,2024-03-11,58,
SKU00041,2024-03-18,80,
SKU00041,2024-03-25,36,
SKU00041,2024-04-01,30,
SKU00041,2024-04-08,68,
SKU00041,2024-04-15,35,
SKU00041,2024-04-22,54,
SKU00041,2024-04-29,26,
SKU00041,2024-05-06,89,
SKU00041,2024-05-13,82,
SKU00041,2024-05-20,50,
SKU00041,2024-05-27,44,
SKU00041,2024-06-03,45,
SKU00041,2024-06-10,58,
SKU00041,2024-06-17,55,
SKU00041,2024-06-24,43,
SKU00041,2024-07-01,82,
SKU00041,2024-07-08,35,
SKU00041,2024-07-15,90,
SKU00041,2024-07-22,91,
SKU00041,2024-07-29,42,
SKU00041,2024-08-05,32,
SKU00041,2024-08-12,49,
SKU00041,2024-08-19,34,
SKU00041,2024-08-26,55,
SKU00041,2024-09-02,75,
SKU00041,2024-09-09,26,
SKU00041,2024-09-16,35,
SKU00041,2024-09-23,53,
SKU00041,2024-09-30,70,
SKU00041,2024-10-07,64,
SKU00041,2024-10-14,56,
SKU00041,2024-10-21,37,
SKU00041,2024-10-28,41,
SKU00041,2024-11-04,86,
SKU00041,2024-11-11,106,
SKU00041,2024-11-18,116,
SKU00041,2024-11-25,73,
SKU00041,2024-12-02,67,
SKU00041,2024-12-09,49,
SKU00041,2024-12-16,73,
SKU00041,2024-12-23,103,
SKU00041,2024-12-30,54,29.0
SKU00041,2025-01-06,25,40.0
SKU00041,2025-01-13,51,49.0
SKU00041,2025-01-20,48,55.0
SKU00041,2025-01-27,34,46.0
SKU00041,2025-02-03,52,54.0
SKU00041,2025-02-10,23,32.0
SKU00041,2025-02-17,50,29.0
SKU00041,2025-02-24,17,49.0
SKU00041,2025-03-03,50,30.0
SKU00041,2025-03-10,61,58.0
SKU00041,2025-03-17,67,80.0
SKU00041,2025-03-24,61,36.0
SKU00041,2025-03-31,54,30.0
SKU00041,2025-04-07,87,68.0
SKU00041,2025-04-14,40,35.0
SKU00041,2025-04-21,84,54.0
SKU00041,2025-04-28,55,26.0
SKU00041,2025-05-05,58,89.0
SKU00041,2025-05-12,87,82.0
SKU00041,2025-05-19,57,50.0
SKU00041,2025-05-26,52,44.0
SKU00041,2025-06-02,46,45.0
SKU00041,2025-06-09,45,58.0
SKU00041,2025-06-16,67,55.0
SKU00041,2025-06-23,41,43.0
SKU00041,2025-06-30,19,82.0
SKU00041,2025-07-07,44,35.0
SKU00041,2025-07-14,42,90.0
SKU00041,2025-07-21,62,91.0
SKU00041,2025-07-28,63,42.0
SKU00041,2025-08-04,85,32.0
SKU00041,2025-08-11,52,49.0
SKU00041,2025-08-18,67,34.0
SKU00041,2025-08-25,44,55.0
SKU00041,2025-09-01,58,75.0
SKU00041,2025-09-08,31,26.0
SKU00041,2025-09-15,39,35.0
SKU00041,2025-09-22,57,53.0
SKU00041,2025-09-29,48,70.0
SKU00041,2025-10-06,63,64.0
SKU00041,2025-10-13,72,56.0
SKU00041,2025-10-20,84,37.0
SKU00041,2025-10-27,63,41.0
SKU00041,2025-11-03,54,86.0
SKU00041,2025-11-10,70,106.0
SKU00041,2025-11-17,114,116.0
SKU00041,2025-11-24,77,73.0
SKU00041,2025-12-01,79,67.0
SKU00041,2025-12-08,82,49.0
SKU00041,2025-12-15,97,73.0
SKU00041,2025-12-22,81,103.0
SKU00041,2025-12-29,38,54.0
SKU00042,2024-01-01,70,
SKU00042,2024-01-08,36,
SKU00042,2024-01-15,36,
SKU00042,2024-01-22,48,
SKU00042,2024-01-29,60,
SKU00042,2024-02-05,60,
SKU00042,2024-02-12,64,
SKU00042,2024-02-19,21,
SKU00042,2024-02-26,64,
SKU00042,2024-03-04,29,
SKU00042,2024-03-11,64,
SKU00042,2024-03-18,65,
SKU00042,2024-03-25,59,
SKU00042,2024-04-01,29,
SKU00042,2024-04-08,78,
SKU00042,2024-04-15,45,
SKU00042,2024-04-22,44,
SKU00042,2024-04-29,76,
SKU00042,2024-05-06,47,
SKU00042,2024-05-13,55,
SKU00042,2024-05-20,47,
SKU00042,2024-05-27,45,
SKU00042,2024-06-03,55,
SKU00042,2024-06-10,47,
SKU00042,2024-06-17,52,
SKU00042,2024-06-24,58,
SKU00042,2024-07-01,51,
SKU00042,2024-07-08,17,
SKU00042,2024-07-15,47,
SKU00042,2024-07-22,59,
SKU00042,2024-07-29,45,
SKU00042,2024-08-05,73,
SKU00042,2024-08-12,36,
SKU00042,2024-08-19,36,
SKU00042,2024-08-26,35,
SKU00042,2024-09-02,44,
SKU00042,2024-09-09,27,
SKU00042,2024-09-16,67,
SKU00042,2024-09-23,51,
SKU00042,2024-09-30,56,
SKU00042,2024-10-07,43,
SKU00042,2024-10-14,56,
SKU00042,2024-10-21,39,
SKU00042,2024-10-28,71,
SKU00042,2024-11-04,112,
SKU00042,2024-11-11,108,
SKU00042,2024-11-18,73,
SKU00042,2024-11-25,69,
SKU00042,2024-12-02,68,
SKU00042,2024-12-09,65,
SKU00042,2024-12-16,104,
SKU00042,2024-12-23,88,
SKU00042,2024-12-30,45,70.0
SKU00042,2025-01-06,45,36.0
SKU00042,2025-01-13,64,36.0
SKU00042,2025-01-20,47,48.0
SKU00042,2025-01-27,33,60.0
SKU00042,2025-02-03,46,60.0
SKU00042,2025-02-10,43,64.0
SKU00042,2025-02-17,50,21.0
SKU00042,2025-02-24,48,64.0
SKU00042,2025-03-03,59,29.0
SKU00042,2025-03-10,46,64.0
SKU00042,2025-03-17,57,65.0
SKU00042,2025-03-24,52,59.0
SKU00042,2025-03-31,59,29.0
SKU00042,2025-04-07,31,78.0
SKU00042,2025-04-14,62,45.0
SKU00042,2025-04-21,54,44.0
SKU00042,2025-04-28,61,76.0
SKU00042,2025-05-05,50,47.0
SKU00042,2025-05-12,60,55.0
SKU00042,2025-05-19,39,47.0
SKU00042,2025-05-26,26,45.0
SKU00042,2025-06-02,36,55.0
SKU00042,2025-06-09,49,47.0
SKU00042,2025-06-16,48,52.0
SKU00042,2025-06-23,75,58.0
SKU00042,2025-06-30,68,51.0
SKU00042,2025-07-07,29,17.0
SKU00042,2025-07-14,61,47.0
SKU00042,2025-07-21,94,59.0
SKU00042,2025-07-28,28,45.0
SKU00042,2025-08-04,89,73.0
SKU00042,2025-08-11,33,36.0
SKU00042,2025-08-18,53,36.0
SKU00042,2025-08-25,27,35.0
SKU00042,2025-09-01,67,44.0
SKU00042,2025-09-08,42,27.0
SKU00042,2025-09-15,32,67.0
SKU00042,2025-09-22,62,51.0
SKU00042,2025-09-29,53,56.0
SKU00042,2025-10-06,92,43.0
SKU00042,2025-10-13,53,56.0
SKU00042,2025-10-20,47,39.0
SKU00042,2025-10-27,73,71.0
SKU00042,2025-11-03,107,112.0
SKU00042,2025-11-10,89,108.0
SKU00042,2025-11-17,86,73.0
SKU00042,2025-11-24,91,69.0
SKU00042,2025-12-01,91,68.0
SKU00042,2025-12-08,85,65.0
SKU00042,2025-12-15,104,104.0
SKU00042,2025-12-22,90,88.0
SKU00042,2025-12-29,45,45.0
SKU00043,2024-01-01,52,
SKU00043,2024-01-08,38,
SKU00043,2024-01-15,41,
SKU00043,2024-01-22,30,
SKU00043,2024-01-29,52,
SKU00043,2024-02-05,43,
SKU00043,2024-02-12,24,
SKU00043,2024-02-19,54,
SKU00043,2024-02-26,39,
SKU00043,2024-03-04,47,
SKU00043,2024-03-11,38,
SKU00043,2024-03-18,38,
SKU00043,2024-03-25,45,
SKU00043,2024-04-01,87,
SKU00043,2024-04-08,78,
SKU00043,2024-04-15,37,
SKU00043,2024-04-22,38,
SKU00043,2024-04-29,83,
SKU00043,2024-05-06,42,
SKU00043,2024-05-13,47,
SKU00043,2024-05-20,64,
SKU00043,2024-05-27,53,
SKU00043,2024-06-03,55,
SKU00043,2024-06-10,59,
SKU00043,2024-06-17,78,
SKU00043,2024-06-24,42,
SKU00043,2024-07-01,37,
SKU00043,2024-07-08,61,
SKU00043,2024-07-15,54,
SKU00043,2024-07-22,63,
SKU00043,2024-07-29,60,
SKU00043,2024-08-05,51,
SKU00043,2024-08-12,63,
SKU00043,2024-08-19,59,
SKU00043,2024-08-26,58,
SKU00043,2024-09-02,76,
SKU00043,2024-09-09,54,
SKU00043,2024-09-16,36,
SKU00043,2024-09-23,49,
SKU00043,2024-09-30,55,
SKU00043,2024-10-07,56,
SKU00043,2024-10-14,35,
SKU00043,2024-10-21,44,
SKU00043,2024-10-28,88,
SKU00043,2024-11-04,66,
SKU00043,2024-11-11,81,
SKU00043,2024-11-18,95,
SKU00043,2024-11-25,89,
SKU00043,2024-12-02,79,
SKU00043,2024-12-09,74,
SKU00043,2024-12-16,83,
SKU00043,2024-12-23,85,
SKU00043,2024-12-30,44,52.0
SKU00043,2025-01-06,78,38.0
SKU00043,2025-01-13,60,41.0
SKU00043,2025-01-20,46,30.0
SKU00043,2025-01-27,61,52.0
SKU00043,2025-02-03,64,43.0
SKU00043,2025-02-10,32,24.0
SKU00043,2025-02-17,20,54.0
SKU00043,2025-02-24,45,39.0
SKU00043,2025-03-03,47,47.0
SKU00043,2025-03-10,53,38.0
SKU00043,2025-03-17,38,38.0
SKU00043,2025-03-24,59,45.0
SKU00043,2025-03-31,49,87.0
SKU00043,2025-04-07,46,78.0
SKU00043,2025-04-14,45,37.0
SKU00043,2025-04-21,64,38.0
SKU00043,2025-04-28,56,83.0
SKU00043,2025-05-05,65,42.0
SKU00043,2025-05-12,50,47.0
SKU00043,2025-05-19,20,64.0
SKU00043,2025-05-26,49,53.0
SKU00043,2025-06-02,58,55.0
SKU00043,2025-06-09,19,59.0
SKU00043,2025-06-16,54,78.0
SKU00043,2025-06-23,86,42.0
SKU00043,2025-06-30,59,37.0
SKU00043,2025-07-07,33,61.0
SKU00043,2025-07-14,73,54.0
SKU00043,2025-07-21,43,63.0
SKU00043,2025-07-28,53,60.0
SKU00043,2025-08-04,61,51.0
SKU00043,2025-08-11,57,63.0
SKU00043,2025-08-18,61,59.0
SKU00043,2025-08-25,32,58.0
SKU00043,2025-09-01,50,76.0
SKU00043,2025-09-08,43,54.0
SKU00043,2025-09-15,45,36.0
SKU00043,2025-09-22,37,49.0
SKU00043,2025-09-29,23,55.0
SKU00043,2025-10-06,52,56.0
SKU00043,2025-10-13,49,35.0
SKU00043,2025-10-20,46,44.0
SKU00043,2025-10-27,42,88.0
SKU00043,2025-11-03,71,66.0
SKU00043,2025-11-10,67,81.0
SKU00043,2025-11-17,49,95.0
SKU00043,2025-11-24,95,89.0
SKU00043,2025-12-01,97,79.0
SKU00043,2025-12-08,65,74.0
SKU00043,2025-12-15,102,83.0
SKU00043,2025-12-22,79,85.0
SKU00043,2025-12-29,45,44.0
SKU00044,2024-01-01,47,
SKU00044,2024-01-08,55,
SKU00044,2024-01-15,38,
SKU00044,2024-01-22,60,
SKU00044,2024-01-29,32,
SKU00044,2024-02-05,40,
SKU00044,2024-02-12,31,
SKU00044,2024-02-19,34,
SKU00044,2024-02-26,59,
SKU00044,2024-03-04,52,
SKU00044,2024-03-11,46,
SKU00044,2024-03-18,40,
SKU00044,2024-03-25,53,
SKU00044,2024-04-01,23,
SKU00044,2024-04-08,51,
SKU00044,2024-04-15,60,
SKU00044,2024-04-22,35,
SKU00044,2024-04-29,46,
SKU00044,2024-05-06,32,
SKU00044,2024-05-13,22,
SKU00044,2024-05-20,57,
SKU00044,2024-05-27,53,
SKU00044,2024-06-03,74,
SKU00044,2024-06-10,65,
SKU00044,2024-06-17,49,
SKU00044,2024-06-24,48,
SKU00044,2024-07-01,36,
SKU00044,2024-07-08,36,
SKU00044,2024-07-15,84,
SKU00044,2024-07-22,49,
SKU00044,2024-07-29,57,
SKU00044,2024-08-05,64,
SKU00044,2024-08-12,67,
SKU00044,2024-08-19,64,
SKU00044,2024-08-26,61,
SKU00044,2024-09-02,36,
SKU00044,2024-09-09,54,
SKU00044,2024-09-16,44,
SKU00044,2024-09-23,54,
SKU00044,2024-09-30,59,
SKU00044,2024-10-07,41,
SKU00044,2024-10-14,55,
SKU00044,2024-10-21,37,
SKU00044,2024-10-28,62,
SKU00044,2024-11-04,81,
SKU00044,2024-11-11,63,
SKU00044,2024-11-18,89,
SKU00044,2024-11-25,78,
SKU00044,2024-12-02,57,
SKU00044,2024-12-09,61,
SKU00044,2024-12-16,72,
SKU00044,2024-12-23,111,
SKU00044,2024-12-30,65,47.0
SKU00044,2025-01-06,48,55.0
SKU00044,2025-01-13,41,38.0
SKU00044,2025-01-20,61,60.0
SKU00044,2025-01-27,26,32.0
SKU00044,2025-02-03,36,40.0
SKU00044,2025-02-10,50,31.0
SKU00044,2025-02-17,40,34.0
SKU00044,2025-02-24,26,59.0
SKU00044,2025-03-03,48,52.0
SKU00044,2025-03-10,62,46.0
SKU00044,2025-03-17,64,40.0
SKU00044,2025-03-24,45,53.0
SKU00044,2025-03-31,75,23.0
SKU00044,2025-04-07,43,51.0
SKU00044,2025-04-14,28,60.0
SKU00044,2025-04-21,55,35.0
SKU00044,2025-04-28,30,46.0
SKU00044,2025-05-05,52,32.0
SKU00044,2025-05-12,34,22.0
SKU00044,2025-05-19,32,57.0
SKU00044,2025-05-26,50,53.0
SKU00044,2025-06-02,36,74.0
SKU00044,2025-06-09,55,65.0
SKU00044,2025-06-16,31,49.0
SKU00044,2025-06-23,42,48.0
SKU00044,2025-06-30,88,36.0
SKU00044,2025-07-07,40,36.0
SKU00044,2025-07-14,54,84.0
SKU00044,2025-07-21,62,49.0
SKU00044,2025-07-28,32,57.0
SKU00044,2025-08-04,58,64.0
SKU00044,2025-08-11,57,67.0
SKU00044,2025-08-18,65,64.0
SKU00044,2025-08-25,63,61.0
SKU00044,2025-09-01,36,36.0
SKU00044,2025-09-08,40,54.0
SKU00044,2025-09-15,52,44.0
SKU00044,2025-09-22,45,54.0
SKU00044,2025-09-29,33,59.0
SKU00044,2025-10-06,27,41.0
SKU00044,2025-10-13,72,55.0
SKU00044,2025-10-20,62,37.0
SKU00044,2025-10-27,26,62.0
SKU00044,2025-11-03,54,81.0
SKU00044,2025-11-10,150,63.0
SKU00044,2025-11-17,80,89.0
SKU00044,2025-11-24,75,78.0
SKU00044,2025-12-01,87,57.0
SKU00044,2025-12-08,102,61.0
SKU00044,2025-12-15,107,72.0
SKU00044,2025-12-22,81,111.0
SKU00044,2025-12-29,47,65.0
SKU00045,2024-01-01,44,
SKU00045,2024-01-08,51,
SKU00045,2024-01-15,69,
SKU00045,2024-01-22,35,
SKU00045,2024-01-29,51,
SKU00045,2024-02-05,66,
SKU00045,2024-02-12,71,
SKU00045,2024-02-19,71,
SKU00045,2024-02-26,53,
SKU00045,2024-03-04,38,
SKU00045,2024-03-11,55,
SKU00045,2024-03-18,56,
SKU00045,2024-03-25,52,
SKU00045,2024-04-01,75,
SKU00045,2024-04-08,58,
SKU00045,2024-04-15,45,
SKU00045,2024-04-22,47,
SKU00045,2024-04-29,72,
SKU00045,2024-05-06,56,
SKU00045,2024-05-13,51,
SKU00045,2024-05-20,47,
SKU00045,2024-05-27,25,
SKU00045,2024-06-03,88,
SKU00045,2024-06-10,35,
SKU00045,2024-06-17,41,
SKU00045,2024-06-24,53,
SKU00045,2024-07-01,65,
SKU00045,2024-07-08,44,
SKU00045,2024-07-15,62,
SKU00045,2024-07-22,45,
SKU00045,2024-07-29,47,
SKU00045,2024-08-05,24,
SKU00045,2024-08-12,37,
SKU00045,2024-08-19,26,
SKU00045,2024-08-26,57,
SKU00045,2024-09-02,61,
SKU00045,2024-09-09,67,
SKU00045,2024-09-16,68,
SKU00045,2024-09-23,41,
SKU00045,2024-09-30,45,
SKU00045,2024-10-07,49,
SKU00045,2024-10-14,47,
SKU00045,2024-10-21,57,
SKU00045,2024-10-28,77,
SKU00045,2024-11-04,111,
SKU00045,2024-11-11,80,
SKU00045,2024-11-18,89,
SKU00045,2024-11-25,85,
SKU00045,2024-12-02,89,
SKU00045,2024-12-09,67,
SKU00045,2024-12-16,80,
SKU00045,2024-12-23,111,
SKU00045,2024-12-30,73,44.0
SKU00045,2025-01-06,44,51.0
SKU00045,2025-01-13,41,69.0
SKU00045,2025-01-20,52,35.0
SKU00045,2025-01-27,72,51.0
SKU00045,2025-02-03,18,66.0
SKU00045,2025-02-10,65,71.0
SKU00045,2025-02-17,46,71.0
SKU00045,2025-02-24,50,53.0
SKU00045,2025-03-03,67,38.0
SKU00045,2025-03-10,70,55.0
SKU00045,2025-03-17,66,56.0
SKU00045,2025-03-24,49,52.0
SKU00045,2025-03-31,57,75.0
SKU00045,2025-04-07,56,58.0
SKU00045,2025-04-14,43,45.0
SKU00045,2025-04-21,45,47.0
SKU00045,2025-04-28,68,72.0
SKU00045,2025-05-05,35,56.0
SKU00045,2025-05-12,60,51.0
SKU00045,2025-05-19,37,47.0
SKU00045,2025-05-26,44,25.0
SKU00045,2025-06-02,63,88.0
SKU00045,2025-06-09,51,35.0
SKU00045,2025-06-16,61,41.0
SKU00045,2025-06-23,54,53.0
SKU00045,2025-06-30,57,65.0
SKU00045,2025-07-07,56,44.0
SKU00045,2025-07-14,41,62.0
SKU00045,2025-07-21,65,45.0
SKU00045,2025-07-28,74,47.0
SKU00045,2025-08-04,56,24.0
SKU00045,2025-08-11,79,37.0
SKU00045,2025-08-18,35,26.0
SKU00045,2025-08-25,84,57.0
SKU00045,2025-09-01,43,61.0
SKU00045,2025-09-08,32,67.0
SKU00045,2025-09-15,59,68.0
SKU00045,2025-09-22,38,41.0
SKU00045,2025-09-29,34,45.0
SKU00045,2025-10-06,47,49.0
SKU00045,2025-10-13,55,47.0
SKU00045,2025-10-20,34,57.0
SKU00045,2025-10-27,75,77.0
SKU00045,2025-11-03,93,111.0
SKU00045,2025-11-10,50,80.0
SKU00045,2025-11-17,40,89.0
SKU00045,2025-11-24,78,85.0
SKU00045,2025-12-01,66,89.0
SKU00045,2025-12-08,106,67.0
SKU00045,2025-12-15,72,80.0
SKU00045,2025-12-22,72,111.0
SKU00045,2025-12-29,42,73.0
SKU00046,2024-01-01,48,
SKU00046,2024-01-08,86,
SKU00046,2024-01-15,38,
SKU00046,2024-01-22,42,
SKU00046,2024-01-29,17,
SKU00046,2024-02-05,47,
SKU00046,2024-02-12,62,
SKU00046,2024-02-19,60,
SKU00046,2024-02-26,71,
SKU00046,2024-03-04,62,
SKU00046,2024-03-11,55,
SKU00046,2024-03-18,36,
SKU00046,2024-03-25,70,
SKU00046,2024-04-01,43,
SKU00046,2024-04-08,41,
SKU00046,2024-04-15,48,
SKU00046,2024-04-22,48,
SKU00046,2024-04-29,43,
SKU00046,2024-05-06,65,
SKU00046,2024-05-13,55,
SKU00046,2024-05-20,31,
SKU00046,2024-05-27,57,
SKU00046,2024-06-03,58,
SKU00046,2024-06-10,54,
SKU00046,2024-06-17,19,
SKU00046,2024-06-24,47,
SKU00046,2024-07-01,42,
SKU00046,2024-07-08,53,
SKU00046,2024-07-15,55,
SKU00046,2024-07-22,36,
SKU00046,2024-07-29,74,
SKU00046,2024-08-05,58,
SKU00046,2024-08-12,32,
SKU00046,2024-08-19,51,
SKU00046,2024-08-26,25,
SKU00046,2024-09-02,57,
SKU00046,2024-09-09,44,
SKU00046,2024-09-16,50,
SKU00046,2024-09-23,49,
SKU00046,2024-09-30,42,
SKU00046,2024-10-07,86,
SKU00046,2024-10-14,62,
SKU00046,2024-10-21,45,
SKU00046,2024-10-28,36,
SKU00046,2024-11-04,69,
SKU00046,2024-11-11,98,
SKU00046,2024-11-18,84,
SKU00046,2024-11-25,57,
SKU00046,2024-12-02,97,
SKU00046,2024-12-09,54,
SKU00046,2024-12-16,65,
SKU00046,2024-12-23,101,
SKU00046,2024-12-30,66,48.0
SKU00046,2025-01-06,43,86.0
SKU00046,2025-01-13,39,38.0
SKU00046,2025-01-20,33,42.0
SKU00046,2025-01-27,68,17.0
SKU00046,2025-02-03,36,47.0
SKU00046,2025-02-10,46,62.0
SKU00046,2025-02-17,41,60.0
SKU00046,2025-02-24,50,71.0
SKU00046,2025-03-03,82,62.0
SKU00046,2025-03-10,69,55.0
SKU00046,2025-03-17,55,36.0
SKU00046,2025-03-24,50,70.0
SKU00046,2025-03-31,57,43.0
SKU00046,2025-04-07,58,41.0
SKU00046,2025-04-14,36,48.0
SKU00046,2025-04-21,36,48.0
SKU00046,2025-04-28,61,43.0
SKU00046,2025-05-05,51,65.0
SKU00046,2025-05-12,64,55.0
SKU00046,2025-05-19,79,31.0
SKU00046,2025-05-26,79,57.0
SKU00046,2025-06-02,69,58.0
SKU00046,2025-06-09,45,54.0
SKU00046,2025-06-16,60,19.0
SKU00046,2025-06-23,57,47.0
SKU00046,2025-06-30,75,42.0
SKU00046,2025-07-07,34,53.0
SKU00046,2025-07-14,51,55.0
SKU00046,2025-07-21,25,36.0
SKU00046,2025-07-28,43,74.0
SKU00046,2025-08-04,52,58.0
SKU00046,2025-08-11,81,32.0
SKU00046,2025-08-18,49,51.0
SKU00046,2025-08-25,55,25.0
SKU00046,2025-09-01,46,57.0
SKU00046,2025-09-08,82,44.0
SKU00046,2025-09-15,49,50.0
SKU00046,2025-09-22,49,49.0
SKU00046,2025-09-29,54,42.0
SKU00046,2025-10-06,67,86.0
SKU00046,2025-10-13,40,62.0
SKU00046,2025-10-20,71,45.0
SKU00046,2025-10-27,45,36.0
SKU00046,2025-11-03,61,69.0
SKU00046,2025-11-10,111,98.0
SKU00046,2025-11-17,45,84.0
SKU00046,2025-11-24,80,57.0
SKU00046,2025-12-01,115,97.0
SKU00046,2025-12-08,120,54.0
SKU00046,2025-12-15,88,65.0
SKU00046,2025-12-22,99,101.0
SKU00046,2025-12-29,29,66.0
SKU00047,2024-01-01,33,
SKU00047,2024-01-08,35,
SKU00047,2024-01-15,46,
SKU00047,2024-01-22,44,
SKU00047,2024-01-29,27,
SKU00047,2024-02-05,36,
SKU00047,2024-02-12,80,
SKU00047,2024-02-19,60,
SKU00047,2024-02-26,38,
SKU00047,2024-03-04,58,
SKU00047,2024-03-11,67,
SKU00047,2024-03-18,44,
SKU00047,2024-03-25,68,
SKU00047,2024-04-01,68,
SKU00047,2024-04-08,24,
SKU00047,2024-04-15,66,
SKU00047,2024-04-22,40,
SKU00047,2024-04-29,54,
SKU00047,2024-05-06,52,
SKU00047,2024-05-13,40,
SKU00047,2024-05-20,72,
SKU00047,2024-05-27,64,
SKU00047,2024-06-03,44,
SKU00047,2024-06-10,60,
SKU00047,2024-06-17,67,
SKU00047,2024-06-24,47,
SKU00047,2024-07-01,81,
SKU00047,2024-07-08,66,
SKU00047,2024-07-15,66,
SKU00047,2024-07-22,71,
SKU00047,2024-07-29,40,
SKU00047,2024-08-05,55,
SKU00047,2024-08-12,49,
SKU00047,2024-08-19,55,
SKU00047,2024-08-26,60,
SKU00047,2024-09-02,48,
SKU00047,2024-09-09,54,
SKU00047,2024-09-16,73,
SKU00047,2024-09-23,52,
SKU00047,2024-09-30,43,
SKU00047,2024-10-07,45,
SKU00047,2024-10-14,58,
SKU00047,2024-10-21,46,
SKU00047,2024-10-28,55,
SKU00047,2024-11-04,106,
SKU00047,2024-11-11,111,
SKU00047,2024-11-18,98,
SKU00047,2024-11-25,95,
SKU00047,2024-12-02,87,
SKU00047,2024-12-09,121,
SKU00047,2024-12-16,60,
SKU00047,2024-12-23,72,
SKU00047,2024-12-30,72,33.0
SKU00047,2025-01-06,50,35.0
SKU00047,2025-01-13,39,46.0
SKU00047,2025-01-20,60,44.0
SKU00047,2025-01-27,47,27.0
SKU00047,2025-02-03,27,36.0
SKU00047,2025-02-10,33,80.0
SKU00047,2025-02-17,47,60.0
SKU00047,2025-02-24,52,38.0
SKU00047,2025-03-03,44,58.0
SKU00047,2025-03-10,46,67.0
SKU00047,2025-03-17,45,44.0
SKU00047,2025-03-24,61,68.0
SKU00047,2025-03-31,43,68.0
SKU00047,2025-04-07,29,24.0
SKU00047,2025-04-14,70,66.0
SKU00047,2025-04-21,62,40.0
SKU00047,2025-04-28,37,54.0
SKU00047,2025-05-05,53,52.0
SKU00047,2025-05-12,70,40.0
SKU00047,2025-05-19,73,72.0
SKU00047,2025-05-26,29,64.0
SKU00047,2025-06-02,74,44.0
SKU00047,2025-06-09,50,60.0
SKU00047,2025-06-16,40,67.0
SKU00047,2025-06-23,36,47.0
SKU00047,2025-06-30,57,81.0
SKU00047,2025-07-07,68,66.0
SKU00047,2025-07-14,39,66.0
SKU00047,2025-07-21,27,71.0
SKU00047,2025-07-28,44,40.0
SKU00047,2025-08-04,35,55.0
SKU00047,2025-08-11,46,49.0
SKU00047,2025-08-18,26,55.0
SKU00047,2025-08-25,39,60.0
SKU00047,2025-09-01,36,48.0
SKU00047,2025-09-08,57,54.0
SKU00047,2025-09-15,67,73.0
SKU00047,2025-09-22,34,52.0
SKU00047,2025-09-29,92,43.0
SKU00047,2025-10-06,53,45.0
SKU00047,2025-10-13,49,58.0
SKU00047,2025-10-20,73,46.0
SKU00047,2025-10-27,45,55.0
SKU00047,2025-11-03,74,106.0
SKU00047,2025-11-10,102,111.0
SKU00047,2025-11-17,130,98.0
SKU00047,2025-11-24,80,95.0
SKU00047,2025-12-01,99,87.0
SKU00047,2025-12-08,109,121.0
SKU00047,2025-12-15,63,60.0
SKU00047,2025-12-22,84,72.0
SKU00047,2025-12-29,54,72.0
SKU00048,2024-01-01,60,
SKU00048,2024-01-08,43,
SKU00048,2024-01-15,49,
SKU00048,2024-01-22,46,
SKU00048,2024-01-29,80,
SKU00048,2024-02-05,58,
SKU00048,2024-02-12,61,
SKU00048,2024-02-19,31,
SKU00048,2024-02-26,63,
SKU00048,2024-03-04,43,
SKU00048,2024-03-11,21,
SKU00048,2024-03-18,67,
SKU00048,2024-03-25,19,
SKU00048,2024-04-01,63,
SKU00048,2024-04-08,82,
SKU00048,2024-04-15,46,
SKU00048,2024-04-22,50,
SKU00048,2024-04-29,39,
SKU00048,2024-05-06,62,
SKU00048,2024-05-13,48,
SKU00048,2024-05-20,64,
SKU00048,2024-05-27,61,
SKU00048,2024-06-03,63,
SKU00048,2024-06-10,68,
SKU00048,2024-06-17,26,
SKU00048,2024-06-24,57,
SKU00048,2024-07-01,60,
SKU00048,2024-07-08,44,
SKU00048,2024-07-15,68,
SKU00048,2024-07-22,57,
SKU00048,2024-07-29,59,
SKU00048,2024-08-05,47,
SKU00048,2024-08-12,53,
SKU00048,2024-08-19,48,
SKU00048,2024-08-26,47,
SKU00048,2024-09-02,37,
SKU00048,2024-09-09,72,
SKU00048,2024-09-16,41,
SKU00048,2024-09-23,62,
SKU00048,2024-09-30,68,
SKU00048,2024-10-07,41,
SKU00048,2024-10-14,40,
SKU00048,2024-10-21,49,
SKU00048,2024-10-28,85,
SKU00048,2024-11-04,72,
SKU00048,2024-11-11,93,
SKU00048,2024-11-18,114,
SKU00048,2024-11-25,83,
SKU00048,2024-12-02,92,
SKU00048,2024-12-09,82,
SKU00048,2024-12-16,58,
SKU00048,2024-12-23,60,
SKU00048,2024-12-30,59,60.0
SKU00048,2025-01-06,62,43.0
SKU00048,2025-01-13,70,49.0
SKU00048,2025-01-20,30,46.0
SKU00048,2025-01-27,75,80.0
SKU00048,2025-02-03,54,58.0
SKU00048,2025-02-10,51,61.0
SKU00048,2025-02-17,23,31.0
SKU00048,2025-02-24,15,63.0
SKU00048,2025-03-03,33,43.0
SKU00048,2025-03-10,64,21.0
SKU00048,2025-03-17,93,67.0
SKU00048,2025-03-24,43,19.0
SKU00048,2025-03-31,95,63.0
SKU00048,2025-04-07,45,82.0
SKU00048,2025-04-14,66,46.0
SKU00048,2025-04-21,64,50.0
SKU00048,2025-04-28,75,39.0
SKU00048,2025-05-05,56,62.0
SKU00048,2025-05-12,50,48.0
SKU00048,2025-05-19,37,64.0
SKU00048,2025-05-26,48,61.0
SKU00048,2025-06-02,66,63.0
SKU00048,2025-06-09,53,68.0
SKU00048,2025-06-16,64,26.0
SKU00048,2025-06-23,56,57.0
SKU00048,2025-06-30,43,60.0
SKU00048,2025-07-07,33,44.0
SKU00048,2025-07-14,48,68.0
SKU00048,2025-07-21,30,57.0
SKU00048,2025-07-28,39,59.0
SKU00048,2025-08-04,86,47.0
SKU00048,2025-08-11,42,53.0
SKU00048,2025-08-18,91,48.0
SKU00048,2025-08-25,38,47.0
SKU00048,2025-09-01,66,37.0
SKU00048,2025-09-08,45,72.0
SKU00048,2025-09-15,51,41.0
SKU00048,2025-09-22,57,62.0
SKU00048,2025-09-29,42,68.0
SKU00048,2025-10-06,38,41.0
SKU00048,2025-10-13,71,40.0
SKU00048,2025-10-20,57,49.0
SKU00048,2025-10-27,47,85.0
SKU00048,2025-11-03,83,72.0
SKU00048,2025-11-10,92,93.0
SKU00048,2025-11-17,125,114.0
SKU00048,2025-11-24,101,83.0
SKU00048,2025-12-01,87,92.0
SKU00048,2025-12-08,96,82.0
SKU00048,2025-12-15,67,58.0
SKU00048,2025-12-22,71,60.0
SKU00048,2025-12-29,21,59.0
SKU00049,2024-01-01,44,
SKU00049,2024-01-08,68,
SKU00049,2024-01-15,20,
SKU00049,2024-01-22,49,
SKU00049,2024-01-29,43,
SKU00049,2024-02-05,69,
SKU00049,2024-02-12,66,
SKU00049,2024-02-19,47,
SKU00049,2024-02-26,52,
SKU00049,2024-03-04,59,
SKU00049,2024-03-11,43,
SKU00049,2024-03-18,76,
SKU00049,2024-03-25,55,
SKU00049,2024-04-01,74,
SKU00049,2024-04-08,59,
SKU00049,2024-04-15,36,
SKU00049,2024-04-22,85,
SKU00049,2024-04-29,69,
SKU00049,2024-05-06,74,
SKU00049,2024-05-13,66,
SKU00049,2024-05-20,59,
SKU00049,2024-05-27,42,
SKU00049,2024-06-03,46,
SKU00049,2024-06-10,74,
SKU00049,2024-06-17,46,
SKU00049,2024-06-24,55,
SKU00049,2024-07-01,76,
SKU00049,2024-07-08,55,
SKU00049,2024-07-15,40,
SKU00049,2024-07-22,48,
SKU00049,2024-07-29,26,
SKU00049,2024-08-05,60,
SKU00049,2024-08-12,56,
SKU00049,2024-08-19,43,
SKU00049,2024-08-26,56,
SKU00049,2024-09-02,59,
SKU00049,2024-09-09,58,
SKU00049,2024-09-16,77,
SKU00049,2024-09-23,56,
SKU00049,2024-09-30,73,
SKU00049,2024-10-07,36,
SKU00049,2024-10-14,77,
SKU00049,2024-10-21,50,
SKU00049,2024-10-28,89,
SKU00049,2024-11-04,108,
SKU00049,2024-11-11,127,
SKU00049,2024-11-18,99,
SKU00049,2024-11-25,91,
SKU00049,2024-12-02,80,
SKU00049,2024-12-09,72,
SKU00049,2024-12-16,52,
SKU00049,2024-12-23,85,
SKU00049,2024-12-30,52,44.0
SKU00049,2025-01-06,61,68.0
SKU00049,2025-01-13,23,20.0
SKU00049,2025-01-20,49,49.0
SKU00049,2025-01-27,27,43.0
SKU00049,2025-02-03,42,69.0
SKU00049,2025-02-10,61,66.0
SKU00049,2025-02-17,47,47.0
SKU00049,2025-02-24,64,52.0
SKU00049,2025-03-03,50,59.0
SKU00049,2025-03-10,40,43.0
SKU00049,2025-03-17,55,76.0
SKU00049,2025-03-24,62,55.0
SKU00049,2025-03-31,59,74.0
SKU00049,2025-04-07,40,59.0
SKU00049,2025-04-14,40,36.0
SKU00049,2025-04-21,42,85.0
SKU00049,2025-04-28,81,69.0
SKU00049,2025-05-05,89,74.0
SKU00049,2025-05-12,69,66.0
SKU00049,2025-05-19,37,59.0
SKU00049,2025-05-26,65,42.0
SKU00049,2025-06-02,53,46.0
SKU00049,2025-06-09,51,74.0
SKU00049,2025-06-16,94,46.0
SKU00049,2025-06-23,30,55.0
SKU00049,2025-06-30,47,76.0
SKU00049,2025-07-07,64,55.0
SKU00049,2025-07-14,64,40.0
SKU00049,2025-07-21,44,48.0
SKU00049,2025-07-28,35,26.0
SKU00049,2025-08-04,43,60.0
SKU00049,2025-08-11,84,56.0
SKU00049,2025-08-18,80,43.0
SKU00049,2025-08-25,62,56.0
SKU00049,2025-09-01,60,59.0
SKU00049,2025-09-08,69,58.0
SKU00049,2025-09-15,68,77.0
SKU00049,2025-09-22,56,56.0
SKU00049,2025-09-29,37,73.0
SKU00049,2025-10-06,49,36.0
SKU00049,2025-10-13,52,77.0
SKU00049,2025-10-20,67,50.0
SKU00049,2025-10-27,100,89.0
SKU00049,2025-11-03,81,108.0
SKU00049,2025-11-10,124,127.0
SKU00049,2025-11-17,76,99.0
SKU00049,2025-11-24,127,91.0
SKU00049,2025-12-01,67,80.0
SKU00049,2025-12-08,92,72.0
SKU00049,2025-12-15,70,52.0
SKU00049,2025-12-22,68,85.0
SKU00049,2025-12-29,65,52.0
SKU00050,2024-01-01,74,
SKU00050,2024-01-08,56,
SKU00050,2024-01-15,47,
SKU00050,2024-01-22,45,
SKU00050,2024-01-29,32,
SKU00050,2024-02-05,48,
SKU00050,2024-02-12,45,
SKU00050,2024-02-19,38,
SKU00050,2024-02-26,27,
SKU00050,2024-03-04,38,
SKU00050,2024-03-11,33,
SKU00050,2024-03-18,74,
SKU00050,2024-03-25,50,
SKU00050,2024-04-01,59,
SKU00050,2024-04-08,41,
SKU00050,2024-04-15,19,
SKU00050,2024-04-22,41,
SKU00050,2024-04-29,52,
SKU00050,2024-05-06,43,
SKU00050,2024-05-13,55,
SKU00050,2024-05-20,56,
SKU00050,2024-05-27,65,
SKU00050,2024-06-03,64,
SKU00050,2024-06-10,53,
SKU00050,2024-06-17,38,
SKU00050,2024-06-24,23,
SKU00050,2024-07-01,36,
SKU00050,2024-07-08,40,
SKU00050,2024-07-15,51,
SKU00050,2024-07-22,63,
SKU00050,2024-07-29,80,
SKU00050,2024-08-05,41,
SKU00050,2024-08-12,48,
SKU00050,2024-08-19,62,
SKU00050,2024-08-26,64,
SKU00050,2024-09-02,78,
SKU00050,2024-09-09,47,
SKU00050,2024-09-16,50,
SKU00050,2024-09-23,60,
SKU00050,2024-09-30,68,
SKU00050,2024-10-07,92,
SKU00050,2024-10-14,49,
SKU00050,2024-10-21,62,
SKU00050,2024-10-28,85,
SKU00050,2024-11-04,107,
SKU00050,2024-11-11,66,
SKU00050,2024-11-18,125,
SKU00050,2024-11-25,78,
SKU00050,2024-12-02,79,
SKU00050,2024-12-09,83,
SKU00050,2024-12-16,84,
SKU00050,2024-12-23,171,
SKU00050,2024-12-30,33,74.0
SKU00050,2025-01-06,63,56.0
SKU00050,2025-01-13,40,47.0
SKU00050,2025-01-20,47,45.0
SKU00050,2025-01-27,51,32.0
SKU00050,2025-02-03,63,48.0
SKU00050,2025-02-10,75,45.0
SKU00050,2025-02-17,39,38.0
SKU00050,2025-02-24,56,27.0
SKU00050,2025-03-03,82,38.0
SKU00050,2025-03-10,59,33.0
SKU00050,2025-03-17,25,74.0
SKU00050,2025-03-24,78,50.0
SKU00050,2025-03-31,60,59.0
SKU00050,2025-04-07,55,41.0
SKU00050,2025-04-14,49,19.0
SKU00050,2025-04-21,44,41.0
SKU00050,2025-04-28,77,52.0
SKU00050,2025-05-05,76,43.0
SKU00050,2025-05-12,45,55.0
SKU00050,2025-05-19,52,56.0
SKU00050,2025-05-26,40,65.0
SKU00050,2025-06-02,43,64.0
SKU00050,2025-06-09,57,53.0
SKU00050,2025-06-16,52,38.0
SKU00050,2025-06-23,77,23.0
SKU00050,2025-06-30,47,36.0
SKU00050,2025-07-07,33,40.0
SKU00050,2025-07-14,47,51.0
SKU00050,2025-07-21,31,63.0
SKU00050,2025-07-28,39,80.0
SKU00050,2025-08-04,52,41.0
SKU00050,2025-08-11,80,48.0
SKU00050,2025-08-18,63,62.0
SKU00050,2025-08-25,52,64.0
SKU00050,2025-09-01,60,78.0
SKU00050,2025-09-08,56,47.0
SKU00050,2025-09-15,37,50.0
SKU00050,2025-09-22,45,60.0
SKU00050,2025-09-29,38,68.0
SKU00050,2025-10-06,39,92.0
SKU00050,2025-10-13,36,49.0
SKU00050,2025-10-20,62,62.0
SKU00050,2025-10-27,56,85.0
SKU00050,2025-11-03,80,107.0
SKU00050,2025-11-10,80,66.0
SKU00050,2025-11-17,82,125.0
SKU00050,2025-11-24,88,78.0
SKU00050,2025-12-01,66,79.0
SKU00050,2025-12-08,130,83.0
SKU00050,2025-12-15,68,84.0
SKU00050,2025-12-22,55,171.0
SKU00050,2025-12-29,22,33.0
SKU00051,2024-01-01,14,
SKU00051,2024-01-08,49,
SKU00051,2024-01-15,57,
SKU00051,2024-01-22,47,
SKU00051,2024-01-29,41,
SKU00051,2024-02-05,37,
SKU00051,2024-02-12,32,
SKU00051,2024-02-19,42,
SKU00051,2024-02-26,57,
SKU00051,2024-03-04,58,
SKU00051,2024-03-11,48,
SKU00051,2024-03-18,58,
SKU00051,2024-03-25,87,
SKU00051,2024-04-01,47,
SKU00051,2024-04-08,46,
SKU00051,2024-04-15,35,
SKU00051,2024-04-22,104,
SKU00051,2024-04-29,33,
SKU00051,2024-05-06,63,
SKU00051,2024-05-13,49,
SKU00051,2024-05-20,51,
SKU00051,2024-05-27,74,
SKU00051,2024-06-03,30,
SKU00051,2024-06-10,65,
SKU00051,2024-06-17,59,
SKU00051,2024-06-24,36,
SKU00051,2024-07-01,51,
SKU00051,2024-07-08,81,
SKU00051,2024-07-15,48,
SKU00051,2024-07-22,63,
SKU00051,2024-07-29,42,
SKU00051,2024-08-05,49,
SKU00051,2024-08-12,79,
SKU00051,2024-08-19,70,
SKU00051,2024-08-26,94,
SKU00051,2024-09-02,41,
SKU00051,2024-09-09,50,
SKU00051,2024-09-16,58,
SKU00051,2024-09-23,34,
SKU00051,2024-09-30,65,
SKU00051,2024-10-07,41,
SKU00051,2024-10-14,49,
SKU00051,2024-10-21,63,
SKU00051,2024-10-28,80,
SKU00051,2024-11-04,90,
SKU00051,2024-11-11,94,
SKU00051,2024-11-18,84,
SKU00051,2024-11-25,127,
SKU00051,2024-12-02,68,
SKU00051,2024-12-09,94,
SKU00051,2024-12-16,63,
SKU00051,2024-12-23,64,
SKU00051,2024-12-30,70,14.0
SKU00051,2025-01-06,39,49.0
SKU00051,2025-01-13,30,57.0
SKU00051,2025-01-20,37,47.0
SKU00051,2025-01-27,41,41.0
SKU00051,2025-02-03,33,37.0
SKU00051,2025-02-10,56,32.0
SKU00051,2025-02-17,38,42.0
SKU00051,2025-02-24,78,57.0
SKU00051,2025-03-03,36,58.0
SKU00051,2025-03-10,57,48.0
SKU00051,2025-03-17,73,58.0
SKU00051,2025-03-24,62,87.0
SKU00051,2025-03-31,49,47.0
SKU00051,2025-04-07,79,46.0
SKU00051,2025-04-14,42,35.0
SKU00051,2025-04-21,73,104.0
SKU00051,2025-04-28,33,33.0
SKU00051,2025-05-05,45,63.0
SKU00051,2025-05-12,58,49.0
SKU00051,2025-05-19,35,51.0
SKU00051,2025-05-26,85,74.0
SKU00051,2025-06-02,42,30.0
SKU00051,2025-06-09,62,65.0
SKU00051,2025-06-16,59,59.0
SKU00051,2025-06-23,44,36.0
SKU00051,2025-06-30,49,51.0
SKU00051,2025-07-07,41,81.0
SKU00051,2025-07-14,47,48.0
SKU00051,2025-07-21,51,63.0
SKU00051,2025-07-28,51,42.0
SKU00051,2025-08-04,77,49.0
SKU00051,2025-08-11,44,79.0
SKU00051,2025-08-18,51,70.0
SKU00051,2025-08-25,63,94.0
SKU00051,2025-09-01,40,41.0
SKU00051,2025-09-08,62,50.0
SKU00051,2025-09-15,47,58.0
SKU00051,2025-09-22,54,34.0
SKU00051,2025-09-29,45,65.0
SKU00051,2025-10-06,60,41.0
SKU00051,2025-10-13,47,49.0
SKU00051,2025-10-20,48,63.0
SKU00051,2025-10-27,98,80.0
SKU00051,2025-11-03,116,90.0
SKU00051,2025-11-10,102,94.0
SKU00051,2025-11-17,122,84.0
SKU00051,2025-11-24,77,127.0
SKU00051,2025-12-01,104,68.0
SKU00051,2025-12-08,89,94.0
SKU00051,2025-12-15,71,63.0
SKU00051,2025-12-22,57,64.0
SKU00051,2025-12-29,38,70.0
SKU00052,2024-01-01,46,
SKU00052,2024-01-08,43,
SKU00052,2024-01-15,37,
SKU00052,2024-01-22,45,
SKU00052,2024-01-29,31,
SKU00052,2024-02-05,67,
SKU00052,2024-02-12,39,
SKU00052,2024-02-19,45,
SKU00052,2024-02-26,42,
SKU00052,2024-03-04,88,
SKU00052,2024-03-11,63,
SKU00052,2024-03-18,44,
SKU00052,2024-03-25,64,
SKU00052,2024-04-01,56,
SKU00052,2024-04-08,49,
SKU00052,2024-04-15,46,
SKU00052,2024-04-22,66,
SKU00052,2024-04-29,70,
SKU00052,2024-05-06,69,
SKU00052,2024-05-13,66,
SKU00052,2024-05-20,84,
SKU00052,2024-05-27,62,
SKU00052,2024-06-03,70,
SKU00052,2024-06-10,48,
SKU00052,2024-06-17,79,
SKU00052,2024-06-24,75,
SKU00052,2024-07-01,61,
SKU00052,2024-07-08,33,
SKU00052,2024-07-15,61,
SKU00052,2024-07-22,39,
SKU00052,2024-07-29,54,
SKU00052,2024-08-05,81,
SKU00052,2024-08-12,76,
SKU00052,2024-08-19,32,
SKU00052,2024-08-26,82,
SKU00052,2024-09-02,44,
SKU00052,2024-09-09,64,
SKU00052,2024-09-16,87,
SKU00052,2024-09-23,56,
SKU00052,2024-09-30,63,
SKU00052,2024-10-07,63,
SKU00052,2024-10-14,64,
SKU00052,2024-10-21,36,
SKU00052,2024-10-28,88,
SKU00052,2024-11-04,84,
SKU00052,2024-11-11,116,
SKU00052,2024-11-18,55,
SKU00052,2024-11-25,76,
SKU00052,2024-12-02,98,
SKU00052,2024-12-09,74,
SKU00052,2024-12-16,111,
SKU00052,2024-12-23,90,
SKU00052,2024-12-30,41,46.0
SKU00052,2025-01-06,37,43.0
SKU00052,2025-01-13,55,37.0
SKU00052,2025-01-20,63,45.0
SKU00052,2025-01-27,62,31.0
SKU00052,2025-02-03,45,67.0
SKU00052,2025-02-10,52,39.0
SKU00052,2025-02-17,28,45.0
SKU00052,2025-02-24,35,42.0
SKU00052,2025-03-03,63,88.0
SKU00052,2025-03-10,30,63.0
SKU00052,2025-03-17,64,44.0
SKU00052,2025-03-24,35,64.0
SKU00052,2025-03-31,44,56.0
SKU00052,2025-04-07,53,49.0
SKU00052,2025-04-14,102,46.0
SKU00052,2025-04-21,75,66.0
SKU00052,2025-04-28,62,70.0
SKU00052,2025-05-05,64,69.0
SKU00052,2025-05-12,58,66.0
SKU00052,2025-05-19,54,84.0
SKU00052,2025-05-26,58,62.0
SKU00052,2025-06-02,54,70.0
SKU00052,2025-06-09,62,48.0
SKU00052,2025-06-16,94,79.0
SKU00052,2025-06-23,56,75.0
SKU00052,2025-06-30,67,61.0
SKU00052,2025-07-07,56,33.0
SKU00052,2025-07-14,80,61.0
SKU00052,2025-07-21,60,39.0
SKU00052,2025-07-28,34,54.0
SKU00052,2025-08-04,55,81.0
SKU00052,2025-08-11,62,76.0
SKU00052,2025-08-18,69,32.0
SKU00052,2025-08-25,23,82.0
SKU00052,2025-09-01,67,44.0
SKU00052,2025-09-08,44,64.0
SKU00052,2025-09-15,76,87.0
SKU00052,2025-09-22,57,56.0
SKU00052,2025-09-29,50,63.0
SKU00052,2025-10-06,66,63.0
SKU00052,2025-10-13,51,64.0
SKU00052,2025-10-20,71,36.0
SKU00052,2025-10-27,68,88.0
SKU00052,2025-11-03,115,84.0
SKU00052,2025-11-10,64,116.0
SKU00052,2025-11-17,105,55.0
SKU00052,2025-11-24,79,76.0
SKU00052,2025-12-01,47,98.0
SKU00052,2025-12-08,70,74.0
SKU00052,2025-12-15,95,111.0
SKU00052,2025-12-22,90,90.0
SKU00052,2025-12-29,19,41.0
SKU00053,2024-01-01,49,
SKU00053,2024-01-08,22,
SKU00053,2024-01-15,34,
SKU00053,2024-01-22,32,
SKU00053,2024-01-29,50,
SKU00053,2024-02-05,38,
SKU00053,2024-02-12,50,
SKU00053,2024-02-19,39,
SKU00053,2024-02-26,64,
SKU00053,2024-03-04,41,
SKU00053,2024-03-11,45,
SKU00053,2024-03-18,28,
SKU00053,2024-03-25,28,
SKU00053,2024-04-01,66,
SKU00053,2024-04-08,57,
SKU00053,2024-04-15,73,
SKU00053,2024-04-22,73,
SKU00053,2024-04-29,79,
SKU00053,2024-05-06,42,
SKU00053,2024-05-13,64,
SKU00053,2024-05-20,39,
SKU00053,2024-05-27,52,
SKU00053,2024-06-03,61,
SKU00053,2024-06-10,66,
SKU00053,2024-06-17,61,
SKU00053,2024-06-24,68,
SKU00053,2024-07-01,37,
SKU00053,2024-07-08,54,
SKU00053,2024-07-15,50,
SKU00053,2024-07-22,69,
SKU00053,2024-07-29,56,
SKU00053,2024-08-05,60,
SKU00053,2024-08-12,58,
SKU00053,2024-08-19,48,
SKU00053,2024-08-26,74,
SKU00053,2024-09-02,35,
SKU00053,2024-09-09,63,
SKU00053,2024-09-16,60,
SKU00053,2024-09-23,58,
SKU00053,2024-09-30,63,
SKU00053,2024-10-07,72,
SKU00053,2024-10-14,45,
SKU00053,2024-10-21,52,
SKU00053,2024-10-28,67,
SKU00053,2024-11-04,110,
SKU00053,2024-11-11,128,
SKU00053,2024-11-18,106,
SKU00053,2024-11-25,62,
SKU00053,2024-12-02,110,
SKU00053,2024-12-09,86,
SKU00053,2024-12-16,73,
SKU00053,2024-12-23,90,
SKU00053,2024-12-30,75,49.0
SKU00053,2025-01-06,25,22.0
SKU00053,2025-01-13,33,34.0
SKU00053,2025-01-20,35,32.0
SKU00053,2025-01-27,67,50.0
SKU00053,2025-02-03,75,38.0
SKU00053,2025-02-10,37,50.0
SKU00053,2025-02-17,34,39.0
SKU00053,2025-02-24,40,64.0
SKU00053,2025-03-03,76,41.0
SKU00053,2025-03-10,32,45.0
SKU00053,2025-03-17,41,28.0
SKU00053,2025-03-24,24,28.0
SKU00053,2025-03-31,65,66.0
SKU00053,2025-04-07,71,57.0
SKU00053,2025-04-14,68,73.0
SKU00053,2025-04-21,39,73.0
SKU00053,2025-04-28,42,79.0
SKU00053,2025-05-05,34,42.0
SKU00053,2025-05-12,58,64.0
SKU00053,2025-05-19,69,39.0
SKU00053,2025-05-26,52,52.0
SKU00053,2025-06-02,56,61.0
SKU00053,2025-06-09,87,66.0
SKU00053,2025-06-16,41,61.0
SKU00053,2025-06-23,23,68.0
SKU00053,2025-06-30,50,37.0
SKU00053,2025-07-07,70,54.0
SKU00053,2025-07-14,84,50.0
SKU00053,2025-07-21,66,69.0
SKU00053,2025-07-28,62,56.0
SKU00053,2025-08-04,37,60.0
SKU00053,2025-08-11,60,58.0
SKU00053,2025-08-18,90,48.0
SKU00053,2025-08-25,79,74.0
SKU00053,2025-09-01,43,35.0
SKU00053,2025-09-08,35,63.0
SKU00053,2025-09-15,32,60.0
SKU00053,2025-09-22,49,58.0
SKU00053,2025-09-29,51,63.0
SKU00053,2025-10-06,54,72.0
SKU00053,2025-10-13,88,45.0
SKU00053,2025-10-20,50,52.0
SKU00053,2025-10-27,39,67.0
SKU00053,2025-11-03,89,110.0
SKU00053,2025-11-10,87,128.0
SKU00053,2025-11-17,63,106.0
SKU00053,2025-11-24,94,62.0
SKU00053,2025-12-01,86,110.0
SKU00053,2025-12-08,95,86.0
SKU00053,2025-12-15,95,73.0
SKU00053,2025-12-22,70,90.0
SKU00053,2025-12-29,36,75.0
SKU00054,2024-01-01,45,
SKU00054,2024-01-08,31,
SKU00054,2024-01-15,66,
SKU00054,2024-01-22,54,
SKU00054,2024-01-29,56,
SKU00054,2024-02-05,50,
SKU00054,2024-02-12,18,
SKU00054,2024-02-19,80,
SKU00054,2024-02-26,45,
SKU00054,2024-03-04,38,
SKU00054,2024-03-11,71,
SKU00054,2024-03-18,64,
SKU00054,2024-03-25,68,
SKU00054,2024-04-01,79,
SKU00054,2024-04-08,63,
SKU00054,2024-04-15,67,
SKU00054,2024-04-22,48,
SKU00054,2024-04-29,38,
SKU00054,2024-05-06,61,
SKU00054,2024-05-13,60,
SKU00054,2024-05-20,62,
SKU00054,2024-05-27,63,
SKU00054,2024-06-03,66,
SKU00054,2024-06-10,59,
SKU00054,2024-06-17,46,
SKU00054,2024-06-24,43,
SKU00054,2024-07-01,43,
SKU00054,2024-07-08,80,
SKU00054,2024-07-15,52,
SKU00054,2024-07-22,52,
SKU00054,2024-07-29,75,
SKU00054,2024-08-05,49,
SKU00054,2024-08-12,52,
SKU00054,2024-08-19,36,
SKU00054,2024-08-26,55,
SKU00054,2024-09-02,48,
SKU00054,2024-09-09,33,
SKU00054,2024-09-16,24,
SKU00054,2024-09-23,54,
SKU00054,2024-09-30,52,
SKU00054,2024-10-07,28,
SKU00054,2024-10-14,94,
SKU00054,2024-10-21,76,
SKU00054,2024-10-28,73,
SKU00054,2024-11-04,99,
SKU00054,2024-11-11,81,
SKU00054,2024-11-18,76,
SKU00054,2024-11-25,77,
SKU00054,2024-12-02,109,
SKU00054,2024-12-09,104,
SKU00054,2024-12-16,73,
SKU00054,2024-12-23,108,
SKU00054,2024-12-30,63,45.0
SKU00054,2025-01-06,46,31.0
SKU00054,2025-01-13,33,66.0
SKU00054,2025-01-20,42,54.0
SKU00054,2025-01-27,49,56.0
SKU00054,2025-02-03,32,50.0
SKU00054,2025-02-10,42,18.0
SKU00054,2025-02-17,57,80.0
SKU00054,2025-02-24,21,45.0
SKU00054,2025-03-03,51,38.0
SKU00054,2025-03-10,66,71.0
SKU00054,2025-03-17,65,64.0
SKU00054,2025-03-24,57,68.0
SKU00054,2025-03-31,53,79.0
SKU00054,2025-04-07,83,63.0
SKU00054,2025-04-14,44,67.0
SKU00054,2025-04-21,83,48.0
SKU00054,2025-04-28,77,38.0
SKU00054,2025-05-05,38,61.0
SKU00054,2025-05-12,59,60.0
SKU00054,2025-05-19,33,62.0
SKU00054,2025-05-26,62,63.0
SKU00054,2025-06-02,26,66.0
SKU00054,2025-06-09,49,59.0
SKU00054,2025-06-16,59,46.0
SKU00054,2025-06-23,35,43.0
SKU00054,2025-06-30,90,43.0
SKU00054,2025-07-07,71,80.0
SKU00054,2025-07-14,77,52.0
SKU00054,2025-07-21,25,52.0
SKU00054,2025-07-28,29,75.0
SKU00054,2025-08-04,57,49.0
SKU00054,2025-08-11,56,52.0
SKU00054,2025-08-18,79,36.0
SKU00054,2025-08-25,45,55.0
SKU00054,2025-09-01,62,48.0
SKU00054,2025-09-08,54,33.0
SKU00054,2025-09-15,77,24.0
SKU00054,2025-09-22,56,54.0
SKU00054,2025-09-29,55,52.0
SKU00054,2025-10-06,57,28.0
SKU00054,2025-10-13,33,94.0
SKU00054,2025-10-20,70,76.0
SKU00054,2025-10-27,80,73.0
SKU00054,2025-11-03,79,99.0
SKU00054,2025-11-10,143,81.0
SKU00054,2025-11-17,71,76.0
SKU00054,2025-11-24,90,77.0
SKU00054,2025-12-01,67,109.0
SKU00054,2025-12-08,97,104.0
SKU00054,2025-12-15,90,73.0
SKU00054,2025-12-22,117,108.0
SKU00054,2025-12-29,27,63.0
SKU00055,2024-01-01,34,
SKU00055,2024-01-08,42,
SKU00055,2024-01-15,30,
SKU00055,2024-01-22,34,
SKU00055,2024-01-29,27,
SKU00055,2024-02-05,33,
SKU00055,2024-02-12,60,
SKU00055,2024-02-19,80,
SKU00055,2024-02-26,28,
SKU00055,2024-03-04,56,
SKU00055,2024-03-11,57,
SKU00055,2024-03-18,91,
SKU00055,2024-03-25,46,
SKU00055,2024-04-01,63,
SKU00055,2024-04-08,63,
SKU00055,2024-04-15,43,
SKU00055,2024-04-22,29,
SKU00055,2024-04-29,58,
SKU00055,2024-05-06,48,
SKU00055,2024-05-13,72,
SKU00055,2024-05-20,62,
SKU00055,2024-05-27,36,
SKU00055,2024-06-03,50,
SKU00055,2024-06-10,30,
SKU00055,2024-06-17,38,
SKU00055,2024-06-24,51,
SKU00055,2024-07-01,39,
SKU00055,2024-07-08,43,
SKU00055,2024-07-15,45,
SKU00055,2024-07-22,40,
SKU00055,2024-07-29,57,
SKU00055,2024-08-05,60,
SKU00055,2024-08-12,54,
SKU00055,2024-08-19,61,
SKU00055,2024-08-26,37,
SKU00055,2024-09-02,56,
SKU00055,2024-09-09,49,
SKU00055,2024-09-16,35,
SKU00055,2024-09-23,59,
SKU00055,2024-09-30,66,
SKU00055,2024-10-07,60,
SKU00055,2024-10-14,45,
SKU00055,2024-10-21,47,
SKU00055,2024-10-28,59,
SKU00055,2024-11-04,74,
SKU00055,2024-11-11,96,
SKU00055,2024-11-18,92,
SKU00055,2024-11-25,93,
SKU00055,2024-12-02,112,
SKU00055,2024-12-09,67,
SKU00055,2024-12-16,93,
SKU00055,2024-12-23,117,
SKU00055,2024-12-30,36,34.0
SKU00055,2025-01-06,46,42.0
SKU00055,2025-01-13,52,30.0
SKU00055,2025-01-20,36,34.0
SKU00055,2025-01-27,37,27.0
SKU00055,2025-02-03,58,33.0
SKU00055,2025-02-10,8,60.0
SKU00055,2025-02-17,38,80.0
SKU00055,2025-02-24,40,28.0
SKU00055,2025-03-03,30,56.0
SKU00055,2025-03-10,23,57.0
SKU00055,2025-03-17,47,91.0
SKU00055,2025-03-24,30,46.0
SKU00055,2025-03-31,37,63.0
SKU00055,2025-04-07,52,63.0
SKU00055,2025-04-14,38,43.0
SKU00055,2025-04-21,81,29.0
SKU00055,2025-04-28,50,58.0
SKU00055,2025-05-05,28,48.0
SKU00055,2025-05-12,28,72.0
SKU00055,2025-05-19,42,62.0
SKU00055,2025-05-26,74,36.0
SKU00055,2025-06-02,29,50.0
SKU00055,2025-06-09,54,30.0
SKU00055,2025-06-16,48,38.0
SKU00055,2025-06-23,43,51.0
SKU00055,2025-06-30,63,39.0
SKU00055,2025-07-07,96,43.0
SKU00055,2025-07-14,90,45.0
SKU00055,2025-07-21,42,40.0
SKU00055,2025-07-28,71,57.0
SKU00055,2025-08-04,42,60.0
SKU00055,2025-08-11,66,54.0
SKU00055,2025-08-18,38,61.0
SKU00055,2025-08-25,76,37.0
SKU00055,2025-09-01,51,56.0
SKU00055,2025-09-08,43,49.0
SKU00055,2025-09-15,45,35.0
SKU00055,2025-09-22,35,59.0
SKU00055,2025-09-29,23,66.0
SKU00055,2025-10-06,46,60.0
SKU00055,2025-10-13,50,45.0
SKU00055,2025-10-20,47,47.0
SKU00055,2025-10-27,49,59.0
SKU00055,2025-11-03,77,74.0
SKU00055,2025-11-10,110,96.0
SKU00055,2025-11-17,91,92.0
SKU00055,2025-11-24,96,93.0
SKU00055,2025-12-01,71,112.0
SKU00055,2025-12-08,74,67.0
SKU00055,2025-12-15,72,93.0
SKU00055,2025-12-22,100,117.0
SKU00055,2025-12-29,15,36.0
SKU00056,2024-01-01,63,
SKU00056,2024-01-08,37,
SKU00056,2024-01-15,46,
SKU00056,2024-01-22,40,
SKU00056,2024-01-29,55,
SKU00056,2024-02-05,61,
SKU00056,2024-02-12,41,
SKU00056,2024-02-19,24,
SKU00056,2024-02-26,52,
SKU00056,2024-03-04,67,
SKU00056,2024-03-11,48,
SKU00056,2024-03-18,87,
SKU00056,2024-03-25,62,
SKU00056,2024-04-01,61,
SKU00056,2024-04-08,34,
SKU00056,2024-04-15,32,
SKU00056,2024-04-22,64,
SKU00056,2024-04-29,61,
SKU00056,2024-05-06,57,
SKU00056,2024-05-13,30,
SKU00056,2024-05-20,65,
SKU00056,2024-05-27,48,
SKU00056,2024-06-03,34,
SKU00056,2024-06-10,35,
SKU00056,2024-06-17,58,
SKU00056,2024-06-24,85,
SKU00056,2024-07-01,105,
SKU00056,2024-07-08,81,
SKU00056,2024-07-15,84,
SKU00056,2024-07-22,60,
SKU00056,2024-07-29,35,
SKU00056,2024-08-05,55,
SKU00056,2024-08-12,37,
SKU00056,2024-08-19,44,
SKU00056,2024-08-26,65,
SKU00056,2024-09-02,57,
SKU00056,2024-09-09,76,
SKU00056,2024-09-16,51,
SKU00056,2024-09-23,72,
SKU00056,2024-09-30,86,
SKU00056,2024-10-07,61,
SKU00056,2024-10-14,33,
SKU00056,2024-10-21,60,
SKU00056,2024-10-28,58,
SKU00056,2024-11-04,132,
SKU00056,2024-11-11,107,
SKU00056,2024-11-18,114,
SKU00056,2024-11-25,69,
SKU00056,2024-12-02,63,
SKU00056,2024-12-09,66,
SKU00056,2024-12-16,53,
SKU00056,2024-12-23,78,
SKU00056,2024-12-30,48,63.0
SKU00056,2025-01-06,43,37.0
SKU00056,2025-01-13,41,46.0
SKU00056,2025-01-20,46,40.0
SKU00056,2025-01-27,28,55.0
SKU00056,2025-02-03,37,61.0
SKU00056,2025-02-10,22,41.0
SKU00056,2025-02-17,51,24.0
SKU00056,2025-02-24,46,52.0
SKU00056,2025-03-03,57,67.0
SKU00056,2025-03-10,87,48.0
SKU00056,2025-03-17,56,87.0
SKU00056,2025-03-24,46,62.0
SKU00056,2025-03-31,94,61.0
SKU00056,2025-04-07,52,34.0
SKU00056,2025-04-14,49,32.0
SKU00056,2025-04-21,61,64.0
SKU00056,2025-04-28,92,61.0
SKU00056,2025-05-05,30,57.0
SKU00056,2025-05-12,29,30.0
SKU00056,2025-05-19,73,65.0
SKU00056,2025-05-26,50,48.0
SKU00056,2025-06-02,37,34.0
SKU00056,2025-06-09,29,35.0
SKU00056,2025-06-16,56,58.0
SKU00056,2025-06-23,62,85.0
SKU00056,2025-06-30,63,105.0
SKU00056,2025-07-07,45,81.0
SKU00056,2025-07-14,101,84.0
SKU00056,2025-07-21,27,60.0
SKU00056,2025-07-28,45,35.0
SKU00056,2025-08-04,69,55.0
SKU00056,2025-08-11,38,37.0
SKU00056,2025-08-18,28,44.0
SKU00056,2025-08-25,39,65.0
SKU00056,2025-09-01,96,57.0
SKU00056,2025-09-08,60,76.0
SKU00056,2025-09-15,44,51.0
SKU00056,2025-09-22,30,72.0
SKU00056,2025-09-29,44,86.0
SKU00056,2025-10-06,63,61.0
SKU00056,2025-10-13,62,33.0
SKU00056,2025-10-20,88,60.0
SKU00056,2025-10-27,37,58.0
SKU00056,2025-11-03,105,132.0
SKU00056,2025-11-10,83,107.0
SKU00056,2025-11-17,108,114.0
SKU00056,2025-11-24,51,69.0
SKU00056,2025-12-01,77,63.0
SKU00056,2025-12-08,51,66.0
SKU00056,2025-12-15,99,53.0
SKU00056,2025-12-22,103,78.0
SKU00056,2025-12-29,42,48.0
SKU00057,2024-01-01,69,
SKU00057,2024-01-08,62,
SKU00057,2024-01-15,37,
SKU00057,2024-01-22,36,
SKU00057,2024-01-29,50,
SKU00057,2024-02-05,47,
SKU00057,2024-02-12,41,
SKU00057,2024-02-19,42,
SKU00057,2024-02-26,54,
SKU00057,2024-03-04,70,
SKU00057,2024-03-11,85,
SKU00057,2024-03-18,67,
SKU00057,2024-03-25,43,
SKU00057,2024-04-01,76,
SKU00057,2024-04-08,34,
SKU00057,2024-04-15,38,
SKU00057,2024-04-22,50,
SKU00057,2024-04-29,54,
SKU00057,2024-05-06,63,
SKU00057,2024-05-13,36,
SKU00057,2024-05-20,54,
SKU00057,2024-05-27,41,
SKU00057,2024-06-03,69,
SKU00057,2024-06-10,40,
SKU00057,2024-06-17,37,
SKU00057,2024-06-24,83,
SKU00057,2024-07-01,50,
SKU00057,2024-07-08,57,
SKU00057,2024-07-15,63,
SKU00057,2024-07-22,48,
SKU00057,2024-07-29,40,
SKU00057,2024-08-05,82,
SKU00057,2024-08-12,47,
SKU00057,2024-08-19,43,
SKU00057,2024-08-26,66,
SKU00057,2024-09-02,46,
SKU00057,2024-09-09,54,
SKU00057,2024-09-16,30,
SKU00057,2024-09-23,63,
SKU00057,2024-09-30,91,
SKU00057,2024-10-07,51,
SKU00057,2024-10-14,59,
SKU00057,2024-10-21,65,
SKU00057,2024-10-28,66,
SKU00057,2024-11-04,70,
SKU00057,2024-11-11,124,
SKU00057,2024-11-18,96,
SKU00057,2024-11-25,76,
SKU00057,2024-12-02,86,
SKU00057,2024-12-09,88,
SKU00057,2024-12-16,84,
SKU00057,2024-12-23,114,
SKU00057,2024-12-30,70,69.0
SKU00057,2025-01-06,48,62.0
SKU00057,2025-01-13,36,37.0
SKU00057,2025-01-20,38,36.0
SKU00057,2025-01-27,69,50.0
SKU00057,2025-02-03,30,47.0
SKU00057,2025-02-10,56,41.0
SKU00057,2025-02-17,29,42.0
SKU00057,2025-02-24,39,54.0
SKU00057,2025-03-03,47,70.0
SKU00057,2025-03-10,57,85.0
SKU00057,2025-03-17,80,67.0
SKU00057,2025-03-24,57,43.0
SKU00057,2025-03-31,55,76.0
SKU00057,2025-04-07,59,34.0
SKU00057,2025-04-14,38,38.0
SKU00057,2025-04-21,57,50.0
SKU00057,2025-04-28,48,54.0
SKU00057,2025-05-05,39,63.0
SKU00057,2025-05-12,53,36.0
SKU00057,2025-05-19,40,54.0
SKU00057,2025-05-26,63,41.0
SKU00057,2025-06-02,45,69.0
SKU00057,2025-06-09,54,40.0
SKU00057,2025-06-16,67,37.0
SKU00057,2025-06-23,31,83.0
SKU00057,2025-06-30,50,50.0
SKU00057,2025-07-07,77,57.0
SKU00057,2025-07-14,56,63.0
SKU00057,2025-07-21,58,48.0
SKU00057,2025-07-28,53,40.0
SKU00057,2025-08-04,47,82.0
SKU00057,2025-08-11,58,47.0
SKU00057,2025-08-18,73,43.0
SKU00057,2025-08-25,50,66.0
SKU00057,2025-09-01,55,46.0
SKU00057,2025-09-08,39,54.0
SKU00057,2025-09-15,40,30.0
SKU00057,2025-09-22,53,63.0
SKU00057,2025-09-29,89,91.0
SKU00057,2025-10-06,66,51.0
SKU00057,2025-10-13,46,59.0
SKU00057,2025-10-20,82,65.0
SKU00057,2025-10-27,81,66.0
SKU00057,2025-11-03,104,70.0
SKU00057,2025-11-10,109,124.0
SKU00057,2025-11-17,130,96.0
SKU00057,2025-11-24,94,76.0
SKU00057,2025-12-01,84,86.0
SKU00057,2025-12-08,113,88.0
SKU00057,2025-12-15,114,84.0
SKU00057,2025-12-22,86,114.0
SKU00057,2025-12-29,38,70.0
SKU00058,2024-01-01,45,
SKU00058,2024-01-08,59,
SKU00058,2024-01-15,38,
SKU00058,2024-01-22,48,
SKU00058,2024-01-29,28,
SKU00058,2024-02-05,83,
SKU00058,2024-02-12,40,
SKU00058,2024-02-19,68,
SKU00058,2024-02-26,47,
SKU00058,2024-03-04,58,
SKU00058,2024-03-11,69,
SKU00058,2024-03-18,87,
SKU00058,2024-03-25,75,
SKU00058,2024-04-01,32,
SKU00058,2024-04-08,70,
SKU00058,2024-04-15,86,
SKU00058,2024-04-22,40,
SKU00058,2024-04-29,45,
SKU00058,2024-05-06,65,
SKU00058,2024-05-13,67,
SKU00058,2024-05-20,52,
SKU00058,2024-05-27,76,
SKU00058,2024-06-03,61,
SKU00058,2024-06-10,53,
SKU00058,2024-06-17,57,
SKU00058,2024-06-24,54,
SKU00058,2024-07-01,47,
SKU00058,2024-07-08,50,
SKU00058,2024-07-15,94,
SKU00058,2024-07-22,111,
SKU00058,2024-07-29,66,
SKU00058,2024-08-05,70,
SKU00058,2024-08-12,67,
SKU00058,2024-08-19,57,
SKU00058,2024-08-26,48,
SKU00058,2024-09-02,60,
SKU00058,2024-09-09,79,
SKU00058,2024-09-16,54,
SKU00058,2024-09-23,53,
SKU00058,2024-09-30,80,
SKU00058,2024-10-07,58,
SKU00058,2024-10-14,63,
SKU00058,2024-10-21,53,
SKU00058,2024-10-28,92,
SKU00058,2024-11-04,127,
SKU00058,2024-11-11,82,
SKU00058,2024-11-18,84,
SKU00058,2024-11-25,78,
SKU00058,2024-12-02,74,
SKU00058,2024-12-09,72,
SKU00058,2024-12-16,73,
SKU00058,2024-12-23,74,
SKU00058,2024-12-30,63,45.0
SKU00058,2025-01-06,42,59.0
SKU00058,2025-01-13,39,38.0
SKU00058,2025-01-20,55,48.0
SKU00058,2025-01-27,52,28.0
SKU00058,2025-02-03,29,83.0
SKU00058,2025-02-10,32,40.0
SKU00058,2025-02-17,44,68.0
SKU00058,2025-02-24,26,47.0
SKU00058,2025-03-03,58,58.0
SKU00058,2025-03-10,75,69.0
SKU00058,2025-03-17,60,87.0
SKU00058,2025-03-24,32,75.0
SKU00058,2025-03-31,56,32.0
SKU00058,2025-04-07,86,70.0
SKU00058,2025-04-14,52,86.0
SKU00058,2025-04-21,94,40.0
SKU00058,2025-04-28,80,45.0
SKU00058,2025-05-05,70,65.0
SKU00058,2025-05-12,54,67.0
SKU00058,2025-05-19,57,52.0
SKU00058,2025-05-26,63,76.0
SKU00058,2025-06-02,66,61.0
SKU00058,2025-06-09,71,53.0
SKU00058,2025-06-16,39,57.0
SKU00058,2025-06-23,65,54.0
SKU00058,2025-06-30,24,47.0
SKU00058,2025-07-07,44,50.0
SKU00058,2025-07-14,45,94.0
SKU00058,2025-07-21,60,111.0
SKU00058,2025-07-28,70,66.0
SKU00058,2025-08-04,41,70.0
SKU00058,2025-08-11,71,67.0
SKU00058,2025-08-18,45,57.0
SKU00058,2025-08-25,62,48.0
SKU00058,2025-09-01,63,60.0
SKU00058,2025-09-08,70,79.0
SKU00058,2025-09-15,66,54.0
SKU00058,2025-09-22,50,53.0
SKU00058,2025-09-29,49,80.0
SKU00058,2025-10-06,38,58.0
SKU00058,2025-10-13,42,63.0
SKU00058,2025-10-20,53,53.0
SKU00058,2025-10-27,58,92.0
SKU00058,2025-11-03,65,127.0
SKU00058,2025-11-10,90,82.0
SKU00058,2025-11-17,95,84.0
SKU00058,2025-11-24,72,78.0
SKU00058,2025-12-01,71,74.0
SKU00058,2025-12-08,66,72.0
SKU00058,2025-12-15,65,73.0
SKU00058,2025-12-22,93,74.0
SKU00058,2025-12-29,23,63.0
SKU00059,2024-01-01,55,
SKU00059,2024-01-08,32,
SKU00059,2024-01-15,27,
SKU00059,2024-01-22,34,
SKU00059,2024-01-29,15,
SKU00059,2024-02-05,59,
SKU00059,2024-02-12,36,
SKU00059,2024-02-19,47,
SKU00059,2024-02-26,107,
SKU00059,2024-03-04,53,
SKU00059,2024-03-11,54,
SKU00059,2024-03-18,36,
SKU00059,2024-03-25,58,
SKU00059,2024-04-01,48,
SKU00059,2024-04-08,56,
SKU00059,2024-04-15,38,
SKU00059,2024-04-22,68,
SKU00059,2024-04-29,67,
SKU00059,2024-05-06,38,
SKU00059,2024-05-13,63,
SKU00059,2024-05-20,88,
SKU00059,2024-05-27,59,
SKU00059,2024-06-03,70,
SKU00059,2024-06-10,54,
SKU00059,2024-06-17,44,
SKU00059,2024-06-24,30,
SKU00059,2024-07-01,73,
SKU00059,2024-07-08,48,
SKU00059,2024-07-15,82,
SKU00059,2024-07-22,32,
SKU00059,2024-07-29,59,
SKU00059,2024-08-05,55,
SKU00059,2024-08-12,12,
SKU00059,2024-08-19,39,
SKU00059,2024-08-26,47,
SKU00059,2024-09-02,79,
SKU00059,2024-09-09,71,
SKU00059,2024-09-16,82,
SKU00059,2024-09-23,72,
SKU00059,2024-09-30,50,
SKU00059,2024-10-07,61,
SKU00059,2024-10-14,67,
SKU00059,2024-10-21,46,
SKU00059,2024-10-28,67,
SKU00059,2024-11-04,69,
SKU00059,2024-11-11,108,
SKU00059,2024-11-18,86,
SKU00059,2024-11-25,94,
SKU00059,2024-12-02,98,
SKU00059,2024-12-09,98,
SKU00059,2024-12-16,88,
SKU00059,2024-12-23,74,
SKU00059,2024-12-30,59,55.0
SKU00059,2025-01-06,46,32.0
SKU00059,2025-01-13,57,27.0
SKU00059,2025-01-20,36,34.0
SKU00059,2025-01-27,52,15.0
SKU00059,2025-02-03,70,59.0
SKU00059,2025-02-10,48,36.0
SKU00059,2025-02-17,63,47.0
SKU00059,2025-02-24,40,107.0
SKU00059,2025-03-03,62,53.0
SKU00059,2025-03-10,51,54.0
SKU00059,2025-03-17,64,36.0
SKU00059,2025-03-24,47,58.0
SKU00059,2025-03-31,44,48.0
SKU00059,2025-04-07,46,56.0
SKU00059,2025-04-14,49,38.0
SKU00059,2025-04-21,85,68.0
SKU00059,2025-04-28,61,67.0
SKU00059,2025-05-05,71,38.0
SKU00059,2025-05-12,81,63.0
SKU00059,2025-05-19,38,88.0
SKU00059,2025-05-26,55,59.0
SKU00059,2025-06-02,45,70.0
SKU00059,2025-06-09,56,54.0
SKU00059,2025-06-16,31,44.0
SKU00059,2025-06-23,54,30.0
SKU00059,2025-06-30,27,73.0
SKU00059,2025-07-07,42,48.0
SKU00059,2025-07-14,48,82.0
SKU00059,2025-07-21,83,32.0
SKU00059,2025-07-28,64,59.0
SKU00059,2025-08-04,70,55.0
SKU00059,2025-08-11,24,12.0
SKU00059,2025-08-18,38,39.0
SKU00059,2025-08-25,33,47.0
SKU00059,2025-09-01,53,79.0
SKU00059,2025-09-08,53,71.0
SKU00059,2025-09-15,60,82.0
SKU00059,2025-09-22,68,72.0
SKU00059,2025-09-29,39,50.0
SKU00059,2025-10-06,59,61.0
SKU00059,2025-10-13,49,67.0
SKU00059,2025-10-20,81,46.0
SKU00059,2025-10-27,49,67.0
SKU00059,2025-11-03,65,69.0
SKU00059,2025-11-10,98,108.0
SKU00059,2025-11-17,52,86.0
SKU00059,2025-11-24,67,94.0
SKU00059,2025-12-01,94,98.0
SKU00059,2025-12-08,107,98.0
SKU00059,2025-12-15,92,88.0
SKU00059,2025-12-22,99,74.0
SKU00059,2025-12-29,37,59.0
SKU00060,2024-01-01,56,
SKU00060,2024-01-08,56,
SKU00060,2024-01-15,49,
SKU00060,2024-01-22,40,
SKU00060,2024-01-29,43,
SKU00060,2024-02-05,56,
SKU00060,2024-02-12,78,
SKU00060,2024-02-19,43,
SKU00060,2024-02-26,62,
SKU00060,2024-03-04,73,
SKU00060,2024-03-11,51,
SKU00060,2024-03-18,34,
SKU00060,2024-03-25,42,
SKU00060,2024-04-01,34,
SKU00060,2024-04-08,61,
SKU00060,2024-04-15,54,
SKU00060,2024-04-22,48,
SKU00060,2024-04-29,55,
SKU00060,2024-05-06,57,
SKU00060,2024-05-13,43,
SKU00060,2024-05-20,53,
SKU00060,2024-05-27,65,
SKU00060,2024-06-03,61,
SKU00060,2024-06-10,40,
SKU00060,2024-06-17,61,
SKU00060,2024-06-24,47,
SKU00060,2024-07-01,43,
SKU00060,2024-07-08,69,
SKU00060,2024-07-15,56,
SKU00060,2024-07-22,47,
SKU00060,2024-07-29,61,
SKU00060,2024-08-05,67,
SKU00060,2024-08-12,50,
SKU00060,2024-08-19,50,
SKU00060,2024-08-26,40,
SKU00060,2024-09-02,42,
SKU00060,2024-09-09,54,
SKU00060,2024-09-16,77,
SKU00060,2024-09-23,76,
SKU00060,2024-09-30,35,
SKU00060,2024-10-07,81,
SKU00060,2024-10-14,43,
SKU00060,2024-10-21,69,
SKU00060,2024-10-28,42,
SKU00060,2024-11-04,59,
SKU00060,2024-11-11,107,
SKU00060,2024-11-18,72,
SKU00060,2024-11-25,63,
SKU00060,2024-12-02,114,
SKU00060,2024-12-09,92,
SKU00060,2024-12-16,97,
SKU00060,2024-12-23,108,
SKU00060,2024-12-30,60,56.0
SKU00060,2025-01-06,59,56.0
SKU00060,2025-01-13,61,49.0
SKU00060,2025-01-20,52,40.0
SKU00060,2025-01-27,45,43.0
SKU00060,2025-02-03,73,56.0
SKU00060,2025-02-10,42,78.0
SKU00060,2025-02-17,53,43.0
SKU00060,2025-02-24,36,62.0
SKU00060,2025-03-03,77,73.0
SKU00060,2025-03-10,67,51.0
SKU00060,2025-03-17,42,34.0
SKU00060,2025-03-24,22,42.0
SKU00060,2025-03-31,33,34.0
SKU00060,2025-04-07,78,61.0
SKU00060,2025-04-14,58,54.0
SKU00060,2025-04-21,60,48.0
SKU00060,2025-04-28,51,55.0
SKU00060,2025-05-05,47,57.0
SKU00060,2025-05-12,64,43.0
SKU00060,2025-05-19,66,53.0
SKU00060,2025-05-26,92,65.0
SKU00060,2025-06-02,55,61.0
SKU00060,2025-06-09,44,40.0
SKU00060,2025-06-16,86,61.0
SKU00060,2025-06-23,56,47.0
SKU00060,2025-06-30,40,43.0
SKU00060,2025-07-07,42,69.0
SKU00060,2025-07-14,74,56.0
SKU00060,2025-07-21,48,47.0
SKU00060,2025-07-28,75,61.0
SKU00060,2025-08-04,46,67.0
SKU00060,2025-08-11,79,50.0
SKU00060,2025-08-18,81,50.0
SKU00060,2025-08-25,67,40.0
SKU00060,2025-09-01,66,42.0
SKU00060,2025-09-08,60,54.0
SKU00060,2025-09-15,108,77.0
SKU00060,2025-09-22,59,76.0
SKU00060,2025-09-29,30,35.0
SKU00060,2025-10-06,66,81.0
SKU00060,2025-10-13,67,43.0
SKU00060,2025-10-20,54,69.0
SKU00060,2025-10-27,46,42.0
SKU00060,2025-11-03,107,59.0
SKU00060,2025-11-10,57,107.0
SKU00060,2025-11-17,101,72.0
SKU00060,2025-11-24,118,63.0
SKU00060,2025-12-01,82,114.0
SKU00060,2025-12-08,138,92.0
SKU00060,2025-12-15,138,97.0
SKU00060,2025-12-22,92,108.0
SKU00060,2025-12-29,27,60.0
SKU00061,2024-01-01,34,
SKU00061,2024-01-08,38,
SKU00061,2024-01-15,49,
SKU00061,2024-01-22,41,
SKU00061,2024-01-29,74,
SKU00061,2024-02-05,19,
SKU00061,2024-02-12,37,
SKU00061,2024-02-19,33,
SKU00061,2024-02-26,28,
SKU00061,2024-03-04,58,
SKU00061,2024-03-11,57,
SKU00061,2024-03-18,71,
SKU00061,2024-03-25,75,
SKU00061,2024-04-01,72,
SKU00061,2024-04-08,58,
SKU00061,2024-04-15,55,
SKU00061,2024-04-22,54,
SKU00061,2024-04-29,71,
SKU00061,2024-05-06,60,
SKU00061,2024-05-13,35,
SKU00061,2024-05-20,90,
SKU00061,2024-05-27,45,
SKU00061,2024-06-03,81,
SKU00061,2024-06-10,90,
SKU00061,2024-06-17,60,
SKU00061,2024-06-24,49,
SKU00061,2024-07-01,57,
SKU00061,2024-07-08,39,
SKU00061,2024-07-15,30,
SKU00061,2024-07-22,50,
SKU00061,2024-07-29,50,
SKU00061,2024-08-05,46,
SKU00061,2024-08-12,30,
SKU00061,2024-08-19,59,
SKU00061,2024-08-26,49,
SKU00061,2024-09-02,72,
SKU00061,2024-09-09,47,
SKU00061,2024-09-16,72,
SKU00061,2024-09-23,33,
SKU00061,2024-09-30,34,
SKU00061,2024-10-07,28,
SKU00061,2024-10-14,56,
SKU00061,2024-10-21,47,
SKU00061,2024-10-28,54,
SKU00061,2024-11-04,50,
SKU00061,2024-11-11,119,
SKU00061,2024-11-18,63,
SKU00061,2024-11-25,107,
SKU00061,2024-12-02,63,
SKU00061,2024-12-09,77,
SKU00061,2024-12-16,89,
SKU00061,2024-12-23,94,
SKU00061,2024-12-30,63,34.0
SKU00061,2025-01-06,40,38.0
SKU00061,2025-01-13,42,49.0
SKU00061,2025-01-20,49,41.0
SKU00061,2025-01-27,45,74.0
SKU00061,2025-02-03,72,19.0
SKU00061,2025-02-10,47,37.0
SKU00061,2025-02-17,52,33.0
SKU00061,2025-02-24,31,28.0
SKU00061,2025-03-03,57,58.0
SKU00061,2025-03-10,76,57.0
SKU00061,2025-03-17,48,71.0
SKU00061,2025-03-24,60,75.0
SKU00061,2025-03-31,62,72.0
SKU00061,2025-04-07,54,58.0
SKU00061,2025-04-14,76,55.0
SKU00061,2025-04-21,42,54.0
SKU00061,2025-04-28,96,71.0
SKU00061,2025-05-05,35,60.0
SKU00061,2025-05-12,43,35.0
SKU00061,2025-05-19,45,90.0
SKU00061,2025-05-26,38,45.0
SKU00061,2025-06-02,53,81.0
SKU00061,2025-06-09,71,90.0
SKU00061,2025-06-16,38,60.0
SKU00061,2025-06-23,60,49.0
SKU00061,2025-06-30,47,57.0
SKU00061,2025-07-07,58,39.0
SKU00061,2025-07-14,44,30.0
SKU00061,2025-07-21,49,50.0
SKU00061,2025-07-28,53,50.0
SKU00061,2025-08-04,51,46.0
SKU00061,2025-08-11,31,30.0
SKU00061,2025-08-18,58,59.0
SKU00061,2025-08-25,71,49.0
SKU00061,2025-09-01,37,72.0
SKU00061,2025-09-08,50,47.0
SKU00061,2025-09-15,36,72.0
SKU00061,2025-09-22,36,33.0
SKU00061,2025-09-29,67,34.0
SKU00061,2025-10-06,58,28.0
SKU00061,2025-10-13,49,56.0
SKU00061,2025-10-20,82,47.0
SKU00061,2025-10-27,58,54.0
SKU00061,2025-11-03,67,50.0
SKU00061,2025-11-10,79,119.0
SKU00061,2025-11-17,96,63.0
SKU00061,2025-11-24,60,107.0
SKU00061,2025-12-01,87,63.0
SKU00061,2025-12-08,72,77.0
SKU00061,2025-12-15,111,89.0
SKU00061,2025-12-22,111,94.0
SKU00061,2025-12-29,40,63.0
SKU00062,2024-01-01,39,
SKU00062,2024-01-08,28,
SKU00062,2024-01-15,32,
SKU00062,2024-01-22,48,
SKU00062,2024-01-29,52,
SKU00062,2024-02-05,53,
SKU00062,2024-02-12,31,
SKU00062,2024-02-19,77,
SKU00062,2024-02-26,75,
SKU00062,2024-03-04,61,
SKU00062,2024-03-11,47,
SKU00062,2024-03-18,116,
SKU00062,2024-03-25,69,
SKU00062,2024-04-01,78,
SKU00062,2024-04-08,51,
SKU00062,2024-04-15,66,
SKU00062,2024-04-22,47,
SKU00062,2024-04-29,42,
SKU00062,2024-05-06,41,
SKU00062,2024-05-13,26,
SKU00062,2024-05-20,54,
SKU00062,2024-05-27,55,
SKU00062,2024-06-03,50,
SKU00062,2024-06-10,63,
SKU00062,2024-06-17,61,
SKU00062,2024-06-24,40,
SKU00062,2024-07-01,74,
SKU00062,2024-07-08,54,
SKU00062,2024-07-15,46,
SKU00062,2024-07-22,67,
SKU00062,2024-07-29,62,
SKU00062,2024-08-05,37,
SKU00062,2024-08-12,47,
SKU00062,2024-08-19,66,
SKU00062,2024-08-26,62,
SKU00062,2024-09-02,31,
SKU00062,2024-09-09,53,
SKU00062,2024-09-16,66,
SKU00062,2024-09-23,66,
SKU00062,2024-09-30,68,
SKU00062,2024-10-07,75,
SKU00062,2024-10-14,31,
SKU00062,2024-10-21,96,
SKU00062,2024-10-28,90,
SKU00062,2024-11-04,100,
SKU00062,2024-11-11,103,
SKU00062,2024-11-18,75,
SKU00062,2024-11-25,82,
SKU00062,2024-12-02,105,
SKU00062,2024-12-09,59,
SKU00062,2024-12-16,66,
SKU00062,2024-12-23,82,
SKU00062,2024-12-30,60,39.0
SKU00062,2025-01-06,34,28.0
SKU00062,2025-01-13,60,32.0
SKU00062,2025-01-20,57,48.0
SKU00062,2025-01-27,13,52.0
SKU00062,2025-02-03,28,53.0
SKU00062,2025-02-10,32,31.0
SKU00062,2025-02-17,60,77.0
SKU00062,2025-02-24,44,75.0
SKU00062,2025-03-03,41,61.0
SKU00062,2025-03-10,47,47.0
SKU00062,2025-03-17,56,116.0
SKU00062,2025-03-24,52,69.0
SKU00062,2025-03-31,52,78.0
SKU00062,2025-04-07,64,51.0
SKU00062,2025-04-14,43,66.0
SKU00062,2025-04-21,52,47.0
SKU00062,2025-04-28,60,42.0
SKU00062,2025-05-05,73,41.0
SKU00062,2025-05-12,63,26.0
SKU00062,2025-05-19,79,54.0
SKU00062,2025-05-26,69,55.0
SKU00062,2025-06-02,37,50.0
SKU00062,2025-06-09,35,63.0
SKU00062,2025-06-16,42,61.0
SKU00062,2025-06-23,64,40.0
SKU00062,2025-06-30,62,74.0
SKU00062,2025-07-07,35,54.0
SKU00062,2025-07-14,43,46.0
SKU00062,2025-07-21,52,67.0
SKU00062,2025-07-28,46,62.0
SKU00062,2025-08-04,62,37.0
SKU00062,2025-08-11,47,47.0
SKU00062,2025-08-18,53,66.0
SKU00062,2025-08-25,78,62.0
SKU00062,2025-09-01,49,31.0
SKU00062,2025-09-08,92,53.0
SKU00062,2025-09-15,52,66.0
SKU00062,2025-09-22,61,66.0
SKU00062,2025-09-29,78,68.0
SKU00062,2025-10-06,64,75.0
SKU00062,2025-10-13,58,31.0
SKU00062,2025-10-20,46,96.0
SKU00062,2025-10-27,76,90.0
SKU00062,2025-11-03,97,100.0
SKU00062,2025-11-10,69,103.0
SKU00062,2025-11-17,59,75.0
SKU00062,2025-11-24,63,82.0
SKU00062,2025-12-01,87,105.0
SKU00062,2025-12-08,166,59.0
SKU00062,2025-12-15,52,66.0
SKU00062,2025-12-22,99,82.0
SKU00062,2025-12-29,25,60.0
SKU00063,2024-01-01,65,
SKU00063,2024-01-08,35,
SKU00063,2024-01-15,40,
SKU00063,2024-01-22,42,
SKU00063,2024-01-29,50,
SKU00063,2024-02-05,40,
SKU00063,2024-02-12,52,
SKU00063,2024-02-19,27,
SKU00063,2024-02-26,62,
SKU00063,2024-03-04,48,
SKU00063,2024-03-11,56,
SKU00063,2024-03-18,46,
SKU00063,2024-03-25,40,
SKU00063,2024-04-01,64,
SKU00063,2024-04-08,52,
SKU00063,2024-04-15,52,
SKU00063,2024-04-22,42,
SKU00063,2024-04-29,65,
SKU00063,2024-05-06,69,
SKU00063,2024-05-13,68,
SKU00063,2024-05-20,52,
SKU00063,2024-05-27,73,
SKU00063,2024-06-03,56,
SKU00063,2024-06-10,51,
SKU00063,2024-06-17,56,
SKU00063,2024-06-24,37,
SKU00063,2024-07-01,42,
SKU00063,2024-07-08,55,
SKU00063,2024-07-15,33,
SKU00063,2024-07-22,79,
SKU00063,2024-07-29,57,
SKU00063,2024-08-05,32,
SKU00063,2024-08-12,40,
SKU00063,2024-08-19,21,
SKU00063,2024-08-26,76,
SKU00063,2024-09-02,56,
SKU00063,2024-09-09,49,
SKU00063,2024-09-16,37,
SKU00063,2024-09-23,61,
SKU00063,2024-09-30,39,
SKU00063,2024-10-07,53,
SKU00063,2024-10-14,47,
SKU00063,2024-10-21,23,
SKU00063,2024-10-28,40,
SKU00063,2024-11-04,103,
SKU00063,2024-11-11,76,
SKU00063,2024-11-18,73,
SKU00063,2024-11-25,95,
SKU00063,2024-12-02,75,
SKU00063,2024-12-09,85,
SKU00063,2024-12-16,102,
SKU00063,2024-12-23,69,
SKU00063,2024-12-30,74,65.0
SKU00063,2025-01-06,49,35.0
SKU00063,2025-01-13,36,40.0
SKU00063,2025-01-20,42,42.0
SKU00063,2025-01-27,40,50.0
SKU00063,2025-02-03,47,40.0
SKU00063,2025-02-10,49,52.0
SKU00063,2025-02-17,54,27.0
SKU00063,2025-02-24,59,62.0
SKU00063,2025-03-03,43,48.0
SKU00063,2025-03-10,41,56.0
SKU00063,2025-03-17,76,46.0
SKU00063,2025-03-24,92,40.0
SKU00063,2025-03-31,54,64.0
SKU00063,2025-04-07,53,52.0
SKU00063,2025-04-14,60,52.0
SKU00063,2025-04-21,40,42.0
SKU00063,2025-04-28,72,65.0
SKU00063,2025-05-05,55,69.0
SKU00063,2025-05-12,37,68.0
SKU00063,2025-05-19,34,52.0
SKU00063,2025-05-26,50,73.0
SKU00063,2025-06-02,95,56.0
SKU00063,2025-06-09,68,51.0
SKU00063,2025-06-16,43,56.0
SKU00063,2025-06-23,47,37.0
SKU00063,2025-06-30,71,42.0
SKU00063,2025-07-07,69,55.0
SKU00063,2025-07-14,57,33.0
SKU00063,2025-07-21,72,79.0
SKU00063,2025-07-28,39,57.0
SKU00063,2025-08-04,53,32.0
SKU00063,2025-08-11,50,40.0
SKU00063,2025-08-18,72,21.0
SKU00063,2025-08-25,62,76.0
SKU00063,2025-09-01,52,56.0
SKU00063,2025-09-08,50,49.0
SKU00063,2025-09-15,34,37.0
SKU00063,2025-09-22,43,61.0
SKU00063,2025-09-29,85,39.0
SKU00063,2025-10-06,39,53.0
SKU00063,2025-10-13,45,47.0
SKU00063,2025-10-20,37,23.0
SKU00063,2025-10-27,65,40.0
SKU00063,2025-11-03,51,103.0
SKU00063,2025-11-10,84,76.0
SKU00063,2025-11-17,42,73.0
SKU00063,2025-11-24,60,95.0
SKU00063,2025-12-01,130,75.0
SKU00063,2025-12-08,94,85.0
SKU00063,2025-12-15,79,102.0
SKU00063,2025-12-22,77,69.0
SKU00063,2025-12-29,37,74.0
SKU00064,2024-01-01,79,
SKU00064,2024-01-08,66,
SKU00064,2024-01-15,54,
SKU00064,2024-01-22,53,
SKU00064,2024-01-29,83,
SKU00064,2024-02-05,44,
SKU00064,2024-02-12,46,
SKU00064,2024-02-19,62,
SKU00064,2024-02-26,43,
SKU00064,2024-03-04,59,
SKU00064,2024-03-11,46,
SKU00064,2024-03-18,82,
SKU00064,2024-03-25,76,
SKU00064,2024-04-01,68,
SKU00064,2024-04-08,75,
SKU00064,2024-04-15,55,
SKU00064,2024-04-22,43,
SKU00064,2024-04-29,37,
SKU00064,2024-05-06,82,
SKU00064,2024-05-13,41,
SKU00064,2024-05-20,69,
SKU00064,2024-05-27,60,
SKU00064,2024-06-03,52,
SKU00064,2024-06-10,44,
SKU00064,2024-06-17,29,
SKU00064,2024-06-24,36,
SKU00064,2024-07-01,39,
SKU00064,2024-07-08,77,
SKU00064,2024-07-15,50,
SKU00064,2024-07-22,72,
SKU00064,2024-07-29,47,
SKU00064,2024-08-05,62,
SKU00064,2024-08-12,45,
SKU00064,2024-08-19,57,
SKU00064,2024-08-26,65,
SKU00064,2024-09-02,89,
SKU00064,2024-09-09,36,
SKU00064,2024-09-16,54,
SKU00064,2024-09-23,77,
SKU00064,2024-09-30,74,
SKU00064,2024-10-07,65,
SKU00064,2024-10-14,32,
SKU00064,2024-10-21,45,
SKU00064,2024-10-28,93,
SKU00064,2024-11-04,78,
SKU00064,2024-11-11,61,
SKU00064,2024-11-18,100,
SKU00064,2024-11-25,71,
SKU00064,2024-12-02,80,
SKU00064,2024-12-09,66,
SKU00064,2024-12-16,117,
SKU00064,2024-12-23,78,
SKU00064,2024-12-30,74,79.0
SKU00064,2025-01-06,28,66.0
SKU00064,2025-01-13,39,54.0
SKU00064,2025-01-20,49,53.0
SKU00064,2025-01-27,36,83.0
SKU00064,2025-02-03,62,44.0
SKU00064,2025-02-10,67,46.0
SKU00064,2025-02-17,36,62.0
SKU00064,2025-02-24,60,43.0
SKU00064,2025-03-03,68,59.0
SKU00064,2025-03-10,56,46.0
SKU00064,2025-03-17,36,82.0
SKU00064,2025-03-24,44,76.0
SKU00064,2025-03-31,48,68.0
SKU00064,2025-04-07,95,75.0
SKU00064,2025-04-14,33,55.0
SKU00064,2025-04-21,49,43.0
SKU00064,2025-04-28,46,37.0
SKU00064,2025-05-05,68,82.0
SKU00064,2025-05-12,54,41.0
SKU00064,2025-05-19,60,69.0
SKU00064,2025-05-26,49,60.0
SKU00064,2025-06-02,38,52.0
SKU00064,2025-06-09,50,44.0
SKU00064,2025-06-16,45,29.0
SKU00064,2025-06-23,78,36.0
SKU00064,2025-06-30,57,39.0
SKU00064,2025-07-07,66,77.0
SKU00064,2025-07-14,53,50.0
SKU00064,2025-07-21,67,72.0
SKU00064,2025-07-28,65,47.0
SKU00064,2025-08-04,15,62.0
SKU00064,2025-08-11,32,45.0
SKU00064,2025-08-18,91,57.0
SKU00064,2025-08-25,43,65.0
SKU00064,2025-09-01,73,89.0
SKU00064,2025-09-08,71,36.0
SKU00064,2025-09-15,70,54.0
SKU00064,2025-09-22,57,77.0
SKU00064,2025-09-29,39,74.0
SKU00064,2025-10-06,41,65.0
SKU00064,2025-10-13,28,32.0
SKU00064,2025-10-20,26,45.0
SKU00064,2025-10-27,64,93.0
SKU00064,2025-11-03,86,78.0
SKU00064,2025-11-10,154,61.0
SKU00064,2025-11-17,112,100.0
SKU00064,2025-11-24,144,71.0
SKU00064,2025-12-01,132,80.0
SKU00064,2025-12-08,100,66.0
SKU00064,2025-12-15,79,117.0
SKU00064,2025-12-22,99,78.0
SKU00064,2025-12-29,42,74.0
SKU00065,2024-01-01,43,
SKU00065,2024-01-08,31,
SKU00065,2024-01-15,39,
SKU00065,2024-01-22,33,
SKU00065,2024-01-29,27,
SKU00065,2024-02-05,30,
SKU00065,2024-02-12,50,
SKU00065,2024-02-19,45,
SKU00065,2024-02-26,42,
SKU00065,2024-03-04,62,
SKU00065,2024-03-11,55,
SKU00065,2024-03-18,33,
SKU00065,2024-03-25,63,
SKU00065,2024-04-01,87,
SKU00065,2024-04-08,46,
SKU00065,2024-04-15,71,
SKU00065,2024-04-22,63,
SKU00065,2024-04-29,76,
SKU00065,2024-05-06,58,
SKU00065,2024-05-13,41,
SKU00065,2024-05-20,68,
SKU00065,2024-05-27,26,
SKU00065,2024-06-03,75,
SKU00065,2024-06-10,49,
SKU00065,2024-06-17,37,
SKU00065,2024-06-24,63,
SKU00065,2024-07-01,50,
SKU00065,2024-07-08,79,
SKU00065,2024-07-15,68,
SKU00065,2024-07-22,52,
SKU00065,2024-07-29,60,
SKU00065,2024-08-05,58,
SKU00065,2024-08-12,61,
SKU00065,2024-08-19,78,
SKU00065,2024-08-26,34,
SKU00065,2024-09-02,72,
SKU00065,2024-09-09,38,
SKU00065,2024-09-16,49,
SKU00065,2024-09-23,64,
SKU00065,2024-09-30,32,
SKU00065,2024-10-07,28,
SKU00065,2024-10-14,50,
SKU00065,2024-10-21,59,
SKU00065,2024-10-28,75,
SKU00065,2024-11-04,81,
SKU00065,2024-11-11,87,
SKU00065,2024-11-18,77,
SKU00065,2024-11-25,69,
SKU00065,2024-12-02,85,
SKU00065,2024-12-09,68,
SKU00065,2024-12-16,75,
SKU00065,2024-12-23,67,
SKU00065,2024-12-30,36,43.0
SKU00065,2025-01-06,46,31.0
SKU00065,2025-01-13,62,39.0
SKU00065,2025-01-20,57,33.0
SKU00065,2025-01-27,37,27.0
SKU00065,2025-02-03,23,30.0
SKU00065,2025-02-10,38,50.0
SKU00065,2025-02-17,37,45.0
SKU00065,2025-02-24,31,42.0
SKU00065,2025-03-03,70,62.0
SKU00065,2025-03-10,74,55.0
SKU00065,2025-03-17,51,33.0
SKU00065,2025-03-24,33,63.0
SKU00065,2025-03-31,36,87.0
SKU00065,2025-04-07,57,46.0
SKU00065,2025-04-14,48,71.0
SKU00065,2025-04-21,87,63.0
SKU00065,2025-04-28,96,76.0
SKU00065,2025-05-05,73,58.0
SKU00065,2025-05-12,19,41.0
SKU00065,2025-05-19,80,68.0
SKU00065,2025-05-26,48,26.0
SKU00065,2025-06-02,49,75.0
SKU00065,2025-06-09,45,49.0
SKU00065,2025-06-16,55,37.0
SKU00065,2025-06-23,39,63.0
SKU00065,2025-06-30,52,50.0
SKU00065,2025-07-07,38,79.0
SKU00065,2025-07-14,67,68.0
SKU00065,2025-07-21,51,52.0
SKU00065,2025-07-28,49,60.0
SKU00065,2025-08-04,65,58.0
SKU00065,2025-08-11,26,61.0
SKU00065,2025-08-18,44,78.0
SKU00065,2025-08-25,60,34.0
SKU00065,2025-09-01,61,72.0
SKU00065,2025-09-08,76,38.0
SKU00065,2025-09-15,33,49.0
SKU00065,2025-09-22,59,64.0
SKU00065,2025-09-29,52,32.0
SKU00065,2025-10-06,68,28.0
SKU00065,2025-10-13,65,50.0
SKU00065,2025-10-20,70,59.0
SKU00065,2025-10-27,66,75.0
SKU00065,2025-11-03,71,81.0
SKU00065,2025-11-10,82,87.0
SKU00065,2025-11-17,75,77.0
SKU00065,2025-11-24,54,69.0
SKU00065,2025-12-01,80,85.0
SKU00065,2025-12-08,105,68.0
SKU00065,2025-12-15,74,75.0
SKU00065,2025-12-22,114,67.0
SKU00065,2025-12-29,36,36.0
SKU00066,2024-01-01,38,
SKU00066,2024-01-08,60,
SKU00066,2024-01-15,28,
SKU00066,2024-01-22,40,
SKU00066,2024-01-29,64,
SKU00066,2024-02-05,42,
SKU00066,2024-02-12,41,
SKU00066,2024-02-19,25,
SKU00066,2024-02-26,55,
SKU00066,2024-03-04,69,
SKU00066,2024-03-11,59,
SKU00066,2024-03-18,27,
SKU00066,2024-03-25,37,
SKU00066,2024-04-01,39,
SKU00066,2024-04-08,65,
SKU00066,2024-04-15,44,
SKU00066,2024-04-22,47,
SKU00066,2024-04-29,95,
SKU00066,2024-05-06,65,
SKU00066,2024-05-13,47,
SKU00066,2024-05-20,56,
SKU00066,2024-05-27,112,
SKU00066,2024-06-03,58,
SKU00066,2024-06-10,68,
SKU00066,2024-06-17,56,
SKU00066,2024-06-24,76,
SKU00066,2024-07-01,71,
SKU00066,2024-07-08,61,
SKU00066,2024-07-15,68,
SKU00066,2024-07-22,36,
SKU00066,2024-07-29,23,
SKU00066,2024-08-05,83,
SKU00066,2024-08-12,74,
SKU00066,2024-08-19,47,
SKU00066,2024-08-26,39,
SKU00066,2024-09-02,48,
SKU00066,2024-09-09,71,
SKU00066,2024-09-16,37,
SKU00066,2024-09-23,70,
SKU00066,2024-09-30,58,
SKU00066,2024-10-07,58,
SKU00066,2024-10-14,33,
SKU00066,2024-10-21,49,
SKU00066,2024-10-28,55,
SKU00066,2024-11-04,108,
SKU00066,2024-11-11,82,
SKU00066,2024-11-18,85,
SKU00066,2024-11-25,87,
SKU00066,2024-12-02,102,
SKU00066,2024-12-09,77,
SKU00066,2024-12-16,66,
SKU00066,2024-12-23,94,
SKU00066,2024-12-30,55,38.0
SKU00066,2025-01-06,30,60.0
SKU00066,2025-01-13,29,28.0
SKU00066,2025-01-20,34,40.0
SKU00066,2025-01-27,40,64.0
SKU00066,2025-02-03,29,42.0
SKU00066,2025-02-10,48,41.0
SKU00066,2025-02-17,50,25.0
SKU00066,2025-02-24,44,55.0
SKU00066,2025-03-03,52,69.0
SKU00066,2025-03-10,52,59.0
SKU00066,2025-03-17,55,27.0
SKU00066,2025-03-24,58,37.0
SKU00066,2025-03-31,31,39.0
SKU00066,2025-04-07,66,65.0
SKU00066,2025-04-14,76,44.0
SKU00066,2025-04-21,43,47.0
SKU00066,2025-04-28,55,95.0
SKU00066,2025-05-05,49,65.0
SKU00066,2025-05-12,61,47.0
SKU00066,2025-05-19,38,56.0
SKU00066,2025-05-26,49,112.0
SKU00066,2025-06-02,49,58.0
SKU00066,2025-06-09,55,68.0
SKU00066,2025-06-16,42,56.0
SKU00066,2025-06-23,53,76.0
SKU00066,2025-06-30,28,71.0
SKU00066,2025-07-07,50,61.0
SKU00066,2025-07-14,61,68.0
SKU00066,2025-07-21,40,36.0
SKU00066,2025-07-28,38,23.0
SKU00066,2025-08-04,52,83.0
SKU00066,2025-08-11,70,74.0
SKU00066,2025-08-18,49,47.0
SKU00066,2025-08-25,59,39.0
SKU00066,2025-09-01,64,48.0
SKU00066,2025-09-08,43,71.0
SKU00066,2025-09-15,60,37.0
SKU00066,2025-09-22,34,70.0
SKU00066,2025-09-29,40,58.0
SKU00066,2025-10-06,56,58.0
SKU00066,2025-10-13,43,33.0
SKU00066,2025-10-20,59,49.0
SKU00066,2025-10-27,74,55.0
SKU00066,2025-11-03,76,108.0
SKU00066,2025-11-10,64,82.0
SKU00066,2025-11-17,109,85.0
SKU00066,2025-11-24,143,87.0
SKU00066,2025-12-01,94,102.0
SKU00066,2025-12-08,127,77.0
SKU00066,2025-12-15,93,66.0
SKU00066,2025-12-22,103,94.0
SKU00066,2025-12-29,40,55.0
SKU00067,2024-01-01,15,
SKU00067,2024-01-08,62,
SKU00067,2024-01-15,34,
SKU00067,2024-01-22,53,
SKU00067,2024-01-29,48,
SKU00067,2024-02-05,89,
SKU00067,2024-02-12,53,
SKU00067,2024-02-19,49,
SKU00067,2024-02-26,53,
SKU00067,2024-03-04,78,
SKU00067,2024-03-11,59,
SKU00067,2024-03-18,40,
SKU00067,2024-03-25,35,
SKU00067,2024-04-01,53,
SKU00067,2024-04-08,65,
SKU00067,2024-04-15,33,
SKU00067,2024-04-22,57,
SKU00067,2024-04-29,38,
SKU00067,2024-05-06,64,
SKU00067,2024-05-13,57,
SKU00067,2024-05-20,51,
SKU00067,2024-05-27,70,
SKU00067,2024-06-03,73,
SKU00067,2024-06-10,42,
SKU00067,2024-06-17,66,
SKU00067,2024-06-24,70,
SKU00067,2024-07-01,77,
SKU00067,2024-07-08,76,
SKU00067,2024-07-15,68,
SKU00067,2024-07-22,50,
SKU00067,2024-07-29,46,
SKU00067,2024-08-05,36,
SKU00067,2024-08-12,59,
SKU00067,2024-08-19,59,
SKU00067,2024-08-26,54,
SKU00067,2024-09-02,54,
SKU00067,2024-09-09,40,
SKU00067,2024-09-16,58,
SKU00067,2024-09-23,53,
SKU00067,2024-09-30,35,
SKU00067,2024-10-07,50,
SKU00067,2024-10-14,50,
SKU00067,2024-10-21,46,
SKU00067,2024-10-28,81,
SKU00067,2024-11-04,74,
SKU00067,2024-11-11,63,
SKU00067,2024-11-18,84,
SKU00067,2024-11-25,68,
SKU00067,2024-12-02,95,
SKU00067,2024-12-09,58,
SKU00067,2024-12-16,70,
SKU00067,2024-12-23,98,
SKU00067,2024-12-30,76,15.0
SKU00067,2025-01-06,46,62.0
SKU00067,2025-01-13,33,34.0
SKU00067,2025-01-20,70,53.0
SKU00067,2025-01-27,60,48.0
SKU00067,2025-02-03,44,89.0
SKU00067,2025-02-10,54,53.0
SKU00067,2025-02-17,58,49.0
SKU00067,2025-02-24,57,53.0
SKU00067,2025-03-03,40,78.0
SKU00067,2025-03-10,48,59.0
SKU00067,2025-03-17,41,40.0
SKU00067,2025-03-24,85,35.0
SKU00067,2025-03-31,59,53.0
SKU00067,2025-04-07,90,65.0
SKU00067,2025-04-14,72,33.0
SKU00067,2025-04-21,38,57.0
SKU00067,2025-04-28,30,38.0
SKU00067,2025-05-05,61,64.0
SKU00067,2025-05-12,42,57.0
SKU00067,2025-05-19,45,51.0
SKU00067,2025-05-26,45,70.0
SKU00067,2025-06-02,75,73.0
SKU00067,2025-06-09,37,42.0
SKU00067,2025-06-16,51,66.0
SKU00067,2025-06-23,69,70.0
SKU00067,2025-06-30,46,77.0
SKU00067,2025-07-07,60,76.0
SKU00067,2025-07-14,26,68.0
SKU00067,2025-07-21,31,50.0
SKU00067,2025-07-28,53,46.0
SKU00067,2025-08-04,60,36.0
SKU00067,2025-08-11,82,59.0
SKU00067,2025-08-18,93,59.0
SKU00067,2025-08-25,23,54.0
SKU00067,2025-09-01,21,54.0
SKU00067,2025-09-08,92,40.0
SKU00067,2025-09-15,33,58.0
SKU00067,2025-09-22,36,53.0
SKU00067,2025-09-29,47,35.0
SKU00067,2025-10-06,47,50.0
SKU00067,2025-10-13,94,50.0
SKU00067,2025-10-20,52,46.0
SKU00067,2025-10-27,91,81.0
SKU00067,2025-11-03,78,74.0
SKU00067,2025-11-10,49,63.0
SKU00067,2025-11-17,86,84.0
SKU00067,2025-11-24,93,68.0
SKU00067,2025-12-01,99,95.0
SKU00067,2025-12-08,85,58.0
SKU00067,2025-12-15,45,70.0
SKU00067,2025-12-22,117,98.0
SKU00067,2025-12-29,72,76.0
SKU00068,2024-01-01,51,
SKU00068,2024-01-08,43,
SKU00068,2024-01-15,44,
SKU00068,2024-01-22,78,
SKU00068,2024-01-29,58,
SKU00068,2024-02-05,58,
SKU00068,2024-02-12,81,
SKU00068,2024-02-19,43,
SKU00068,2024-02-26,44,
SKU00068,2024-03-04,56,
SKU00068,2024-03-11,60,
SKU00068,2024-03-18,56,
SKU00068,2024-03-25,60,
SKU00068,2024-04-01,42,
SKU00068,2024-04-08,54,
SKU00068,2024-04-15,62,
SKU00068,2024-04-22,68,
SKU00068,2024-04-29,61,
SKU00068,2024-05-06,47,
SKU00068,2024-05-13,59,
SKU00068,2024-05-20,68,
SKU00068,2024-05-27,46,
SKU00068,2024-06-03,73,
SKU00068,2024-06-10,65,
SKU00068,2024-06-17,33,
SKU00068,2024-06-24,47,
SKU00068,2024-07-01,61,
SKU00068,2024-07-08,62,
SKU00068,2024-07-15,81,
SKU00068,2024-07-22,64,
SKU00068,2024-07-29,51,
SKU00068,2024-08-05,32,
SKU00068,2024-08-12,90,
SKU00068,2024-08-19,49,
SKU00068,2024-08-26,53,
SKU00068,2024-09-02,37,
SKU00068,2024-09-09,51,
SKU00068,2024-09-16,44,
SKU00068,2024-09-23,41,
SKU00068,2024-09-30,59,
SKU00068,2024-10-07,47,
SKU00068,2024-10-14,41,
SKU00068,2024-10-21,43,
SKU00068,2024-10-28,60,
SKU00068,2024-11-04,91,
SKU00068,2024-11-11,75,
SKU00068,2024-11-18,73,
SKU00068,2024-11-25,87,
SKU00068,2024-12-02,82,
SKU00068,2024-12-09,80,
SKU00068,2024-12-16,112,
SKU00068,2024-12-23,100,
SKU00068,2024-12-30,67,51.0
SKU00068,2025-01-06,76,43.0
SKU00068,2025-01-13,39,44.0
SKU00068,2025-01-20,58,78.0
SKU00068,2025-01-27,58,58.0
SKU00068,2025-02-03,19,58.0
SKU00068,2025-02-10,75,81.0
SKU00068,2025-02-17,61,43.0
SKU00068,2025-02-24,34,44.0
SKU00068,2025-03-03,82,56.0
SKU00068,2025-03-10,104,60.0
SKU00068,2025-03-17,52,56.0
SKU00068,2025-03-24,61,60.0
SKU00068,2025-03-31,59,42.0
SKU00068,2025-04-07,70,54.0
SKU00068,2025-04-14,41,62.0
SKU00068,2025-04-21,31,68.0
SKU00068,2025-04-28,42,61.0
SKU00068,2025-05-05,64,47.0
SKU00068,2025-05-12,39,59.0
SKU00068,2025-05-19,58,68.0
SKU00068,2025-05-26,38,46.0
SKU00068,2025-06-02,56,73.0
SKU00068,2025-06-09,74,65.0
SKU00068,2025-06-16,30,33.0
SKU00068,2025-06-23,75,47.0
SKU00068,2025-06-30,72,61.0
SKU00068,2025-07-07,98,62.0
SKU00068,2025-07-14,44,81.0
SKU00068,2025-07-21,36,64.0
SKU00068,2025-07-28,37,51.0
SKU00068,2025-08-04,13,32.0
SKU00068,2025-08-11,55,90.0
SKU00068,2025-08-18,68,49.0
SKU00068,2025-08-25,46,53.0
SKU00068,2025-09-01,43,37.0
SKU00068,2025-09-08,78,51.0
SKU00068,2025-09-15,62,44.0
SKU00068,2025-09-22,50,41.0
SKU00068,2025-09-29,65,59.0
SKU00068,2025-10-06,43,47.0
SKU00068,2025-10-13,56,41.0
SKU00068,2025-10-20,75,43.0
SKU00068,2025-10-27,79,60.0
SKU00068,2025-11-03,87,91.0
SKU00068,2025-11-10,89,75.0
SKU00068,2025-11-17,92,73.0
SKU00068,2025-11-24,95,87.0
SKU00068,2025-12-01,93,82.0
SKU00068,2025-12-08,97,80.0
SKU00068,2025-12-15,135,112.0
SKU00068,2025-12-22,78,100.0
SKU00068,2025-12-29,17,67.0
SKU00069,2024-01-01,44,
SKU00069,2024-01-08,51,
SKU00069,2024-01-15,38,
SKU00069,2024-01-22,42,
SKU00069,2024-01-29,32,
SKU00069,2024-02-05,32,
SKU00069,2024-02-12,57,
SKU00069,2024-02-19,82,
SKU00069,2024-02-26,46,
SKU00069,2024-03-04,58,
SKU00069,2024-03-11,94,
SKU00069,2024-03-18,69,
SKU00069,2024-03-25,80,
SKU00069,2024-04-01,63,
SKU00069,2024-04-08,58,
SKU00069,2024-04-15,63,
SKU00069,2024-04-22,51,
SKU00069,2024-04-29,55,
SKU00069,2024-05-06,74,
SKU00069,2024-05-13,53,
SKU00069,2024-05-20,30,
SKU00069,2024-05-27,77,
SKU00069,2024-06-03,53,
SKU00069,2024-06-10,64,
SKU00069,2024-06-17,62,
SKU00069,2024-06-24,33,
SKU00069,2024-07-01,48,
SKU00069,2024-07-08,36,
SKU00069,2024-07-15,50,
SKU00069,2024-07-22,24,
SKU00069,2024-07-29,81,
SKU00069,2024-08-05,72,
SKU00069,2024-08-12,67,
SKU00069,2024-08-19,62,
SKU00069,2024-08-26,75,
SKU00069,2024-09-02,40,
SKU00069,2024-09-09,58,
SKU00069,2024-09-16,62,
SKU00069,2024-09-23,54,
SKU00069,2024-09-30,41,
SKU00069,2024-10-07,63,
SKU00069,2024-10-14,56,
SKU00069,2024-10-21,31,
SKU00069,2024-10-28,50,
SKU00069,2024-11-04,105,
SKU00069,2024-11-11,104,
SKU00069,2024-11-18,112,
SKU00069,2024-11-25,110,
SKU00069,2024-12-02,116,
SKU00069,2024-12-09,57,
SKU00069,2024-12-16,71,
SKU00069,2024-12-23,110,
SKU00069,2024-12-30,55,44.0
SKU00069,2025-01-06,44,51.0
SKU00069,2025-01-13,49,38.0
SKU00069,2025-01-20,32,42.0
SKU00069,2025-01-27,46,32.0
SKU00069,2025-02-03,54,32.0
SKU00069,2025-02-10,46,57.0
SKU00069,2025-02-17,44,82.0
SKU00069,2025-02-24,43,46.0
SKU00069,2025-03-03,52,58.0
SKU00069,2025-03-10,64,94.0
SKU00069,2025-03-17,59,69.0
SKU00069,2025-03-24,66,80.0
SKU00069,2025-03-31,59,63.0
SKU00069,2025-04-07,74,58.0
SKU00069,2025-04-14,50,63.0
SKU00069,2025-04-21,47,51.0
SKU00069,2025-04-28,41,55.0
SKU00069,2025-05-05,93,74.0
SKU00069,2025-05-12,38,53.0
SKU00069,2025-05-19,23,30.0
SKU00069,2025-05-26,77,77.0
SKU00069,2025-06-02,61,53.0
SKU00069,2025-06-09,98,64.0
SKU00069,2025-06-16,28,62.0
SKU00069,2025-06-23,39,33.0
SKU00069,2025-06-30,67,48.0
SKU00069,2025-07-07,21,36.0
SKU00069,2025-07-14,53,50.0
SKU00069,2025-07-21,61,24.0
SKU00069,2025-07-28,31,81.0
SKU00069,2025-08-04,53,72.0
SKU00069,2025-08-11,83,67.0
SKU00069,2025-08-18,38,62.0
SKU00069,2025-08-25,72,75.0
SKU00069,2025-09-01,72,40.0
SKU00069,2025-09-08,53,58.0
SKU00069,2025-09-15,69,62.0
SKU00069,2025-09-22,62,54.0
SKU00069,2025-09-29,41,41.0
SKU00069,2025-10-06,64,63.0
SKU00069,2025-10-13,35,56.0
SKU00069,2025-10-20,34,31.0
SKU00069,2025-10-27,66,50.0
SKU00069,2025-11-03,120,105.0
SKU00069,2025-11-10,99,104.0
SKU00069,2025-11-17,82,112.0
SKU00069,2025-11-24,86,110.0
SKU00069,2025-12-01,88,116.0
SKU00069,2025-12-08,99,57.0
SKU00069,2025-12-15,95,71.0
SKU00069,2025-12-22,117,110.0
SKU00069,2025-12-29,28,55.0
SKU00070,2024-01-01,47,
SKU00070,2024-01-08,48,
SKU00070,2024-01-15,47,
SKU00070,2024-01-22,43,
SKU00070,2024-01-29,53,
SKU00070,2024-02-05,76,
SKU00070,2024-02-12,33,
SKU00070,2024-02-19,43,
SKU00070,2024-02-26,35,
SKU00070,2024-03-04,51,
SKU00070,2024-03-11,65,
SKU00070,2024-03-18,95,
SKU00070,2024-03-25,62,
SKU00070,2024-04-01,46,
SKU00070,2024-04-08,53,
SKU00070,2024-04-15,38,
SKU00070,2024-04-22,38,
SKU00070,2024-04-29,57,
SKU00070,2024-05-06,34,
SKU00070,2024-05-13,66,
SKU00070,2024-05-20,17,
SKU00070,2024-05-27,53,
SKU00070,2024-06-03,37,
SKU00070,2024-06-10,35,
SKU00070,2024-06-17,84,
SKU00070,2024-06-24,77,
SKU00070,2024-07-01,32,
SKU00070,2024-07-08,74,
SKU00070,2024-07-15,62,
SKU00070,2024-07-22,32,
SKU00070,2024-07-29,44,
SKU00070,2024-08-05,59,
SKU00070,2024-08-12,61,
SKU00070,2024-08-19,46,
SKU00070,2024-08-26,78,
SKU00070,2024-09-02,46,
SKU00070,2024-09-09,35,
SKU00070,2024-09-16,39,
SKU00070,2024-09-23,44,
SKU00070,2024-09-30,51,
SKU00070,2024-10-07,59,
SKU00070,2024-10-14,50,
SKU00070,2024-10-21,50,
SKU00070,2024-10-28,77,
SKU00070,2024-11-04,62,
SKU00070,2024-11-11,92,
SKU00070,2024-11-18,87,
SKU00070,2024-11-25,115,
SKU00070,2024-12-02,79,
SKU00070,2024-12-09,111,
SKU00070,2024-12-16,96,
SKU00070,2024-12-23,53,
SKU00070,2024-12-30,64,47.0
SKU00070,2025-01-06,36,48.0
SKU00070,2025-01-13,37,47.0
SKU00070,2025-01-20,50,43.0
SKU00070,2025-01-27,30,53.0
SKU00070,2025-02-03,41,76.0
SKU00070,2025-02-10,51,33.0
SKU00070,2025-02-17,32,43.0
SKU00070,2025-02-24,78,35.0
SKU00070,2025-03-03,45,51.0
SKU00070,2025-03-10,40,65.0
SKU00070,2025-03-17,49,95.0
SKU00070,2025-03-24,67,62.0
SKU00070,2025-03-31,43,46.0
SKU00070,2025-04-07,75,53.0
SKU00070,2025-04-14,60,38.0
SKU00070,2025-04-21,59,38.0
SKU00070,2025-04-28,79,57.0
SKU00070,2025-05-05,40,34.0
SKU00070,2025-05-12,47,66.0
SKU00070,2025-05-19,68,17.0
SKU00070,2025-05-26,36,53.0
SKU00070,2025-06-02,50,37.0
SKU00070,2025-06-09,76,35.0
SKU00070,2025-06-16,26,84.0
SKU00070,2025-06-23,47,77.0
SKU00070,2025-06-30,78,32.0
SKU00070,2025-07-07,61,74.0
SKU00070,2025-07-14,71,62.0
SKU00070,2025-07-21,46,32.0
SKU00070,2025-07-28,53,44.0
SKU00070,2025-08-04,49,59.0
SKU00070,2025-08-11,55,61.0
SKU00070,2025-08-18,42,46.0
SKU00070,2025-08-25,69,78.0
SKU00070,2025-09-01,56,46.0
SKU00070,2025-09-08,77,35.0
SKU00070,2025-09-15,54,39.0
SKU00070,2025-09-22,74,44.0
SKU00070,2025-09-29,49,51.0
SKU00070,2025-10-06,42,59.0
SKU00070,2025-10-13,71,50.0
SKU00070,2025-10-20,76,50.0
SKU00070,2025-10-27,49,77.0
SKU00070,2025-11-03,76,62.0
SKU00070,2025-11-10,51,92.0
SKU00070,2025-11-17,69,87.0
SKU00070,2025-11-24,65,115.0
SKU00070,2025-12-01,81,79.0
SKU00070,2025-12-08,83,111.0
SKU00070,2025-12-15,103,96.0
SKU00070,2025-12-22,86,53.0
SKU00070,2025-12-29,35,64.0
SKU00071,2024-01-01,28,
SKU00071,2024-01-08,46,
SKU00071,2024-01-15,49,
SKU00071,2024-01-22,29,
SKU00071,2024-01-29,33,
SKU00071,2024-02-05,52,
SKU00071,2024-02-12,53,
SKU00071,2024-02-19,70,
SKU00071,2024-02-26,48,
SKU00071,2024-03-04,40,
SKU00071,2024-03-11,55,
SKU00071,2024-03-18,50,
SKU00071,2024-03-25,57,
SKU00071,2024-04-01,63,
SKU00071,2024-04-08,54,
SKU00071,2024-04-15,70,
SKU00071,2024-04-22,68,
SKU00071,2024-04-29,42,
SKU00071,2024-05-06,41,
SKU00071,2024-05-13,54,
SKU00071,2024-05-20,65,
SKU00071,2024-05-27,40,
SKU00071,2024-06-03,43,
SKU00071,2024-06-10,62,
SKU00071,2024-06-17,50,
SKU00071,2024-06-24,35,
SKU00071,2024-07-01,65,
SKU00071,2024-07-08,65,
SKU00071,2024-07-15,79,
SKU00071,2024-07-22,70,
SKU00071,2024-07-29,47,
SKU00071,2024-08-05,23,
SKU00071,2024-08-12,84,
SKU00071,2024-08-19,45,
SKU00071,2024-08-26,51,
SKU00071,2024-09-02,57,
SKU00071,2024-09-09,45,
SKU00071,2024-09-16,34,
SKU00071,2024-09-23,35,
SKU00071,2024-09-30,53,
SKU00071,2024-10-07,42,
SKU00071,2024-10-14,57,
SKU00071,2024-10-21,84,
SKU00071,2024-10-28,50,
SKU00071,2024-11-04,81,
SKU00071,2024-11-11,91,
SKU00071,2024-11-18,96,
SKU00071,2024-11-25,84,
SKU00071,2024-12-02,54,
SKU00071,2024-12-09,112,
SKU00071,2024-12-16,98,
SKU00071,2024-12-23,77,
SKU00071,2024-12-30,85,28.0
SKU00071,2025-01-06,38,46.0
SKU00071,2025-01-13,65,49.0
SKU00071,2025-01-20,80,29.0
SKU00071,2025-01-27,35,33.0
SKU00071,2025-02-03,51,52.0
SKU00071,2025-02-10,51,53.0
SKU00071,2025-02-17,52,70.0
SKU00071,2025-02-24,59,48.0
SKU00071,2025-03-03,48,40.0
SKU00071,2025-03-10,69,55.0
SKU00071,2025-03-17,80,50.0
SKU00071,2025-03-24,57,57.0
SKU00071,2025-03-31,68,63.0
SKU00071,2025-04-07,63,54.0
SKU00071,2025-04-14,42,70.0
SKU00071,2025-04-21,64,68.0
SKU00071,2025-04-28,40,42.0
SKU00071,2025-05-05,59,41.0
SKU00071,2025-05-12,28,54.0
SKU00071,2025-05-19,75,65.0
SKU00071,2025-05-26,87,40.0
SKU00071,2025-06-02,32,43.0
SKU00071,2025-06-09,87,62.0
SKU00071,2025-06-16,44,50.0
SKU00071,2025-06-23,76,35.0
SKU00071,2025-06-30,82,65.0
SKU00071,2025-07-07,57,65.0
SKU00071,2025-07-14,54,79.0
SKU00071,2025-07-21,49,70.0
SKU00071,2025-07-28,57,47.0
SKU00071,2025-08-04,91,23.0
SKU00071,2025-08-11,50,84.0
SKU00071,2025-08-18,50,45.0
SKU00071,2025-08-25,34,51.0
SKU00071,2025-09-01,67,57.0
SKU00071,2025-09-08,62,45.0
SKU00071,2025-09-15,44,34.0
SKU00071,2025-09-22,52,35.0
SKU00071,2025-09-29,63,53.0
SKU00071,2025-10-06,61,42.0
SKU00071,2025-10-13,60,57.0
SKU00071,2025-10-20,39,84.0
SKU00071,2025-10-27,75,50.0
SKU00071,2025-11-03,79,81.0
SKU00071,2025-11-10,116,91.0
SKU00071,2025-11-17,62,96.0
SKU00071,2025-11-24,81,84.0
SKU00071,2025-12-01,90,54.0
SKU00071,2025-12-08,74,112.0
SKU00071,2025-12-15,102,98.0
SKU00071,2025-12-22,92,77.0
SKU00071,2025-12-29,31,85.0
SKU00072,2024-01-01,25,
SKU00072,2024-01-08,36,
SKU00072,2024-01-15,50,
SKU00072,2024-01-22,14,
SKU00072,2024-01-29,28,
SKU00072,2024-02-05,29,
SKU00072,2024-02-12,43,
SKU00072,2024-02-19,31,
SKU00072,2024-02-26,65,
SKU00072,2024-03-04,33,
SKU00072,2024-03-11,88,
SKU00072,2024-03-18,68,
SKU00072,2024-03-25,50,
SKU00072,2024-04-01,56,
SKU00072,2024-04-08,65,
SKU00072,2024-04-15,59,
SKU00072,2024-04-22,57,
SKU00072,2024-04-29,51,
SKU00072,2024-05-06,58,
SKU00072,2024-05-13,52,
SKU00072,2024-05-20,71,
SKU00072,2024-05-27,56,
SKU00072,2024-06-03,86,
SKU00072,2024-06-10,71,
SKU00072,2024-06-17,64,
SKU00072,2024-06-24,33,
SKU00072,2024-07-01,42,
SKU00072,2024-07-08,48,
SKU00072,2024-07-15,78,
SKU00072,2024-07-22,40,
SKU00072,2024-07-29,32,
SKU00072,2024-08-05,48,
SKU00072,2024-08-12,62,
SKU00072,2024-08-19,54,
SKU00072,2024-08-26,34,
SKU00072,2024-09-02,35,
SKU00072,2024-09-09,44,
SKU00072,2024-09-16,57,
SKU00072,2024-09-23,46,
SKU00072,2024-09-30,73,
SKU00072,2024-10-07,61,
SKU00072,2024-10-14,55,
SKU00072,2024-10-21,65,
SKU00072,2024-10-28,60,
SKU00072,2024-11-04,89,
SKU00072,2024-11-11,85,
SKU00072,2024-11-18,98,
SKU00072,2024-11-25,93,
SKU00072,2024-12-02,109,
SKU00072,2024-12-09,78,
SKU00072,2024-12-16,81,
SKU00072,2024-12-23,82,
SKU00072,2024-12-30,39,25.0
SKU00072,2025-01-06,22,36.0
SKU00072,2025-01-13,42,50.0
SKU00072,2025-01-20,37,14.0
SKU00072,2025-01-27,44,28.0
SKU00072,2025-02-03,27,29.0
SKU00072,2025-02-10,57,43.0
SKU00072,2025-02-17,46,31.0
SKU00072,2025-02-24,54,65.0
SKU00072,2025-03-03,38,33.0
SKU00072,2025-03-10,39,88.0
SKU00072,2025-03-17,45,68.0
SKU00072,2025-03-24,47,50.0
SKU00072,2025-03-31,61,56.0
SKU00072,2025-04-07,73,65.0
SKU00072,2025-04-14,57,59.0
SKU00072,2025-04-21,63,57.0
SKU00072,2025-04-28,32,51.0
SKU00072,2025-05-05,47,58.0
SKU00072,2025-05-12,67,52.0
SKU00072,2025-05-19,52,71.0
SKU00072,2025-05-26,56,56.0
SKU00072,2025-06-02,72,86.0
SKU00072,2025-06-09,38,71.0
SKU00072,2025-06-16,40,64.0
SKU00072,2025-06-23,55,33.0
SKU00072,2025-06-30,65,42.0
SKU00072,2025-07-07,46,48.0
SKU00072,2025-07-14,50,78.0
SKU00072,2025-07-21,65,40.0
SKU00072,2025-07-28,71,32.0
SKU00072,2025-08-04,45,48.0
SKU00072,2025-08-11,49,62.0
SKU00072,2025-08-18,64,54.0
SKU00072,2025-08-25,52,34.0
SKU00072,2025-09-01,42,35.0
SKU00072,2025-09-08,53,44.0
SKU00072,2025-09-15,58,57.0
SKU00072,2025-09-22,43,46.0
SKU00072,2025-09-29,65,73.0
SKU00072,2025-10-06,65,61.0
SKU00072,2025-10-13,27,55.0
SKU00072,2025-10-20,46,65.0
SKU00072,2025-10-27,64,60.0
SKU00072,2025-11-03,51,89.0
SKU00072,2025-11-10,86,85.0
SKU00072,2025-11-17,87,98.0
SKU00072,2025-11-24,81,93.0
SKU00072,2025-12-01,103,109.0
SKU00072,2025-12-08,108,78.0
SKU00072,2025-12-15,65,81.0
SKU00072,2025-12-22,82,82.0
SKU00072,2025-12-29,27,39.0
SKU00073,2024-01-01,57,
SKU00073,2024-01-08,41,
SKU00073,2024-01-15,69,
SKU00073,2024-01-22,56,
SKU00073,2024-01-29,57,
SKU00073,2024-02-05,19,
SKU00073,2024-02-12,39,
SKU00073,2024-02-19,44,
SKU00073,2024-02-26,52,
SKU00073,2024-03-04,67,
SKU00073,2024-03-11,49,
SKU00073,2024-03-18,44,
SKU00073,2024-03-25,50,
SKU00073,2024-04-01,47,
SKU00073,2024-04-08,53,
SKU00073,2024-04-15,48,
SKU00073,2024-04-22,28,
SKU00073,2024-04-29,74,
SKU00073,2024-05-06,72,
SKU00073,2024-05-13,76,
SKU00073,2024-05-20,98,
SKU00073,2024-05-27,45,
SKU00073,2024-06-03,52,
SKU00073,2024-06-10,45,
SKU00073,2024-06-17,64,
SKU00073,2024-06-24,43,
SKU00073,2024-07-01,99,
SKU00073,2024-07-08,38,
SKU00073,2024-07-15,49,
SKU00073,2024-07-22,66,
SKU00073,2024-07-29,47,
SKU00073,2024-08-05,44,
SKU00073,2024-08-12,38,
SKU00073,2024-08-19,75,
SKU00073,2024-08-26,42,
SKU00073,2024-09-02,49,
SKU00073,2024-09-09,65,
SKU00073,2024-09-16,63,
SKU00073,2024-09-23,57,
SKU00073,2024-09-30,38,
SKU00073,2024-10-07,54,
SKU00073,2024-10-14,98,
SKU00073,2024-10-21,109,
SKU00073,2024-10-28,85,
SKU00073,2024-11-04,74,
SKU00073,2024-11-11,70,
SKU00073,2024-11-18,88,
SKU00073,2024-11-25,84,
SKU00073,2024-12-02,69,
SKU00073,2024-12-09,83,
SKU00073,2024-12-16,102,
SKU00073,2024-12-23,63,
SKU00073,2024-12-30,50,57.0
SKU00073,2025-01-06,23,41.0
SKU00073,2025-01-13,41,69.0
SKU00073,2025-01-20,14,56.0
SKU00073,2025-01-27,29,57.0
SKU00073,2025-02-03,52,19.0
SKU00073,2025-02-10,56,39.0
SKU00073,2025-02-17,30,44.0
SKU00073,2025-02-24,49,52.0
SKU00073,2025-03-03,36,67.0
SKU00073,2025-03-10,44,49.0
SKU00073,2025-03-17,65,44.0
SKU00073,2025-03-24,36,50.0
SKU00073,2025-03-31,39,47.0
SKU00073,2025-04-07,90,53.0
SKU00073,2025-04-14,25,48.0
SKU00073,2025-04-21,61,28.0
SKU00073,2025-04-28,60,74.0
SKU00073,2025-05-05,62,72.0
SKU00073,2025-05-12,64,76.0
SKU00073,2025-05-19,70,98.0
SKU00073,2025-05-26,30,45.0
SKU00073,2025-06-02,53,52.0
SKU00073,2025-06-09,56,45.0
SKU00073,2025-06-16,56,64.0
SKU00073,2025-06-23,36,43.0
SKU00073,2025-06-30,50,99.0
SKU00073,2025-07-07,55,38.0
SKU00073,2025-07-14,58,49.0
SKU00073,2025-07-21,50,66.0
SKU00073,2025-07-28,41,47.0
SKU00073,2025-08-04,41,44.0
SKU00073,2025-08-11,45,38.0
SKU00073,2025-08-18,36,75.0
SKU00073,2025-08-25,58,42.0
SKU00073,2025-09-01,70,49.0
SKU00073,2025-09-08,49,65.0
SKU00073,2025-09-15,58,63.0
SKU00073,2025-09-22,53,57.0
SKU00073,2025-09-29,50,38.0
SKU00073,2025-10-06,48,54.0
SKU00073,2025-10-13,65,98.0
SKU00073,2025-10-20,42,109.0
SKU00073,2025-10-27,61,85.0
SKU00073,2025-11-03,91,74.0
SKU00073,2025-11-10,76,70.0
SKU00073,2025-11-17,109,88.0
SKU00073,2025-11-24,122,84.0
SKU00073,2025-12-01,48,69.0
SKU00073,2025-12-08,43,83.0
SKU00073,2025-12-15,134,102.0
SKU00073,2025-12-22,65,63.0
SKU00073,2025-12-29,27,50.0
SKU00074,2024-01-01,46,
SKU00074,2024-01-08,34,
SKU00074,2024-01-15,60,
SKU00074,2024-01-22,70,
SKU00074,2024-01-29,47,
SKU00074,2024-02-05,25,
SKU00074,2024-02-12,98,
SKU00074,2024-02-19,60,
SKU00074,2024-02-26,34,
SKU00074,2024-03-04,56,
SKU00074,2024-03-11,35,
SKU00074,2024-03-18,62,
SKU00074,2024-03-25,56,
SKU00074,2024-04-01,34,
SKU00074,2024-04-08,61,
SKU00074,2024-04-15,76,
SKU00074,2024-04-22,67,
SKU00074,2024-04-29,63,
SKU00074,2024-05-06,63,
SKU00074,2024-05-13,44,
SKU00074,2024-05-20,37,
SKU00074,2024-05-27,62,
SKU00074,2024-06-03,61,
SKU00074,2024-06-10,51,
SKU00074,2024-06-17,62,
SKU00074,2024-06-24,60,
SKU00074,2024-07-01,52,
SKU00074,2024-07-08,37,
SKU00074,2024-07-15,63,
SKU00074,2024-07-22,69,
SKU00074,2024-07-29,57,
SKU00074,2024-08-05,54,
SKU00074,2024-08-12,37,
SKU00074,2024-08-19,79,
SKU00074,2024-08-26,59,
SKU00074,2024-09-02,37,
SKU00074,2024-09-09,74,
SKU00074,2024-09-16,40,
SKU00074,2024-09-23,52,
SKU00074,2024-09-30,44,
SKU00074,2024-10-07,37,
SKU00074,2024-10-14,58,
SKU00074,2024-10-21,80,
SKU00074,2024-10-28,52,
SKU00074,2024-11-04,95,
SKU00074,2024-11-11,89,
SKU00074,2024-11-18,124,
SKU00074,2024-11-25,64,
SKU00074,2024-12-02,107,
SKU00074,2024-12-09,93,
SKU00074,2024-12-16,110,
SKU00074,2024-12-23,69,
SKU00074,2024-12-30,44,46.0
SKU00074,2025-01-06,64,34.0
SKU00074,2025-01-13,50,60.0
SKU00074,2025-01-20,58,70.0
SKU00074,2025-01-27,51,47.0
SKU00074,2025-02-03,76,25.0
SKU00074,2025-02-10,63,98.0
SKU00074,2025-02-17,35,60.0
SKU00074,2025-02-24,45,34.0
SKU00074,2025-03-03,64,56.0
SKU00074,2025-03-10,41,35.0
SKU00074,2025-03-17,47,62.0
SKU00074,2025-03-24,65,56.0
SKU00074,2025-03-31,55,34.0
SKU00074,2025-04-07,49,61.0
SKU00074,2025-04-14,82,76.0
SKU00074,2025-04-21,85,67.0
SKU00074,2025-04-28,49,63.0
SKU00074,2025-05-05,41,63.0
SKU00074,2025-05-12,39,44.0
SKU00074,2025-05-19,48,37.0
SKU00074,2025-05-26,35,62.0
SKU00074,2025-06-02,46,61.0
SKU00074,2025-06-09,54,51.0
SKU00074,2025-06-16,68,62.0
SKU00074,2025-06-23,89,60.0
SKU00074,2025-06-30,60,52.0
SKU00074,2025-07-07,44,37.0
SKU00074,2025-07-14,79,63.0
SKU00074,2025-07-21,38,69.0
SKU00074,2025-07-28,44,57.0
SKU00074,2025-08-04,34,54.0
SKU00074,2025-08-11,43,37.0
SKU00074,2025-08-18,37,79.0
SKU00074,2025-08-25,62,59.0
SKU00074,2025-09-01,58,37.0
SKU00074,2025-09-08,67,74.0
SKU00074,2025-09-15,77,40.0
SKU00074,2025-09-22,54,52.0
SKU00074,2025-09-29,39,44.0
SKU00074,2025-10-06,52,37.0
SKU00074,2025-10-13,55,58.0
SKU00074,2025-10-20,48,80.0
SKU00074,2025-10-27,48,52.0
SKU00074,2025-11-03,100,95.0
SKU00074,2025-11-10,65,89.0
SKU00074,2025-11-17,61,124.0
SKU00074,2025-11-24,85,64.0
SKU00074,2025-12-01,82,107.0
SKU00074,2025-12-08,83,93.0
SKU00074,2025-12-15,97,110.0
SKU00074,2025-12-22,54,69.0
SKU00074,2025-12-29,21,44.0
SKU00075,2024-01-01,55,
SKU00075,2024-01-08,52,
SKU00075,2024-01-15,52,
SKU00075,2024-01-22,40,
SKU00075,2024-01-29,25,
SKU00075,2024-02-05,60,
SKU00075,2024-02-12,65,
SKU00075,2024-02-19,29,
SKU00075,2024-02-26,53,
SKU00075,2024-03-04,54,
SKU00075,2024-03-11,52,
SKU00075,2024-03-18,46,
SKU00075,2024-03-25,39,
SKU00075,2024-04-01,46,
SKU00075,2024-04-08,48,
SKU00075,2024-04-15,48,
SKU00075,2024-04-22,21,
SKU00075,2024-04-29,76,
SKU00075,2024-05-06,43,
SKU00075,2024-05-13,50,
SKU00075,2024-05-20,80,
SKU00075,2024-05-27,58,
SKU00075,2024-06-03,50,
SKU00075,2024-06-10,38,
SKU00075,2024-06-17,51,
SKU00075,2024-06-24,51,
SKU00075,2024-07-01,53,
SKU00075,2024-07-08,48,
SKU00075,2024-07-15,52,
SKU00075,2024-07-22,47,
SKU00075,2024-07-29,49,
SKU00075,2024-08-05,84,
SKU00075,2024-08-12,47,
SKU00075,2024-08-19,66,
SKU00075,2024-08-26,65,
SKU00075,2024-09-02,55,
SKU00075,2024-09-09,88,
SKU00075,2024-09-16,40,
SKU00075,2024-09-23,34,
SKU00075,2024-09-30,30,
SKU00075,2024-10-07,57,
SKU00075,2024-10-14,78,
SKU00075,2024-10-21,54,
SKU00075,2024-10-28,103,
SKU00075,2024-11-04,57,
SKU00075,2024-11-11,82,
SKU00075,2024-11-18,149,
SKU00075,2024-11-25,86,
SKU00075,2024-12-02,87,
SKU00075,2024-12-09,81,
SKU00075,2024-12-16,100,
SKU00075,2024-12-23,86,
SKU00075,2024-12-30,67,55.0
SKU00075,2025-01-06,38,52.0
SKU00075,2025-01-13,73,52.0
SKU00075,2025-01-20,36,40.0
SKU00075,2025-01-27,22,25.0
SKU00075,2025-02-03,33,60.0
SKU00075,2025-02-10,76,65.0
SKU00075,2025-02-17,46,29.0
SKU00075,2025-02-24,50,53.0
SKU00075,2025-03-03,94,54.0
SKU00075,2025-03-10,37,52.0
SKU00075,2025-03-17,37,46.0
SKU00075,2025-03-24,43,39.0
SKU00075,2025-03-31,51,46.0
SKU00075,2025-04-07,32,48.0
SKU00075,2025-04-14,57,48.0
SKU00075,2025-04-21,39,21.0
SKU00075,2025-04-28,68,76.0
SKU00075,2025-05-05,51,43.0
SKU00075,2025-05-12,56,50.0
SKU00075,2025-05-19,65,80.0
SKU00075,2025-05-26,53,58.0
SKU00075,2025-06-02,69,50.0
SKU00075,2025-06-09,102,38.0
SKU00075,2025-06-16,36,51.0
SKU00075,2025-06-23,54,51.0
SKU00075,2025-06-30,25,53.0
SKU00075,2025-07-07,81,48.0
SKU00075,2025-07-14,42,52.0
SKU00075,2025-07-21,70,47.0
SKU00075,2025-07-28,62,49.0
SKU00075,2025-08-04,45,84.0
SKU00075,2025-08-11,54,47.0
SKU00075,2025-08-18,79,66.0
SKU00075,2025-08-25,71,65.0
SKU00075,2025-09-01,80,55.0
SKU00075,2025-09-08,53,88.0
SKU00075,2025-09-15,41,40.0
SKU00075,2025-09-22,48,34.0
SKU00075,2025-09-29,72,30.0
SKU00075,2025-10-06,60,57.0
SKU00075,2025-10-13,73,78.0
SKU00075,2025-10-20,50,54.0
SKU00075,2025-10-27,55,103.0
SKU00075,2025-11-03,106,57.0
SKU00075,2025-11-10,86,82.0
SKU00075,2025-11-17,119,149.0
SKU00075,2025-11-24,78,86.0
SKU00075,2025-12-01,102,87.0
SKU00075,2025-12-08,118,81.0
SKU00075,2025-12-15,88,100.0
SKU00075,2025-12-22,80,86.0
SKU00075,2025-12-29,27,67.0
SKU00076,2024-01-01,54,
SKU00076,2024-01-08,20,
SKU00076,2024-01-15,60,
SKU00076,2024-01-22,53,
SKU00076,2024-01-29,64,
SKU00076,2024-02-05,57,
SKU00076,2024-02-12,50,
SKU00076,2024-02-19,49,
SKU00076,2024-02-26,49,
SKU00076,2024-03-04,34,
SKU00076,2024-03-11,66,
SKU00076,2024-03-18,48,
SKU00076,2024-03-25,82,
SKU00076,2024-04-01,57,
SKU00076,2024-04-08,51,
SKU00076,2024-04-15,75,
SKU00076,2024-04-22,71,
SKU00076,2024-04-29,24,
SKU00076,2024-05-06,54,
SKU00076,2024-05-13,45,
SKU00076,2024-05-20,28,
SKU00076,2024-05-27,39,
SKU00076,2024-06-03,46,
SKU00076,2024-06-10,52,
SKU00076,2024-06-17,45,
SKU00076,2024-06-24,60,
SKU00076,2024-07-01,40,
SKU00076,2024-07-08,62,
SKU00076,2024-07-15,49,
SKU00076,2024-07-22,92,
SKU00076,2024-07-29,62,
SKU00076,2024-08-05,41,
SKU00076,2024-08-12,57,
SKU00076,2024-08-19,47,
SKU00076,2024-08-26,53,
SKU00076,2024-09-02,56,
SKU00076,2024-09-09,54,
SKU00076,2024-09-16,72,
SKU00076,2024-09-23,60,
SKU00076,2024-09-30,51,
SKU00076,2024-10-07,38,
SKU00076,2024-10-14,51,
SKU00076,2024-10-21,35,
SKU00076,2024-10-28,62,
SKU00076,2024-11-04,64,
SKU00076,2024-11-11,75,
SKU00076,2024-11-18,103,
SKU00076,2024-11-25,80,
SKU00076,2024-12-02,79,
SKU00076,2024-12-09,76,
SKU00076,2024-12-16,71,
SKU00076,2024-12-23,76,
SKU00076,2024-12-30,56,54.0
SKU00076,2025-01-06,27,20.0
SKU00076,2025-01-13,53,60.0
SKU00076,2025-01-20,79,53.0
SKU00076,2025-01-27,88,64.0
SKU00076,2025-02-03,64,57.0
SKU00076,2025-02-10,43,50.0
SKU00076,2025-02-17,51,49.0
SKU00076,2025-02-24,75,49.0
SKU00076,2025-03-03,68,34.0
SKU00076,2025-03-10,41,66.0
SKU00076,2025-03-17,48,48.0
SKU00076,2025-03-24,65,82.0
SKU00076,2025-03-31,54,57.0
SKU00076,2025-04-07,59,51.0
SKU00076,2025-04-14,42,75.0
SKU00076,2025-04-21,60,71.0
SKU00076,2025-04-28,67,24.0
SKU00076,2025-05-05,61,54.0
SKU00076,2025-05-12,36,45.0
SKU00076,2025-05-19,90,28.0
SKU00076,2025-05-26,59,39.0
SKU00076,2025-06-02,48,46.0
SKU00076,2025-06-09,73,52.0
SKU00076,2025-06-16,52,45.0
SKU00076,2025-06-23,51,60.0
SKU00076,2025-06-30,59,40.0
SKU00076,2025-07-07,88,62.0
SKU00076,2025-07-14,70,49.0
SKU00076,2025-07-21,35,92.0
SKU00076,2025-07-28,26,62.0
SKU00076,2025-08-04,49,41.0
SKU00076,2025-08-11,43,57.0
SKU00076,2025-08-18,62,47.0
SKU00076,2025-08-25,72,53.0
SKU00076,2025-09-01,48,56.0
SKU00076,2025-09-08,55,54.0
SKU00076,2025-09-15,44,72.0
SKU00076,2025-09-22,32,60.0
SKU00076,2025-09-29,56,51.0
SKU00076,2025-10-06,53,38.0
SKU00076,2025-10-13,66,51.0
SKU00076,2025-10-20,73,35.0
SKU00076,2025-10-27,36,62.0
SKU00076,2025-11-03,79,64.0
SKU00076,2025-11-10,76,75.0
SKU00076,2025-11-17,78,103.0
SKU00076,2025-11-24,85,80.0
SKU00076,2025-12-01,82,79.0
SKU00076,2025-12-08,65,76.0
SKU00076,2025-12-15,80,71.0
SKU00076,2025-12-22,79,76.0
SKU00076,2025-12-29,21,56.0
SKU00077,2024-01-01,35,
SKU00077,2024-01-08,35,
SKU00077,2024-01-15,25,
SKU00077,2024-01-22,74,
SKU00077,2024-01-29,79,
SKU00077,2024-02-05,63,
SKU00077,2024-02-12,36,
SKU00077,2024-02-19,37,
SKU00077,2024-02-26,53,
SKU00077,2024-03-04,31,
SKU00077,2024-03-11,71,
SKU00077,2024-03-18,86,
SKU00077,2024-03-25,70,
SKU00077,2024-04-01,55,
SKU00077,2024-04-08,48,
SKU00077,2024-04-15,46,
SKU00077,2024-04-22,25,
SKU00077,2024-04-29,43,
SKU00077,2024-05-06,70,
SKU00077,2024-05-13,35,
SKU00077,2024-05-20,81,
SKU00077,2024-05-27,51,
SKU00077,2024-06-03,51,
SKU00077,2024-06-10,53,
SKU00077,2024-06-17,38,
SKU00077,2024-06-24,37,
SKU00077,2024-07-01,57,
SKU00077,2024-07-08,74,
SKU00077,2024-07-15,70,
SKU00077,2024-07-22,71,
SKU00077,2024-07-29,59,
SKU00077,2024-08-05,31,
SKU00077,2024-08-12,48,
SKU00077,2024-08-19,53,
SKU00077,2024-08-26,45,
SKU00077,2024-09-02,42,
SKU00077,2024-09-09,37,
SKU00077,2024-09-16,82,
SKU00077,2024-09-23,51,
SKU00077,2024-09-30,50,
SKU00077,2024-10-07,78,
SKU00077,2024-10-14,39,
SKU00077,2024-10-21,32,
SKU00077,2024-10-28,73,
SKU00077,2024-11-04,104,
SKU00077,2024-11-11,80,
SKU00077,2024-11-18,76,
SKU00077,2024-11-25,97,
SKU00077,2024-12-02,66,
SKU00077,2024-12-09,75,
SKU00077,2024-12-16,82,
SKU00077,2024-12-23,81,
SKU00077,2024-12-30,36,35.0
SKU00077,2025-01-06,29,35.0
SKU00077,2025-01-13,43,25.0
SKU00077,2025-01-20,47,74.0
SKU00077,2025-01-27,29,79.0
SKU00077,2025-02-03,62,63.0
SKU00077,2025-02-10,39,36.0
SKU00077,2025-02-17,58,37.0
SKU00077,2025-02-24,35,53.0
SKU00077,2025-03-03,51,31.0
SKU00077,2025-03-10,36,71.0
SKU00077,2025-03-17,62,86.0
SKU00077,2025-03-24,58,70.0
SKU00077,2025-03-31,68,55.0
SKU00077,2025-04-07,63,48.0
SKU00077,2025-04-14,58,46.0
SKU00077,2025-04-21,77,25.0
SKU00077,2025-04-28,64,43.0
SKU00077,2025-05-05,20,70.0
SKU00077,2025-05-12,59,35.0
SKU00077,2025-05-19,83,81.0
SKU00077,2025-05-26,53,51.0
SKU00077,2025-06-02,40,51.0
SKU00077,2025-06-09,58,53.0
SKU00077,2025-06-16,82,38.0
SKU00077,2025-06-23,51,37.0
SKU00077,2025-06-30,58,57.0
SKU00077,2025-07-07,51,74.0
SKU00077,2025-07-14,66,70.0
SKU00077,2025-07-21,68,71.0
SKU00077,2025-07-28,44,59.0
SKU00077,2025-08-04,54,31.0
SKU00077,2025-08-11,62,48.0
SKU00077,2025-08-18,62,53.0
SKU00077,2025-08-25,50,45.0
SKU00077,2025-09-01,51,42.0
SKU00077,2025-09-08,60,37.0
SKU00077,2025-09-15,30,82.0
SKU00077,2025-09-22,72,51.0
SKU00077,2025-09-29,68,50.0
SKU00077,2025-10-06,59,78.0
SKU00077,2025-10-13,84,39.0
SKU00077,2025-10-20,50,32.0
SKU00077,2025-10-27,73,73.0
SKU00077,2025-11-03,89,104.0
SKU00077,2025-11-10,101,80.0
SKU00077,2025-11-17,47,76.0
SKU00077,2025-11-24,65,97.0
SKU00077,2025-12-01,72,66.0
SKU00077,2025-12-08,85,75.0
SKU00077,2025-12-15,100,82.0
SKU00077,2025-12-22,90,81.0
SKU00077,2025-12-29,42,36.0
SKU00078,2024-01-01,65,
SKU00078,2024-01-08,32,
SKU00078,2024-01-15,37,
SKU00078,2024-01-22,72,
SKU00078,2024-01-29,78,
SKU00078,2024-02-05,67,
SKU00078,2024-02-12,42,
SKU00078,2024-02-19,23,
SKU00078,2024-02-26,48,
SKU00078,2024-03-04,84,
SKU00078,2024-03-11,86,
SKU00078,2024-03-18,61,
SKU00078,2024-03-25,50,
SKU00078,2024-04-01,57,
SKU00078,2024-04-08,45,
SKU00078,2024-04-15,42,
SKU00078,2024-04-22,36,
SKU00078,2024-04-29,59,
SKU00078,2024-05-06,76,
SKU00078,2024-05-13,48,
SKU00078,2024-05-20,57,
SKU00078,2024-05-27,42,
SKU00078,2024-06-03,44,
SKU00078,2024-06-10,47,
SKU00078,2024-06-17,45,
SKU00078,2024-06-24,52,
SKU00078,2024-07-01,80,
SKU00078,2024-07-08,60,
SKU00078,2024-07-15,81,
SKU00078,2024-07-22,52,
SKU00078,2024-07-29,60,
SKU00078,2024-08-05,58,
SKU00078,2024-08-12,66,
SKU00078,2024-08-19,58,
SKU00078,2024-08-26,34,
SKU00078,2024-09-02,59,
SKU00078,2024-09-09,41,
SKU00078,2024-09-16,61,
SKU00078,2024-09-23,47,
SKU00078,2024-09-30,81,
SKU00078,2024-10-07,52,
SKU00078,2024-10-14,49,
SKU00078,2024-10-21,60,
SKU00078,2024-10-28,69,
SKU00078,2024-11-04,65,
SKU00078,2024-11-11,96,
SKU00078,2024-11-18,67,
SKU00078,2024-11-25,69,
SKU00078,2024-12-02,38,
SKU00078,2024-12-09,91,
SKU00078,2024-12-16,132,
SKU00078,2024-12-23,66,
SKU00078,2024-12-30,45,65.0
SKU00078,2025-01-06,34,32.0
SKU00078,2025-01-13,29,37.0
SKU00078,2025-01-20,51,72.0
SKU00078,2025-01-27,66,78.0
SKU00078,2025-02-03,38,67.0
SKU00078,2025-02-10,38,42.0
SKU00078,2025-02-17,49,23.0
SKU00078,2025-02-24,73,48.0
SKU00078,2025-03-03,97,84.0
SKU00078,2025-03-10,30,86.0
SKU00078,2025-03-17,75,61.0
SKU00078,2025-03-24,53,50.0
SKU00078,2025-03-31,32,57.0
SKU00078,2025-04-07,62,45.0
SKU00078,2025-04-14,83,42.0
SKU00078,2025-04-21,48,36.0
SKU00078,2025-04-28,71,59.0
SKU00078,2025-05-05,35,76.0
SKU00078,2025-05-12,75,48.0
SKU00078,2025-05-19,53,57.0
SKU00078,2025-05-26,69,42.0
SKU00078,2025-06-02,57,44.0
SKU00078,2025-06-09,31,47.0
SKU00078,2025-06-16,32,45.0
SKU00078,2025-06-23,46,52.0
SKU00078,2025-06-30,67,80.0
SKU00078,2025-07-07,56,60.0
SKU00078,2025-07-14,37,81.0
SKU00078,2025-07-21,53,52.0
SKU00078,2025-07-28,54,60.0
SKU00078,2025-08-04,36,58.0
SKU00078,2025-08-11,70,66.0
SKU00078,2025-08-18,52,58.0
SKU00078,2025-08-25,59,34.0
SKU00078,2025-09-01,59,59.0
SKU00078,2025-09-08,61,41.0
SKU00078,2025-09-15,45,61.0
SKU00078,2025-09-22,63,47.0
SKU00078,2025-09-29,56,81.0
SKU00078,2025-10-06,45,52.0
SKU00078,2025-10-13,37,49.0
SKU00078,2025-10-20,32,60.0
SKU00078,2025-10-27,91,69.0
SKU00078,2025-11-03,71,65.0
SKU00078,2025-11-10,112,96.0
SKU00078,2025-11-17,70,67.0
SKU00078,2025-11-24,106,69.0
SKU00078,2025-12-01,60,38.0
SKU00078,2025-12-08,66,91.0
SKU00078,2025-12-15,65,132.0
SKU00078,2025-12-22,65,66.0
SKU00078,2025-12-29,22,45.0
SKU00079,2024-01-01,47,
SKU00079,2024-01-08,40,
SKU00079,2024-01-15,56,
SKU00079,2024-01-22,32,
SKU00079,2024-01-29,49,
SKU00079,2024-02-05,46,
SKU00079,2024-02-12,27,
SKU00079,2024-02-19,41,
SKU00079,2024-02-26,47,
SKU00079,2024-03-04,35,
SKU00079,2024-03-11,26,
SKU00079,2024-03-18,60,
SKU00079,2024-03-25,55,
SKU00079,2024-04-01,51,
SKU00079,2024-04-08,70,
SKU00079,2024-04-15,44,
SKU00079,2024-04-22,101,
SKU00079,2024-04-29,86,
SKU00079,2024-05-06,60,
SKU00079,2024-05-13,69,
SKU00079,2024-05-20,54,
SKU00079,2024-05-27,57,
SKU00079,2024-06-03,34,
SKU00079,2024-06-10,48,
SKU00079,2024-06-17,69,
SKU00079,2024-06-24,74,
SKU00079,2024-07-01,53,
SKU00079,2024-07-08,49,
SKU00079,2024-07-15,81,
SKU00079,2024-07-22,19,
SKU00079,2024-07-29,26,
SKU00079,2024-08-05,61,
SKU00079,2024-08-12,66,
SKU00079,2024-08-19,43,
SKU00079,2024-08-26,75,
SKU00079,2024-09-02,83,
SKU00079,2024-09-09,71,
SKU00079,2024-09-16,64,
SKU00079,2024-09-23,50,
SKU00079,2024-09-30,94,
SKU00079,2024-10-07,46,
SKU00079,2024-10-14,67,
SKU00079,2024-10-21,46,
SKU00079,2024-10-28,62,
SKU00079,2024-11-04,72,
SKU00079,2024-11-11,71,
SKU00079,2024-11-18,121,
SKU00079,2024-11-25,41,
SKU00079,2024-12-02,111,
SKU00079,2024-12-09,82,
SKU00079,2024-12-16,69,
SKU00079,2024-12-23,128,
SKU00079,2024-12-30,43,47.0
SKU00079,2025-01-06,22,40.0
SKU00079,2025-01-13,47,56.0
SKU00079,2025-01-20,44,32.0
SKU00079,2025-01-27,79,49.0
SKU00079,2025-02-03,51,46.0
SKU00079,2025-02-10,41,27.0
SKU00079,2025-02-17,30,41.0
SKU00079,2025-02-24,49,47.0
SKU00079,2025-03-03,51,35.0
SKU00079,2025-03-10,40,26.0
SKU00079,2025-03-17,29,60.0
SKU00079,2025-03-24,37,55.0
SKU00079,2025-03-31,72,51.0
SKU00079,2025-04-07,67,70.0
SKU00079,2025-04-14,52,44.0
SKU00079,2025-04-21,42,101.0
SKU00079,2025-04-28,45,86.0
SKU00079,2025-05-05,49,60.0
SKU00079,2025-05-12,43,69.0
SKU00079,2025-05-19,85,54.0
SKU00079,2025-05-26,65,57.0
SKU00079,2025-06-02,37,34.0
SKU00079,2025-06-09,78,48.0
SKU00079,2025-06-16,46,69.0
SKU00079,2025-06-23,62,74.0
SKU00079,2025-06-30,52,53.0
SKU00079,2025-07-07,69,49.0
SKU00079,2025-07-14,66,81.0
SKU00079,2025-07-21,60,19.0
SKU00079,2025-07-28,64,26.0
SKU00079,2025-08-04,72,61.0
SKU00079,2025-08-11,61,66.0
SKU00079,2025-08-18,36,43.0
SKU00079,2025-08-25,49,75.0
SKU00079,2025-09-01,44,83.0
SKU00079,2025-09-08,30,71.0
SKU00079,2025-09-15,29,64.0
SKU00079,2025-09-22,37,50.0
SKU00079,2025-09-29,74,94.0
SKU00079,2025-10-06,26,46.0
SKU00079,2025-10-13,57,67.0
SKU00079,2025-10-20,49,46.0
SKU00079,2025-10-27,39,62.0
SKU00079,2025-11-03,94,72.0
SKU00079,2025-11-10,105,71.0
SKU00079,2025-11-17,65,121.0
SKU00079,2025-11-24,80,41.0
SKU00079,2025-12-01,119,111.0
SKU00079,2025-12-08,55,82.0
SKU00079,2025-12-15,98,69.0
SKU00079,2025-12-22,84,128.0
SKU00079,2025-12-29,65,43.0
SKU00080,2024-01-01,55,
SKU00080,2024-01-08,32,
SKU00080,2024-01-15,45,
SKU00080,2024-01-22,47,
SKU00080,2024-01-29,62,
SKU00080,2024-02-05,46,
SKU00080,2024-02-12,34,
SKU00080,2024-02-19,62,
SKU00080,2024-02-26,48,
SKU00080,2024-03-04,54,
SKU00080,2024-03-11,59,
SKU00080,2024-03-18,43,
SKU00080,2024-03-25,44,
SKU00080,2024-04-01,51,
SKU00080,2024-04-08,69,
SKU00080,2024-04-15,57,
SKU00080,2024-04-22,34,
SKU00080,2024-04-29,38,
SKU00080,2024-05-06,57,
SKU00080,2024-05-13,73,
SKU00080,2024-05-20,73,
SKU00080,2024-05-27,63,
SKU00080,2024-06-03,48,
SKU00080,2024-06-10,53,
SKU00080,2024-06-17,41,
SKU00080,2024-06-24,63,
SKU00080,2024-07-01,60,
SKU00080,2024-07-08,68,
SKU00080,2024-07-15,50,
SKU00080,2024-07-22,63,
SKU00080,2024-07-29,48,
SKU00080,2024-08-05,39,
SKU00080,2024-08-12,89,
SKU00080,2024-08-19,67,
SKU00080,2024-08-26,71,
SKU00080,2024-09-02,71,
SKU00080,2024-09-09,70,
SKU00080,2024-09-16,58,
SKU00080,2024-09-23,47,
SKU00080,2024-09-30,57,
SKU00080,2024-10-07,69,
SKU00080,2024-10-14,47,
SKU00080,2024-10-21,80,
SKU00080,2024-10-28,35,
SKU00080,2024-11-04,65,
SKU00080,2024-11-11,90,
SKU00080,2024-11-18,71,
SKU00080,2024-11-25,100,
SKU00080,2024-12-02,88,
SKU00080,2024-12-09,65,
SKU00080,2024-12-16,66,
SKU00080,2024-12-23,98,
SKU00080,2024-12-30,61,55.0
SKU00080,2025-01-06,52,32.0
SKU00080,2025-01-13,73,45.0
SKU00080,2025-01-20,55,47.0
SKU00080,2025-01-27,23,62.0
SKU00080,2025-02-03,22,46.0
SKU00080,2025-02-10,48,34.0
SKU00080,2025-02-17,24,62.0
SKU00080,2025-02-24,56,48.0
SKU00080,2025-03-03,60,54.0
SKU00080,2025-03-10,41,59.0
SKU00080,2025-03-17,52,43.0
SKU00080,2025-03-24,55,44.0
SKU00080,2025-03-31,50,51.0
SKU00080,2025-04-07,72,69.0
SKU00080,2025-04-14,70,57.0
SKU00080,2025-04-21,45,34.0
SKU00080,2025-04-28,42,38.0
SKU00080,2025-05-05,53,57.0
SKU00080,2025-05-12,62,73.0
SKU00080,2025-05-19,41,73.0
SKU00080,2025-05-26,34,63.0
SKU00080,2025-06-02,63,48.0
SKU00080,2025-06-09,55,53.0
SKU00080,2025-06-16,41,41.0
SKU00080,2025-06-23,40,63.0
SKU00080,2025-06-30,48,60.0
SKU00080,2025-07-07,60,68.0
SKU00080,2025-07-14,41,50.0
SKU00080,2025-07-21,84,63.0
SKU00080,2025-07-28,33,48.0
SKU00080,2025-08-04,56,39.0
SKU00080,2025-08-11,44,89.0
SKU00080,2025-08-18,35,67.0
SKU00080,2025-08-25,33,71.0
SKU00080,2025-09-01,41,71.0
SKU00080,2025-09-08,74,70.0
SKU00080,2025-09-15,50,58.0
SKU00080,2025-09-22,66,47.0
SKU00080,2025-09-29,57,57.0
SKU00080,2025-10-06,48,69.0
SKU00080,2025-10-13,32,47.0
SKU00080,2025-10-20,77,80.0
SKU00080,2025-10-27,92,35.0
SKU00080,2025-11-03,109,65.0
SKU00080,2025-11-10,84,90.0
SKU00080,2025-11-17,80,71.0
SKU00080,2025-11-24,75,100.0
SKU00080,2025-12-01,79,88.0
SKU00080,2025-12-08,96,65.0
SKU00080,2025-12-15,81,66.0
SKU00080,2025-12-22,83,98.0
SKU00080,2025-12-29,17,61.0
SKU00081,2024-01-01,30,
SKU00081,2024-01-08,35,
SKU00081,2024-01-15,59,
SKU00081,2024-01-22,41,
SKU00081,2024-01-29,80,
SKU00081,2024-02-05,46,
SKU00081,2024-02-12,50,
SKU00081,2024-02-19,42,
SKU00081,2024-02-26,65,
SKU00081,2024-03-04,43,
SKU00081,2024-03-11,63,
SKU00081,2024-03-18,40,
SKU00081,2024-03-25,31,
SKU00081,2024-04-01,60,
SKU00081,2024-04-08,55,
SKU00081,2024-04-15,60,
SKU00081,2024-04-22,69,
SKU00081,2024-04-29,62,
SKU00081,2024-05-06,52,
SKU00081,2024-05-13,87,
SKU00081,2024-05-20,52,
SKU00081,2024-05-27,73,
SKU00081,2024-06-03,43,
SKU00081,2024-06-10,65,
SKU00081,2024-06-17,65,
SKU00081,2024-06-24,36,
SKU00081,2024-07-01,52,
SKU00081,2024-07-08,78,
SKU00081,2024-07-15,54,
SKU00081,2024-07-22,67,
SKU00081,2024-07-29,50,
SKU00081,2024-08-05,32,
SKU00081,2024-08-12,41,
SKU00081,2024-08-19,73,
SKU00081,2024-08-26,33,
SKU00081,2024-09-02,49,
SKU00081,2024-09-09,57,
SKU00081,2024-09-16,36,
SKU00081,2024-09-23,61,
SKU00081,2024-09-30,51,
SKU00081,2024-10-07,64,
SKU00081,2024-10-14,77,
SKU00081,2024-10-21,68,
SKU00081,2024-10-28,47,
SKU00081,2024-11-04,67,
SKU00081,2024-11-11,73,
SKU00081,2024-11-18,66,
SKU00081,2024-11-25,69,
SKU00081,2024-12-02,79,
SKU00081,2024-12-09,74,
SKU00081,2024-12-16,95,
SKU00081,2024-12-23,44,
SKU00081,2024-12-30,63,30.0
SKU00081,2025-01-06,68,35.0
SKU00081,2025-01-13,23,59.0
SKU00081,2025-01-20,39,41.0
SKU00081,2025-01-27,77,80.0
SKU00081,2025-02-03,83,46.0
SKU00081,2025-02-10,48,50.0
SKU00081,2025-02-17,54,42.0
SKU00081,2025-02-24,38,65.0
SKU00081,2025-03-03,23,43.0
SKU00081,2025-03-10,50,63.0
SKU00081,2025-03-17,53,40.0
SKU00081,2025-03-24,74,31.0
SKU00081,2025-03-31,49,60.0
SKU00081,2025-04-07,55,55.0
SKU00081,2025-04-14,64,60.0
SKU00081,2025-04-21,45,69.0
SKU00081,2025-04-28,63,62.0
SKU00081,2025-05-05,51,52.0
SKU00081,2025-05-12,45,87.0
SKU00081,2025-05-19,43,52.0
SKU00081,2025-05-26,47,73.0
SKU00081,2025-06-02,60,43.0
SKU00081,2025-06-09,26,65.0
SKU00081,2025-06-16,34,65.0
SKU00081,2025-06-23,45,36.0
SKU00081,2025-06-30,66,52.0
SKU00081,2025-07-07,50,78.0
SKU00081,2025-07-14,66,54.0
SKU00081,2025-07-21,35,67.0
SKU00081,2025-07-28,22,50.0
SKU00081,2025-08-04,61,32.0
SKU00081,2025-08-11,30,41.0
SKU00081,2025-08-18,56,73.0
SKU00081,2025-08-25,71,33.0
SKU00081,2025-09-01,49,49.0
SKU00081,2025-09-08,62,57.0
SKU00081,2025-09-15,115,36.0
SKU00081,2025-09-22,40,61.0
SKU00081,2025-09-29,42,51.0
SKU00081,2025-10-06,58,64.0
SKU00081,2025-10-13,49,77.0
SKU00081,2025-10-20,56,68.0
SKU00081,2025-10-27,85,47.0
SKU00081,2025-11-03,93,67.0
SKU00081,2025-11-10,104,73.0
SKU00081,2025-11-17,64,66.0
SKU00081,2025-11-24,108,69.0
SKU00081,2025-12-01,54,79.0
SKU00081,2025-12-08,91,74.0
SKU00081,2025-12-15,104,95.0
SKU00081,2025-12-22,83,44.0
SKU00081,2025-12-29,33,63.0
SKU00082,2024-01-01,41,
SKU00082,2024-01-08,59,
SKU00082,2024-01-15,49,
SKU00082,2024-01-22,31,
SKU00082,2024-01-29,43,
SKU00082,2024-02-05,62,
SKU00082,2024-02-12,32,
SKU00082,2024-02-19,46,
SKU00082,2024-02-26,46,
SKU00082,2024-03-04,38,
SKU00082,2024-03-11,39,
SKU00082,2024-03-18,92,
SKU00082,2024-03-25,66,
SKU00082,2024-04-01,39,
SKU00082,2024-04-08,46,
SKU00082,2024-04-15,69,
SKU00082,2024-04-22,64,
SKU00082,2024-04-29,84,
SKU00082,2024-05-06,43,
SKU00082,2024-05-13,67,
SKU00082,2024-05-20,37,
SKU00082,2024-05-27,63,
SKU00082,2024-06-03,52,
SKU00082,2024-06-10,90,
SKU00082,2024-06-17,36,
SKU00082,2024-06-24,57,
SKU00082,2024-07-01,40,
SKU00082,2024-07-08,58,
SKU00082,2024-07-15,39,
SKU00082,2024-07-22,61,
SKU00082,2024-07-29,58,
SKU00082,2024-08-05,53,
SKU00082,2024-08-12,28,
SKU00082,2024-08-19,46,
SKU00082,2024-08-26,53,
SKU00082,2024-09-02,47,
SKU00082,2024-09-09,49,
SKU00082,2024-09-16,39,
SKU00082,2024-09-23,76,
SKU00082,2024-09-30,41,
SKU00082,2024-10-07,69,
SKU00082,2024-10-14,46,
SKU00082,2024-10-21,51,
SKU00082,2024-10-28,87,
SKU00082,2024-11-04,87,
SKU00082,2024-11-11,107,
SKU00082,2024-11-18,64,
SKU00082,2024-11-25,97,
SKU00082,2024-12-02,78,
SKU00082,2024-12-09,81,
SKU00082,2024-12-16,109,
SKU00082,2024-12-23,102,
SKU00082,2024-12-30,44,41.0
SKU00082,2025-01-06,81,59.0
SKU00082,2025-01-13,65,49.0
SKU00082,2025-01-20,60,31.0
SKU00082,2025-01-27,92,43.0
SKU00082,2025-02-03,39,62.0
SKU00082,2025-02-10,36,32.0
SKU00082,2025-02-17,54,46.0
SKU00082,2025-02-24,64,46.0
SKU00082,2025-03-03,31,38.0
SKU00082,2025-03-10,52,39.0
SKU00082,2025-03-17,68,92.0
SKU00082,2025-03-24,40,66.0
SKU00082,2025-03-31,30,39.0
SKU00082,2025-04-07,41,46.0
SKU00082,2025-04-14,41,69.0
SKU00082,2025-04-21,76,64.0
SKU00082,2025-04-28,60,84.0
SKU00082,2025-05-05,61,43.0
SKU00082,2025-05-12,40,67.0
SKU00082,2025-05-19,59,37.0
SKU00082,2025-05-26,42,63.0
SKU00082,2025-06-02,48,52.0
SKU00082,2025-06-09,43,90.0
SKU00082,2025-06-16,47,36.0
SKU00082,2025-06-23,84,57.0
SKU00082,2025-06-30,62,40.0
SKU00082,2025-07-07,32,58.0
SKU00082,2025-07-14,70,39.0
SKU00082,2025-07-21,84,61.0
SKU00082,2025-07-28,75,58.0
SKU00082,2025-08-04,70,53.0
SKU00082,2025-08-11,46,28.0
SKU00082,2025-08-18,39,46.0
SKU00082,2025-08-25,69,53.0
SKU00082,2025-09-01,44,47.0
SKU00082,2025-09-08,63,49.0
SKU00082,2025-09-15,41,39.0
SKU00082,2025-09-22,63,76.0
SKU00082,2025-09-29,60,41.0
SKU00082,2025-10-06,69,69.0
SKU00082,2025-10-13,69,46.0
SKU00082,2025-10-20,37,51.0
SKU00082,2025-10-27,48,87.0
SKU00082,2025-11-03,114,87.0
SKU00082,2025-11-10,73,107.0
SKU00082,2025-11-17,84,64.0
SKU00082,2025-11-24,85,97.0
SKU00082,2025-12-01,137,78.0
SKU00082,2025-12-08,73,81.0
SKU00082,2025-12-15,52,109.0
SKU00082,2025-12-22,68,102.0
SKU00082,2025-12-29,46,44.0
SKU00083,2024-01-01,40,
SKU00083,2024-01-08,38,
SKU00083,2024-01-15,22,
SKU00083,2024-01-22,36,
SKU00083,2024-01-29,61,
SKU00083,2024-02-05,19,
SKU00083,2024-02-12,20,
SKU00083,2024-02-19,48,
SKU00083,2024-02-26,71,
SKU00083,2024-03-04,43,
SKU00083,2024-03-11,60,
SKU00083,2024-03-18,58,
SKU00083,2024-03-25,51,
SKU00083,2024-04-01,38,
SKU00083,2024-04-08,98,
SKU00083,2024-04-15,50,
SKU00083,2024-04-22,58,
SKU00083,2024-04-29,50,
SKU00083,2024-05-06,69,
SKU00083,2024-05-13,44,
SKU00083,2024-05-20,48,
SKU00083,2024-05-27,34,
SKU00083,2024-06-03,67,
SKU00083,2024-06-10,43,
SKU00083,2024-06-17,59,
SKU00083,2024-06-24,46,
SKU00083,2024-07-01,49,
SKU00083,2024-07-08,61,
SKU00083,2024-07-15,58,
SKU00083,2024-07-22,40,
SKU00083,2024-07-29,86,
SKU00083,2024-08-05,62,
SKU00083,2024-08-12,70,
SKU00083,2024-08-19,53,
SKU00083,2024-08-26,57,
SKU00083,2024-09-02,35,
SKU00083,2024-09-09,33,
SKU00083,2024-09-16,55,
SKU00083,2024-09-23,82,
SKU00083,2024-09-30,42,
SKU00083,2024-10-07,35,
SKU00083,2024-10-14,24,
SKU00083,2024-10-21,59,
SKU00083,2024-10-28,73,
SKU00083,2024-11-04,84,
SKU00083,2024-11-11,72,
SKU00083,2024-11-18,89,
SKU00083,2024-11-25,80,
SKU00083,2024-12-02,81,
SKU00083,2024-12-09,66,
SKU00083,2024-12-16,89,
SKU00083,2024-12-23,62,
SKU00083,2024-12-30,32,40.0
SKU00083,2025-01-06,52,38.0
SKU00083,2025-01-13,53,22.0
SKU00083,2025-01-20,33,36.0
SKU00083,2025-01-27,46,61.0
SKU00083,2025-02-03,41,19.0
SKU00083,2025-02-10,40,20.0
SKU00083,2025-02-17,56,48.0
SKU00083,2025-02-24,60,71.0
SKU00083,2025-03-03,55,43.0
SKU00083,2025-03-10,62,60.0
SKU00083,2025-03-17,31,58.0
SKU00083,2025-03-24,57,51.0
SKU00083,2025-03-31,45,38.0
SKU00083,2025-04-07,75,98.0
SKU00083,2025-04-14,20,50.0
SKU00083,2025-04-21,48,58.0
SKU00083,2025-04-28,55,50.0
SKU00083,2025-05-05,56,69.0
SKU00083,2025-05-12,50,44.0
SKU00083,2025-05-19,26,48.0
SKU00083,2025-05-26,57,34.0
SKU00083,2025-06-02,53,67.0
SKU00083,2025-06-09,60,43.0
SKU00083,2025-06-16,63,59.0
SKU00083,2025-06-23,40,46.0
SKU00083,2025-06-30,49,49.0
SKU00083,2025-07-07,77,61.0
SKU00083,2025-07-14,59,58.0
SKU00083,2025-07-21,47,40.0
SKU00083,2025-07-28,61,86.0
SKU00083,2025-08-04,60,62.0
SKU00083,2025-08-11,53,70.0
SKU00083,2025-08-18,64,53.0
SKU00083,2025-08-25,22,57.0
SKU00083,2025-09-01,51,35.0
SKU00083,2025-09-08,95,33.0
SKU00083,2025-09-15,74,55.0
SKU00083,2025-09-22,76,82.0
SKU00083,2025-09-29,27,42.0
SKU00083,2025-10-06,59,35.0
SKU00083,2025-10-13,70,24.0
SKU00083,2025-10-20,32,59.0
SKU00083,2025-10-27,63,73.0
SKU00083,2025-11-03,90,84.0
SKU00083,2025-11-10,91,72.0
SKU00083,2025-11-17,89,89.0
SKU00083,2025-11-24,91,80.0
SKU00083,2025-12-01,107,81.0
SKU00083,2025-12-08,65,66.0
SKU00083,2025-12-15,111,89.0
SKU00083,2025-12-22,65,62.0
SKU00083,2025-12-29,19,32.0
SKU00084,2024-01-01,29,
SKU00084,2024-01-08,27,
SKU00084,2024-01-15,42,
SKU00084,2024-01-22,43,
SKU00084,2024-01-29,39,
SKU00084,2024-02-05,36,
SKU00084,2024-02-12,46,
SKU00084,2024-02-19,35,
SKU00084,2024-02-26,40,
SKU00084,2024-03-04,37,
SKU00084,2024-03-11,50,
SKU00084,2024-03-18,31,
SKU00084,2024-03-25,59,
SKU00084,2024-04-01,70,
SKU00084,2024-04-08,46,
SKU00084,2024-04-15,27,
SKU00084,2024-04-22,60,
SKU00084,2024-04-29,37,
SKU00084,2024-05-06,48,
SKU00084,2024-05-13,42,
SKU00084,2024-05-20,43,
SKU00084,2024-05-27,76,
SKU00084,2024-06-03,75,
SKU00084,2024-06-10,71,
SKU00084,2024-06-17,50,
SKU00084,2024-06-24,29,
SKU00084,2024-07-01,39,
SKU00084,2024-07-08,68,
SKU00084,2024-07-15,71,
SKU00084,2024-07-22,51,
SKU00084,2024-07-29,35,
SKU00084,2024-08-05,92,
SKU00084,2024-08-12,41,
SKU00084,2024-08-19,59,
SKU00084,2024-08-26,87,
SKU00084,2024-09-02,27,
SKU00084,2024-09-09,80,
SKU00084,2024-09-16,63,
SKU00084,2024-09-23,44,
SKU00084,2024-09-30,36,
SKU00084,2024-10-07,64,
SKU00084,2024-10-14,50,
SKU00084,2024-10-21,76,
SKU00084,2024-10-28,71,
SKU00084,2024-11-04,56,
SKU00084,2024-11-11,51,
SKU00084,2024-11-18,88,
SKU00084,2024-11-25,100,
SKU00084,2024-12-02,102,
SKU00084,2024-12-09,115,
SKU00084,2024-12-16,44,
SKU00084,2024-12-23,103,
SKU00084,2024-12-30,66,29.0
SKU00084,2025-01-06,40,27.0
SKU00084,2025-01-13,38,42.0
SKU00084,2025-01-20,32,43.0
SKU00084,2025-01-27,33,39.0
SKU00084,2025-02-03,60,36.0
SKU00084,2025-02-10,31,46.0
SKU00084,2025-02-17,32,35.0
SKU00084,2025-02-24,60,40.0
SKU00084,2025-03-03,70,37.0
SKU00084,2025-03-10,47,50.0
SKU00084,2025-03-17,72,31.0
SKU00084,2025-03-24,69,59.0
SKU00084,2025-03-31,58,70.0
SKU00084,2025-04-07,49,46.0
SKU00084,2025-04-14,78,27.0
SKU00084,2025-04-21,32,60.0
SKU00084,2025-04-28,52,37.0
SKU00084,2025-05-05,51,48.0
SKU00084,2025-05-12,53,42.0
SKU00084,2025-05-19,46,43.0
SKU00084,2025-05-26,52,76.0
SKU00084,2025-06-02,42,75.0
SKU00084,2025-06-09,35,71.0
SKU00084,2025-06-16,48,50.0
SKU00084,2025-06-23,82,29.0
SKU00084,2025-06-30,52,39.0
SKU00084,2025-07-07,80,68.0
SKU00084,2025-07-14,49,71.0
SKU00084,2025-07-21,60,51.0
SKU00084,2025-07-28,52,35.0
SKU00084,2025-08-04,54,92.0
SKU00084,2025-08-11,74,41.0
SKU00084,2025-08-18,58,59.0
SKU00084,2025-08-25,50,87.0
SKU00084,2025-09-01,47,27.0
SKU00084,2025-09-08,65,80.0
SKU00084,2025-09-15,67,63.0
SKU00084,2025-09-22,50,44.0
SKU00084,2025-09-29,69,36.0
SKU00084,2025-10-06,60,64.0
SKU00084,2025-10-13,50,50.0
SKU00084,2025-10-20,81,76.0
SKU00084,2025-10-27,61,71.0
SKU00084,2025-11-03,116,56.0
SKU00084,2025-11-10,62,51.0
SKU00084,2025-11-17,83,88.0
SKU00084,2025-11-24,73,100.0
SKU00084,2025-12-01,72,102.0
SKU00084,2025-12-08,77,115.0
SKU00084,2025-12-15,52,44.0
SKU00084,2025-12-22,106,103.0
SKU00084,2025-12-29,28,66.0
SKU00085,2024-01-01,61,
SKU00085,2024-01-08,34,
SKU00085,2024-01-15,38,
SKU00085,2024-01-22,50,
SKU00085,2024-01-29,66,
SKU00085,2024-02-05,41,
SKU00085,2024-02-12,35,
SKU00085,2024-02-19,39,
SKU00085,2024-02-26,49,
SKU00085,2024-03-04,22,
SKU00085,2024-03-11,35,
SKU00085,2024-03-18,65,
SKU00085,2024-03-25,48,
SKU00085,2024-04-01,61,
SKU00085,2024-04-08,60,
SKU00085,2024-04-15,69,
SKU00085,2024-04-22,56,
SKU00085,2024-04-29,57,
SKU00085,2024-05-06,41,
SKU00085,2024-05-13,103,
SKU00085,2024-05-20,58,
SKU00085,2024-05-27,70,
SKU00085,2024-06-03,23,
SKU00085,2024-06-10,59,
SKU00085,2024-06-17,45,
SKU00085,2024-06-24,29,
SKU00085,2024-07-01,51,
SKU00085,2024-07-08,40,
SKU00085,2024-07-15,49,
SKU00085,2024-07-22,48,
SKU00085,2024-07-29,50,
SKU00085,2024-08-05,46,
SKU00085,2024-08-12,93,
SKU00085,2024-08-19,52,
SKU00085,2024-08-26,59,
SKU00085,2024-09-02,48,
SKU00085,2024-09-09,77,
SKU00085,2024-09-16,48,
SKU00085,2024-09-23,66,
SKU00085,2024-09-30,80,
SKU00085,2024-10-07,42,
SKU00085,2024-10-14,61,
SKU00085,2024-10-21,49,
SKU00085,2024-10-28,69,
SKU00085,2024-11-04,100,
SKU00085,2024-11-11,62,
SKU00085,2024-11-18,66,
SKU00085,2024-11-25,91,
SKU00085,2024-12-02,80,
SKU00085,2024-12-09,91,
SKU00085,2024-12-16,69,
SKU00085,2024-12-23,47,
SKU00085,2024-12-30,40,61.0
SKU00085,2025-01-06,36,34.0
SKU00085,2025-01-13,47,38.0
SKU00085,2025-01-20,41,50.0
SKU00085,2025-01-27,42,66.0
SKU00085,2025-02-03,73,41.0
SKU00085,2025-02-10,41,35.0
SKU00085,2025-02-17,51,39.0
SKU00085,2025-02-24,31,49.0
SKU00085,2025-03-03,48,22.0
SKU00085,2025-03-10,70,35.0
SKU00085,2025-03-17,58,65.0
SKU00085,2025-03-24,31,48.0
SKU00085,2025-03-31,55,61.0
SKU00085,2025-04-07,38,60.0
SKU00085,2025-04-14,89,69.0
SKU00085,2025-04-21,64,56.0
SKU00085,2025-04-28,74,57.0
SKU00085,2025-05-05,37,41.0
SKU00085,2025-05-12,80,103.0
SKU00085,2025-05-19,48,58.0
SKU00085,2025-05-26,52,70.0
SKU00085,2025-06-02,39,23.0
SKU00085,2025-06-09,58,59.0
SKU00085,2025-06-16,55,45.0
SKU00085,2025-06-23,31,29.0
SKU00085,2025-06-30,40,51.0
SKU00085,2025-07-07,46,40.0
SKU00085,2025-07-14,41,49.0
SKU00085,2025-07-21,51,48.0
SKU00085,2025-07-28,52,50.0
SKU00085,2025-08-04,41,46.0
SKU00085,2025-08-11,36,93.0
SKU00085,2025-08-18,66,52.0
SKU00085,2025-08-25,37,59.0
SKU00085,2025-09-01,43,48.0
SKU00085,2025-09-08,63,77.0
SKU00085,2025-09-15,53,48.0
SKU00085,2025-09-22,49,66.0
SKU00085,2025-09-29,64,80.0
SKU00085,2025-10-06,57,42.0
SKU00085,2025-10-13,78,61.0
SKU00085,2025-10-20,56,49.0
SKU00085,2025-10-27,71,69.0
SKU00085,2025-11-03,103,100.0
SKU00085,2025-11-10,48,62.0
SKU00085,2025-11-17,61,66.0
SKU00085,2025-11-24,71,91.0
SKU00085,2025-12-01,63,80.0
SKU00085,2025-12-08,82,91.0
SKU00085,2025-12-15,136,69.0
SKU00085,2025-12-22,72,47.0
SKU00085,2025-12-29,30,40.0
SKU00086,2024-01-01,29,
SKU00086,2024-01-08,56,
SKU00086,2024-01-15,62,
SKU00086,2024-01-22,67,
SKU00086,2024-01-29,26,
SKU00086,2024-02-05,54,
SKU00086,2024-02-12,73,
SKU00086,2024-02-19,39,
SKU00086,2024-02-26,54,
SKU00086,2024-03-04,38,
SKU00086,2024-03-11,55,
SKU00086,2024-03-18,53,
SKU00086,2024-03-25,41,
SKU00086,2024-04-01,68,
SKU00086,2024-04-08,40,
SKU00086,2024-04-15,89,
SKU00086,2024-04-22,49,
SKU00086,2024-04-29,28,
SKU00086,2024-05-06,47,
SKU00086,2024-05-13,47,
SKU00086,2024-05-20,70,
SKU00086,2024-05-27,45,
SKU00086,2024-06-03,58,
SKU00086,2024-06-10,70,
SKU00086,2024-06-17,75,
SKU00086,2024-06-24,55,
SKU00086,2024-07-01,66,
SKU00086,2024-07-08,48,
SKU00086,2024-07-15,61,
SKU00086,2024-07-22,52,
SKU00086,2024-07-29,43,
SKU00086,2024-08-05,36,
SKU00086,2024-08-12,41,
SKU00086,2024-08-19,78,
SKU00086,2024-08-26,58,
SKU00086,2024-09-02,52,
SKU00086,2024-09-09,99,
SKU00086,2024-09-16,53,
SKU00086,2024-09-23,54,
SKU00086,2024-09-30,56,
SKU00086,2024-10-07,67,
SKU00086,2024-10-14,32,
SKU00086,2024-10-21,65,
SKU00086,2024-10-28,45,
SKU00086,2024-11-04,85,
SKU00086,2024-11-11,126,
SKU00086,2024-11-18,97,
SKU00086,2024-11-25,119,
SKU00086,2024-12-02,63,
SKU00086,2024-12-09,62,
SKU00086,2024-12-16,74,
SKU00086,2024-12-23,89,
SKU00086,2024-12-30,38,29.0
SKU00086,2025-01-06,60,56.0
SKU00086,2025-01-13,29,62.0
SKU00086,2025-01-20,28,67.0
SKU00086,2025-01-27,38,26.0
SKU00086,2025-02-03,72,54.0
SKU00086,2025-02-10,10,73.0
SKU00086,2025-02-17,63,39.0
SKU00086,2025-02-24,42,54.0
SKU00086,2025-03-03,49,38.0
SKU00086,2025-03-10,78,55.0
SKU00086,2025-03-17,88,53.0
SKU00086,2025-03-24,53,41.0
SKU00086,2025-03-31,64,68.0
SKU00086,2025-04-07,43,40.0
SKU00086,2025-04-14,44,89.0
SKU00086,2025-04-21,63,49.0
SKU00086,2025-04-28,77,28.0
SKU00086,2025-05-05,45,47.0
SKU00086,2025-05-12,60,47.0
SKU00086,2025-05-19,32,70.0
SKU00086,2025-05-26,67,45.0
SKU00086,2025-06-02,55,58.0
SKU00086,2025-06-09,62,70.0
SKU00086,2025-06-16,65,75.0
SKU00086,2025-06-23,77,55.0
SKU00086,2025-06-30,54,66.0
SKU00086,2025-07-07,42,48.0
SKU00086,2025-07-14,41,61.0
SKU00086,2025-07-21,71,52.0
SKU00086,2025-07-28,50,43.0
SKU00086,2025-08-04,35,36.0
SKU00086,2025-08-11,85,41.0
SKU00086,2025-08-18,64,78.0
SKU00086,2025-08-25,47,58.0
SKU00086,2025-09-01,41,52.0
SKU00086,2025-09-08,52,99.0
SKU00086,2025-09-15,43,53.0
SKU00086,2025-09-22,39,54.0
SKU00086,2025-09-29,54,56.0
SKU00086,2025-10-06,56,67.0
SKU00086,2025-10-13,48,32.0
SKU00086,2025-10-20,55,65.0
SKU00086,2025-10-27,48,45.0
SKU00086,2025-11-03,87,85.0
SKU00086,2025-11-10,94,126.0
SKU00086,2025-11-17,121,97.0
SKU00086,2025-11-24,73,119.0
SKU00086,2025-12-01,51,63.0
SKU00086,2025-12-08,71,62.0
SKU00086,2025-12-15,69,74.0
SKU00086,2025-12-22,79,89.0
SKU00086,2025-12-29,40,38.0
SKU00087,2024-01-01,35,
SKU00087,2024-01-08,50,
SKU00087,2024-01-15,37,
SKU00087,2024-01-22,50,
SKU00087,2024-01-29,70,
SKU00087,2024-02-05,55,
SKU00087,2024-02-12,15,
SKU00087,2024-02-19,46,
SKU00087,2024-02-26,52,
SKU00087,2024-03-04,43,
SKU00087,2024-03-11,78,
SKU00087,2024-03-18,58,
SKU00087,2024-03-25,74,
SKU00087,2024-04-01,34,
SKU00087,2024-04-08,62,
SKU00087,2024-04-15,58,
SKU00087,2024-04-22,93,
SKU00087,2024-04-29,61,
SKU00087,2024-05-06,33,
SKU00087,2024-05-13,58,
SKU00087,2024-05-20,35,
SKU00087,2024-05-27,51,
SKU00087,2024-06-03,55,
SKU00087,2024-06-10,66,
SKU00087,2024-06-17,32,
SKU00087,2024-06-24,55,
SKU00087,2024-07-01,62,
SKU00087,2024-07-08,29,
SKU00087,2024-07-15,60,
SKU00087,2024-07-22,40,
SKU00087,2024-07-29,76,
SKU00087,2024-08-05,67,
SKU00087,2024-08-12,54,
SKU00087,2024-08-19,55,
SKU00087,2024-08-26,37,
SKU00087,2024-09-02,32,
SKU00087,2024-09-09,71,
SKU00087,2024-09-16,86,
SKU00087,2024-09-23,45,
SKU00087,2024-09-30,65,
SKU00087,2024-10-07,57,
SKU00087,2024-10-14,48,
SKU00087,2024-10-21,77,
SKU00087,2024-10-28,69,
SKU00087,2024-11-04,83,
SKU00087,2024-11-11,62,
SKU00087,2024-11-18,94,
SKU00087,2024-11-25,98,
SKU00087,2024-12-02,89,
SKU00087,2024-12-09,109,
SKU00087,2024-12-16,86,
SKU00087,2024-12-23,67,
SKU00087,2024-12-30,67,35.0
SKU00087,2025-01-06,49,50.0
SKU00087,2025-01-13,51,37.0
SKU00087,2025-01-20,32,50.0
SKU00087,2025-01-27,55,70.0
SKU00087,2025-02-03,28,55.0
SKU00087,2025-02-10,47,15.0
SKU00087,2025-02-17,44,46.0
SKU00087,2025-02-24,59,52.0
SKU00087,2025-03-03,36,43.0
SKU00087,2025-03-10,44,78.0
SKU00087,2025-03-17,64,58.0
SKU00087,2025-03-24,36,74.0
SKU00087,2025-03-31,45,34.0
SKU00087,2025-04-07,51,62.0
SKU00087,2025-04-14,28,58.0
SKU00087,2025-04-21,78,93.0
SKU00087,2025-04-28,35,61.0
SKU00087,2025-05-05,46,33.0
SKU00087,2025-05-12,38,58.0
SKU00087,2025-05-19,51,35.0
SKU00087,2025-05-26,68,51.0
SKU00087,2025-06-02,90,55.0
SKU00087,2025-06-09,64,66.0
SKU00087,2025-06-16,37,32.0
SKU00087,2025-06-23,19,55.0
SKU00087,2025-06-30,78,62.0
SKU00087,2025-07-07,91,29.0
SKU00087,2025-07-14,74,60.0
SKU00087,2025-07-21,40,40.0
SKU00087,2025-07-28,58,76.0
SKU00087,2025-08-04,43,67.0
SKU00087,2025-08-11,45,54.0
SKU00087,2025-08-18,71,55.0
SKU00087,2025-08-25,72,37.0
SKU00087,2025-09-01,102,32.0
SKU00087,2025-09-08,61,71.0
SKU00087,2025-09-15,38,86.0
SKU00087,2025-09-22,76,45.0
SKU00087,2025-09-29,37,65.0
SKU00087,2025-10-06,83,57.0
SKU00087,2025-10-13,44,48.0
SKU00087,2025-10-20,49,77.0
SKU00087,2025-10-27,74,69.0
SKU00087,2025-11-03,89,83.0
SKU00087,2025-11-10,67,62.0
SKU00087,2025-11-17,41,94.0
SKU00087,2025-11-24,97,98.0
SKU00087,2025-12-01,42,89.0
SKU00087,2025-12-08,57,109.0
SKU00087,2025-12-15,84,86.0
SKU00087,2025-12-22,72,67.0
SKU00087,2025-12-29,53,67.0
SKU00088,2024-01-01,44,
SKU00088,2024-01-08,43,
SKU00088,2024-01-15,77,
SKU00088,2024-01-22,56,
SKU00088,2024-01-29,17,
SKU00088,2024-02-05,49,
SKU00088,2024-02-12,35,
SKU00088,2024-02-19,63,
SKU00088,2024-02-26,59,
SKU00088,2024-03-04,69,
SKU00088,2024-03-11,84,
SKU00088,2024-03-18,24,
SKU00088,2024-03-25,18,
SKU00088,2024-04-01,46,
SKU00088,2024-04-08,55,
SKU00088,2024-04-15,50,
SKU00088,2024-04-22,75,
SKU00088,2024-04-29,37,
SKU00088,2024-05-06,56,
SKU00088,2024-05-13,43,
SKU00088,2024-05-20,51,
SKU00088,2024-05-27,65,
SKU00088,2024-06-03,89,
SKU00088,2024-06-10,73,
SKU00088,2024-06-17,68,
SKU00088,2024-06-24,54,
SKU00088,2024-07-01,48,
SKU00088,2024-07-08,50,
SKU00088,2024-07-15,74,
SKU00088,2024-07-22,41,
SKU00088,2024-07-29,41,
SKU00088,2024-08-05,45,
SKU00088,2024-08-12,35,
SKU00088,2024-08-19,31,
SKU00088,2024-08-26,60,
SKU00088,2024-09-02,44,
SKU00088,2024-09-09,61,
SKU00088,2024-09-16,89,
SKU00088,2024-09-23,60,
SKU00088,2024-09-30,51,
SKU00088,2024-10-07,58,
SKU00088,2024-10-14,61,
SKU00088,2024-10-21,65,
SKU00088,2024-10-28,62,
SKU00088,2024-11-04,95,
SKU00088,2024-11-11,62,
SKU00088,2024-11-18,128,
SKU00088,2024-11-25,65,
SKU00088,2024-12-02,99,
SKU00088,2024-12-09,72,
SKU00088,2024-12-16,102,
SKU00088,2024-12-23,64,
SKU00088,2024-12-30,72,44.0
SKU00088,2025-01-06,46,43.0
SKU00088,2025-01-13,42,77.0
SKU00088,2025-01-20,42,56.0
SKU00088,2025-01-27,61,17.0
SKU00088,2025-02-03,46,49.0
SKU00088,2025-02-10,74,35.0
SKU00088,2025-02-17,70,63.0
SKU00088,2025-02-24,31,59.0
SKU00088,2025-03-03,33,69.0
SKU00088,2025-03-10,90,84.0
SKU00088,2025-03-17,32,24.0
SKU00088,2025-03-24,96,18.0
SKU00088,2025-03-31,37,46.0
SKU00088,2025-04-07,44,55.0
SKU00088,2025-04-14,50,50.0
SKU00088,2025-04-21,49,75.0
SKU00088,2025-04-28,36,37.0
SKU00088,2025-05-05,42,56.0
SKU00088,2025-05-12,49,43.0
SKU00088,2025-05-19,67,51.0
SKU00088,2025-05-26,35,65.0
SKU00088,2025-06-02,35,89.0
SKU00088,2025-06-09,65,73.0
SKU00088,2025-06-16,61,68.0
SKU00088,2025-06-23,68,54.0
SKU00088,2025-06-30,46,48.0
SKU00088,2025-07-07,64,50.0
SKU00088,2025-07-14,79,74.0
SKU00088,2025-07-21,71,41.0
SKU00088,2025-07-28,52,41.0
SKU00088,2025-08-04,61,45.0
SKU00088,2025-08-11,88,35.0
SKU00088,2025-08-18,67,31.0
SKU00088,2025-08-25,77,60.0
SKU00088,2025-09-01,41,44.0
SKU00088,2025-09-08,67,61.0
SKU00088,2025-09-15,45,89.0
SKU00088,2025-09-22,104,60.0
SKU00088,2025-09-29,45,51.0
SKU00088,2025-10-06,42,58.0
SKU00088,2025-10-13,43,61.0
SKU00088,2025-10-20,60,65.0
SKU00088,2025-10-27,42,62.0
SKU00088,2025-11-03,117,95.0
SKU00088,2025-11-10,82,62.0
SKU00088,2025-11-17,66,128.0
SKU00088,2025-11-24,89,65.0
SKU00088,2025-12-01,74,99.0
SKU00088,2025-12-08,108,72.0
SKU00088,2025-12-15,64,102.0
SKU00088,2025-12-22,93,64.0
SKU00088,2025-12-29,20,72.0
SKU00089,2024-01-01,54,
SKU00089,2024-01-08,50,
SKU00089,2024-01-15,60,
SKU00089,2024-01-22,48,
SKU00089,2024-01-29,40,
SKU00089,2024-02-05,79,
SKU00089,2024-02-12,47,
SKU00089,2024-02-19,55,
SKU00089,2024-02-26,40,
SKU00089,2024-03-04,43,
SKU00089,2024-03-11,67,
SKU00089,2024-03-18,56,
SKU00089,2024-03-25,60,
SKU00089,2024-04-01,84,
SKU00089,2024-04-08,36,
SKU00089,2024-04-15,29,
SKU00089,2024-04-22,51,
SKU00089,2024-04-29,32,
SKU00089,2024-05-06,39,
SKU00089,2024-05-13,44,
SKU00089,2024-05-20,80,
SKU00089,2024-05-27,89,
SKU00089,2024-06-03,55,
SKU00089,2024-06-10,36,
SKU00089,2024-06-17,33,
SKU00089,2024-06-24,84,
SKU00089,2024-07-01,68,
SKU00089,2024-07-08,48,
SKU00089,2024-07-15,56,
SKU00089,2024-07-22,51,
SKU00089,2024-07-29,33,
SKU00089,2024-08-05,39,
SKU00089,2024-08-12,49,
SKU00089,2024-08-19,53,
SKU00089,2024-08-26,55,
SKU00089,2024-09-02,38,
SKU00089,2024-09-09,44,
SKU00089,2024-09-16,54,
SKU00089,2024-09-23,69,
SKU00089,2024-09-30,48,
SKU00089,2024-10-07,18,
SKU00089,2024-10-14,62,
SKU00089,2024-10-21,42,
SKU00089,2024-10-28,45,
SKU00089,2024-11-04,99,
SKU00089,2024-11-11,105,
SKU00089,2024-11-18,143,
SKU00089,2024-11-25,76,
SKU00089,2024-12-02,49,
SKU00089,2024-12-09,60,
SKU00089,2024-12-16,83,
SKU00089,2024-12-23,67,
SKU00089,2024-12-30,52,54.0
SKU00089,2025-01-06,47,50.0
SKU00089,2025-01-13,73,60.0
SKU00089,2025-01-20,64,48.0
SKU00089,2025-01-27,96,40.0
SKU00089,2025-02-03,60,79.0
SKU00089,2025-02-10,31,47.0
SKU00089,2025-02-17,41,55.0
SKU00089,2025-02-24,38,40.0
SKU00089,2025-03-03,70,43.0
SKU00089,2025-03-10,78,67.0
SKU00089,2025-03-17,63,56.0
SKU00089,2025-03-24,35,60.0
SKU00089,2025-03-31,42,84.0
SKU00089,2025-04-07,52,36.0
SKU00089,2025-04-14,35,29.0
SKU00089,2025-04-21,78,51.0
SKU00089,2025-04-28,44,32.0
SKU00089,2025-05-05,61,39.0
SKU00089,2025-05-12,67,44.0
SKU00089,2025-05-19,35,80.0
SKU00089,2025-05-26,44,89.0
SKU00089,2025-06-02,39,55.0
SKU00089,2025-06-09,56,36.0
SKU00089,2025-06-16,47,33.0
SKU00089,2025-06-23,75,84.0
SKU00089,2025-06-30,84,68.0
SKU00089,2025-07-07,13,48.0
SKU00089,2025-07-14,48,56.0
SKU00089,2025-07-21,66,51.0
SKU00089,2025-07-28,39,33.0
SKU00089,2025-08-04,59,39.0
SKU00089,2025-08-11,57,49.0
SKU00089,2025-08-18,60,53.0
SKU00089,2025-08-25,38,55.0
SKU00089,2025-09-01,59,38.0
SKU00089,2025-09-08,84,44.0
SKU00089,2025-09-15,82,54.0
SKU00089,2025-09-22,52,69.0
SKU00089,2025-09-29,32,48.0
SKU00089,2025-10-06,65,18.0
SKU00089,2025-10-13,93,62.0
SKU00089,2025-10-20,40,42.0
SKU00089,2025-10-27,64,45.0
SKU00089,2025-11-03,97,99.0
SKU00089,2025-11-10,73,105.0
SKU00089,2025-11-17,76,143.0
SKU00089,2025-11-24,70,76.0
SKU00089,2025-12-01,81,49.0
SKU00089,2025-12-08,83,60.0
SKU00089,2025-12-15,72,83.0
SKU00089,2025-12-22,62,67.0
SKU00089,2025-12-29,24,52.0
SKU00090,2024-01-01,42,
SKU00090,2024-01-08,56,
SKU00090,2024-01-15,32,
SKU00090,2024-01-22,51,
SKU00090,2024-01-29,39,
SKU00090,2024-02-05,43,
SKU00090,2024-02-12,23,
SKU00090,2024-02-19,67,
SKU00090,2024-02-26,71,
SKU00090,2024-03-04,51,
SKU00090,2024-03-11,38,
SKU00090,2024-03-18,35,
SKU00090,2024-03-25,70,
SKU00090,2024-04-01,71,
SKU00090,2024-04-08,40,
SKU00090,2024-04-15,37,
SKU00090,2024-04-22,40,
SKU00090,2024-04-29,96,
SKU00090,2024-05-06,41,
SKU00090,2024-05-13,37,
SKU00090,2024-05-20,69,
SKU00090,2024-05-27,44,
SKU00090,2024-06-03,35,
SKU00090,2024-06-10,54,
SKU00090,2024-06-17,44,
SKU00090,2024-06-24,39,
SKU00090,2024-07-01,29,
SKU00090,2024-07-08,39,
SKU00090,2024-07-15,20,
SKU00090,2024-07-22,74,
SKU00090,2024-07-29,47,
SKU00090,2024-08-05,23,
SKU00090,2024-08-12,62,
SKU00090,2024-08-19,49,
SKU00090,2024-08-26,51,
SKU00090,2024-09-02,60,
SKU00090,2024-09-09,38,
SKU00090,2024-09-16,45,
SKU00090,2024-09-23,51,
SKU00090,2024-09-30,48,
SKU00090,2024-10-07,48,
SKU00090,2024-10-14,68,
SKU00090,2024-10-21,68,
SKU00090,2024-10-28,87,
SKU00090,2024-11-04,111,
SKU00090,2024-11-11,75,
SKU00090,2024-11-18,71,
SKU00090,2024-11-25,106,
SKU00090,2024-12-02,117,
SKU00090,2024-12-09,97,
SKU00090,2024-12-16,93,
SKU00090,2024-12-23,89,
SKU00090,2024-12-30,49,42.0
SKU00090,2025-01-06,20,56.0
SKU00090,2025-01-13,35,32.0
SKU00090,2025-01-20,90,51.0
SKU00090,2025-01-27,52,39.0
SKU00090,2025-02-03,79,43.0
SKU00090,2025-02-10,34,23.0
SKU00090,2025-02-17,29,67.0
SKU00090,2025-02-24,27,71.0
SKU00090,2025-03-03,75,51.0
SKU00090,2025-03-10,22,38.0
SKU00090,2025-03-17,59,35.0
SKU00090,2025-03-24,82,70.0
SKU00090,2025-03-31,43,71.0
SKU00090,2025-04-07,45,40.0
SKU00090,2025-04-14,52,37.0
SKU00090,2025-04-21,46,40.0
SKU00090,2025-04-28,54,96.0
SKU00090,2025-05-05,51,41.0
SKU00090,2025-05-12,64,37.0
SKU00090,2025-05-19,54,69.0
SKU00090,2025-05-26,55,44.0
SKU00090,2025-06-02,39,35.0
SKU00090,2025-06-09,66,54.0
SKU00090,2025-06-16,66,44.0
SKU00090,2025-06-23,23,39.0
SKU00090,2025-06-30,42,29.0
SKU00090,2025-07-07,43,39.0
SKU00090,2025-07-14,37,20.0
SKU00090,2025-07-21,55,74.0
SKU00090,2025-07-28,24,47.0
SKU00090,2025-08-04,64,23.0
SKU00090,2025-08-11,49,62.0
SKU00090,2025-08-18,56,49.0
SKU00090,2025-08-25,61,51.0
SKU00090,2025-09-01,43,60.0
SKU00090,2025-09-08,68,38.0
SKU00090,2025-09-15,30,45.0
SKU00090,2025-09-22,35,51.0
SKU00090,2025-09-29,55,48.0
SKU00090,2025-10-06,43,48.0
SKU00090,2025-10-13,41,68.0
SKU00090,2025-10-20,63,68.0
SKU00090,2025-10-27,48,87.0
SKU00090,2025-11-03,82,111.0
SKU00090,2025-11-10,72,75.0
SKU00090,2025-11-17,76,71.0
SKU00090,2025-11-24,94,106.0
SKU00090,2025-12-01,59,117.0
SKU00090,2025-12-08,98,97.0
SKU00090,2025-12-15,76,93.0
SKU00090,2025-12-22,54,89.0
SKU00090,2025-12-29,37,49.0
SKU00091,2024-01-01,57,
SKU00091,2024-01-08,43,
SKU00091,2024-01-15,42,
SKU00091,2024-01-22,81,
SKU00091,2024-01-29,37,
SKU00091,2024-02-05,47,
SKU00091,2024-02-12,38,
SKU00091,2024-02-19,44,
SKU00091,2024-02-26,67,
SKU00091,2024-03-04,66,
SKU00091,2024-03-11,81,
SKU00091,2024-03-18,53,
SKU00091,2024-03-25,50,
SKU00091,2024-04-01,46,
SKU00091,2024-04-08,57,
SKU00091,2024-04-15,49,
SKU00091,2024-04-22,46,
SKU00091,2024-04-29,33,
SKU00091,2024-05-06,49,
SKU00091,2024-05-13,38,
SKU00091,2024-05-20,75,
SKU00091,2024-05-27,56,
SKU00091,2024-06-03,73,
SKU00091,2024-06-10,40,
SKU00091,2024-06-17,71,
SKU00091,2024-06-24,60,
SKU00091,2024-07-01,63,
SKU00091,2024-07-08,72,
SKU00091,2024-07-15,28,
SKU00091,2024-07-22,89,
SKU00091,2024-07-29,54,
SKU00091,2024-08-05,40,
SKU00091,2024-08-12,67,
SKU00091,2024-08-19,22,
SKU00091,2024-08-26,84,
SKU00091,2024-09-02,56,
SKU00091,2024-09-09,71,
SKU00091,2024-09-16,60,
SKU00091,2024-09-23,49,
SKU00091,2024-09-30,50,
SKU00091,2024-10-07,67,
SKU00091,2024-10-14,71,
SKU00091,2024-10-21,66,
SKU00091,2024-10-28,57,
SKU00091,2024-11-04,76,
SKU00091,2024-11-11,70,
SKU00091,2024-11-18,94,
SKU00091,2024-11-25,63,
SKU00091,2024-12-02,87,
SKU00091,2024-12-09,93,
SKU00091,2024-12-16,73,
SKU00091,2024-12-23,78,
SKU00091,2024-12-30,60,57.0
SKU00091,2025-01-06,64,43.0
SKU00091,2025-01-13,30,42.0
SKU00091,2025-01-20,42,81.0
SKU00091,2025-01-27,28,37.0
SKU00091,2025-02-03,58,47.0
SKU00091,2025-02-10,58,38.0
SKU00091,2025-02-17,45,44.0
SKU00091,2025-02-24,59,67.0
SKU00091,2025-03-03,38,66.0
SKU00091,2025-03-10,53,81.0
SKU00091,2025-03-17,30,53.0
SKU00091,2025-03-24,71,50.0
SKU00091,2025-03-31,39,46.0
SKU00091,2025-04-07,58,57.0
SKU00091,2025-04-14,39,49.0
SKU00091,2025-04-21,54,46.0
SKU00091,2025-04-28,37,33.0
SKU00091,2025-05-05,65,49.0
SKU00091,2025-05-12,71,38.0
SKU00091,2025-05-19,76,75.0
SKU00091,2025-05-26,58,56.0
SKU00091,2025-06-02,52,73.0
SKU00091,2025-06-09,57,40.0
SKU00091,2025-06-16,37,71.0
SKU00091,2025-06-23,31,60.0
SKU00091,2025-06-30,22,63.0
SKU00091,2025-07-07,48,72.0
SKU00091,2025-07-14,52,28.0
SKU00091,2025-07-21,85,89.0
SKU00091,2025-07-28,64,54.0
SKU00091,2025-08-04,49,40.0
SKU00091,2025-08-11,69,67.0
SKU00091,2025-08-18,48,22.0
SKU00091,2025-08-25,61,84.0
SKU00091,2025-09-01,49,56.0
SKU00091,2025-09-08,35,71.0
SKU00091,2025-09-15,54,60.0
SKU00091,2025-09-22,66,49.0
SKU00091,2025-09-29,76,50.0
SKU00091,2025-10-06,51,67.0
SKU00091,2025-10-13,48,71.0
SKU00091,2025-10-20,53,66.0
SKU00091,2025-10-27,53,57.0
SKU00091,2025-11-03,67,76.0
SKU00091,2025-11-10,67,70.0
SKU00091,2025-11-17,78,94.0
SKU00091,2025-11-24,87,63.0
SKU00091,2025-12-01,93,87.0
SKU00091,2025-12-08,120,93.0
SKU00091,2025-12-15,78,73.0
SKU00091,2025-12-22,82,78.0
SKU00091,2025-12-29,23,60.0
SKU00092,2024-01-01,63,
SKU00092,2024-01-08,75,
SKU00092,2024-01-15,46,
SKU00092,2024-01-22,18,
SKU00092,2024-01-29,63,
SKU00092,2024-02-05,79,
SKU00092,2024-02-12,41,
SKU00092,2024-02-19,45,
SKU00092,2024-02-26,66,
SKU00092,2024-03-04,60,
SKU00092,2024-03-11,34,
SKU00092,2024-03-18,28,
SKU00092,2024-03-25,59,
SKU00092,2024-04-01,81,
SKU00092,2024-04-08,44,
SKU00092,2024-04-15,73,
SKU00092,2024-04-22,49,
SKU00092,2024-04-29,45,
SKU00092,2024-05-06,46,
SKU00092,2024-05-13,54,
SKU00092,2024-05-20,54,
SKU00092,2024-05-27,53,
SKU00092,2024-06-03,43,
SKU00092,2024-06-10,71,
SKU00092,2024-06-17,41,
SKU00092,2024-06-24,37,
SKU00092,2024-07-01,27,
SKU00092,2024-07-08,76,
SKU00092,2024-07-15,46,
SKU00092,2024-07-22,38,
SKU00092,2024-07-29,53,
SKU00092,2024-08-05,63,
SKU00092,2024-08-12,60,
SKU00092,2024-08-19,52,
SKU00092,2024-08-26,63,
SKU00092,2024-09-02,59,
SKU00092,2024-09-09,59,
SKU00092,2024-09-16,59,
SKU00092,2024-09-23,40,
SKU00092,2024-09-30,69,
SKU00092,2024-10-07,33,
SKU00092,2024-10-14,82,
SKU00092,2024-10-21,51,
SKU00092,2024-10-28,67,
SKU00092,2024-11-04,74,
SKU00092,2024-11-11,101,
SKU00092,2024-11-18,71,
SKU00092,2024-11-25,71,
SKU00092,2024-12-02,63,
SKU00092,2024-12-09,82,
SKU00092,2024-12-16,92,
SKU00092,2024-12-23,104,
SKU00092,2024-12-30,49,63.0
SKU00092,2025-01-06,59,75.0
SKU00092,2025-01-13,42,46.0
SKU00092,2025-01-20,41,18.0
SKU00092,2025-01-27,27,63.0
SKU00092,2025-02-03,56,79.0
SKU00092,2025-02-10,55,41.0
SKU00092,2025-02-17,67,45.0
SKU00092,2025-02-24,73,66.0
SKU00092,2025-03-03,57,60.0
SKU00092,2025-03-10,64,34.0
SKU00092,2025-03-17,58,28.0
SKU00092,2025-03-24,54,59.0
SKU00092,2025-03-31,43,81.0
SKU00092,2025-04-07,63,44.0
SKU00092,2025-04-14,17,73.0
SKU00092,2025-04-21,65,49.0
SKU00092,2025-04-28,44,45.0
SKU00092,2025-05-05,26,46.0
SKU00092,2025-05-12,49,54.0
SKU00092,2025-05-19,52,54.0
SKU00092,2025-05-26,54,53.0
SKU00092,2025-06-02,43,43.0
SKU00092,2025-06-09,52,71.0
SKU00092,2025-06-16,51,41.0
SKU00092,2025-06-23,66,37.0
SKU00092,2025-06-30,82,27.0
SKU00092,2025-07-07,37,76.0
SKU00092,2025-07-14,34,46.0
SKU00092,2025-07-21,53,38.0
SKU00092,2025-07-28,49,53.0
SKU00092,2025-08-04,45,63.0
SKU00092,2025-08-11,71,60.0
SKU00092,2025-08-18,52,52.0
SKU00092,2025-08-25,26,63.0
SKU00092,2025-09-01,70,59.0
SKU00092,2025-09-08,38,59.0
SKU00092,2025-09-15,62,59.0
SKU00092,2025-09-22,63,40.0
SKU00092,2025-09-29,70,69.0
SKU00092,2025-10-06,28,33.0
SKU00092,2025-10-13,53,82.0
SKU00092,2025-10-20,63,51.0
SKU00092,2025-10-27,99,67.0
SKU00092,2025-11-03,92,74.0
SKU00092,2025-11-10,92,101.0
SKU00092,2025-11-17,89,71.0
SKU00092,2025-11-24,71,71.0
SKU00092,2025-12-01,80,63.0
SKU00092,2025-12-08,98,82.0
SKU00092,2025-12-15,94,92.0
SKU00092,2025-12-22,116,104.0
SKU00092,2025-12-29,9,49.0
SKU00093,2024-01-01,37,
SKU00093,2024-01-08,71,
SKU00093,2024-01-15,49,
SKU00093,2024-01-22,43,
SKU00093,2024-01-29,45,
SKU00093,2024-02-05,53,
SKU00093,2024-02-12,39,
SKU00093,2024-02-19,32,
SKU00093,2024-02-26,57,
SKU00093,2024-03-04,49,
SKU00093,2024-03-11,76,
SKU00093,2024-03-18,73,
SKU00093,2024-03-25,50,
SKU00093,2024-04-01,86,
SKU00093,2024-04-08,85,
SKU00093,2024-04-15,59,
SKU00093,2024-04-22,43,
SKU00093,2024-04-29,50,
SKU00093,2024-05-06,64,
SKU00093,2024-05-13,69,
SKU00093,2024-05-20,62,
SKU00093,2024-05-27,65,
SKU00093,2024-06-03,34,
SKU00093,2024-06-10,46,
SKU00093,2024-06-17,31,
SKU00093,2024-06-24,74,
SKU00093,2024-07-01,54,
SKU00093,2024-07-08,39,
SKU00093,2024-07-15,68,
SKU00093,2024-07-22,41,
SKU00093,2024-07-29,49,
SKU00093,2024-08-05,39,
SKU00093,2024-08-12,43,
SKU00093,2024-08-19,27,
SKU00093,2024-08-26,61,
SKU00093,2024-09-02,44,
SKU00093,2024-09-09,59,
SKU00093,2024-09-16,48,
SKU00093,2024-09-23,71,
SKU00093,2024-09-30,44,
SKU00093,2024-10-07,57,
SKU00093,2024-10-14,53,
SKU00093,2024-10-21,67,
SKU00093,2024-10-28,77,
SKU00093,2024-11-04,128,
SKU00093,2024-11-11,91,
SKU00093,2024-11-18,65,
SKU00093,2024-11-25,89,
SKU00093,2024-12-02,66,
SKU00093,2024-12-09,73,
SKU00093,2024-12-16,75,
SKU00093,2024-12-23,71,
SKU00093,2024-12-30,25,37.0
SKU00093,2025-01-06,22,71.0
SKU00093,2025-01-13,40,49.0
SKU00093,2025-01-20,25,43.0
SKU00093,2025-01-27,39,45.0
SKU00093,2025-02-03,59,53.0
SKU00093,2025-02-10,51,39.0
SKU00093,2025-02-17,45,32.0
SKU00093,2025-02-24,37,57.0
SKU00093,2025-03-03,45,49.0
SKU00093,2025-03-10,78,76.0
SKU00093,2025-03-17,50,73.0
SKU00093,2025-03-24,71,50.0
SKU00093,2025-03-31,45,86.0
SKU00093,2025-04-07,32,85.0
SKU00093,2025-04-14,52,59.0
SKU00093,2025-04-21,65,43.0
SKU00093,2025-04-28,50,50.0
SKU00093,2025-05-05,32,64.0
SKU00093,2025-05-12,51,69.0
SKU00093,2025-05-19,66,62.0
SKU00093,2025-05-26,56,65.0
SKU00093,2025-06-02,31,34.0
SKU00093,2025-06-09,38,46.0
SKU00093,2025-06-16,54,31.0
SKU00093,2025-06-23,63,74.0
SKU00093,2025-06-30,37,54.0
SKU00093,2025-07-07,64,39.0
SKU00093,2025-07-14,55,68.0
SKU00093,2025-07-21,76,41.0
SKU00093,2025-07-28,51,49.0
SKU00093,2025-08-04,33,39.0
SKU00093,2025-08-11,53,43.0
SKU00093,2025-08-18,31,27.0
SKU00093,2025-08-25,82,61.0
SKU00093,2025-09-01,48,44.0
SKU00093,2025-09-08,52,59.0
SKU00093,2025-09-15,31,48.0
SKU00093,2025-09-22,66,71.0
SKU00093,2025-09-29,52,44.0
SKU00093,2025-10-06,59,57.0
SKU00093,2025-10-13,58,53.0
SKU00093,2025-10-20,59,67.0
SKU00093,2025-10-27,54,77.0
SKU00093,2025-11-03,77,128.0
SKU00093,2025-11-10,98,91.0
SKU00093,2025-11-17,77,65.0
SKU00093,2025-11-24,97,89.0
SKU00093,2025-12-01,94,66.0
SKU00093,2025-12-08,79,73.0
SKU00093,2025-12-15,45,75.0
SKU00093,2025-12-22,87,71.0
SKU00093,2025-12-29,43,25.0
SKU00094,2024-01-01,58,
SKU00094,2024-01-08,47,
SKU00094,2024-01-15,34,
SKU00094,2024-01-22,92,
SKU00094,2024-01-29,76,
SKU00094,2024-02-05,60,
SKU00094,2024-02-12,33,
SKU00094,2024-02-19,25,
SKU00094,2024-02-26,23,
SKU00094,2024-03-04,69,
SKU00094,2024-03-11,57,
SKU00094,2024-03-18,55,
SKU00094,2024-03-25,46,
SKU00094,2024-04-01,62,
SKU00094,2024-04-08,76,
SKU00094,2024-04-15,51,
SKU00094,2024-04-22,48,
SKU00094,2024-04-29,62,
SKU00094,2024-05-06,54,
SKU00094,2024-05-13,53,
SKU00094,2024-05-20,47,
SKU00094,2024-05-27,69,
SKU00094,2024-06-03,26,
SKU00094,2024-06-10,51,
SKU00094,2024-06-17,41,
SKU00094,2024-06-24,42,
SKU00094,2024-07-01,58,
SKU00094,2024-07-08,24,
SKU00094,2024-07-15,81,
SKU00094,2024-07-22,41,
SKU00094,2024-07-29,71,
SKU00094,2024-08-05,82,
SKU00094,2024-08-12,50,
SKU00094,2024-08-19,44,
SKU00094,2024-08-26,66,
SKU00094,2024-09-02,45,
SKU00094,2024-09-09,60,
SKU00094,2024-09-16,44,
SKU00094,2024-09-23,41,
SKU00094,2024-09-30,33,
SKU00094,2024-10-07,44,
SKU00094,2024-10-14,65,
SKU00094,2024-10-21,77,
SKU00094,2024-10-28,81,
SKU00094,2024-11-04,113,
SKU00094,2024-11-11,117,
SKU00094,2024-11-18,86,
SKU00094,2024-11-25,113,
SKU00094,2024-12-02,140,
SKU00094,2024-12-09,70,
SKU00094,2024-12-16,109,
SKU00094,2024-12-23,93,
SKU00094,2024-12-30,32,58.0
SKU00094,2025-01-06,43,47.0
SKU00094,2025-01-13,40,34.0
SKU00094,2025-01-20,62,92.0
SKU00094,2025-01-27,61,76.0
SKU00094,2025-02-03,54,60.0
SKU00094,2025-02-10,64,33.0
SKU00094,2025-02-17,33,25.0
SKU00094,2025-02-24,46,23.0
SKU00094,2025-03-03,59,69.0
SKU00094,2025-03-10,45,57.0
SKU00094,2025-03-17,52,55.0
SKU00094,2025-03-24,51,46.0
SKU00094,2025-03-31,23,62.0
SKU00094,2025-04-07,41,76.0
SKU00094,2025-04-14,36,51.0
SKU00094,2025-04-21,68,48.0
SKU00094,2025-04-28,44,62.0
SKU00094,2025-05-05,78,54.0
SKU00094,2025-05-12,44,53.0
SKU00094,2025-05-19,80,47.0
SKU00094,2025-05-26,50,69.0
SKU00094,2025-06-02,45,26.0
SKU00094,2025-06-09,30,51.0
SKU00094,2025-06-16,47,41.0
SKU00094,2025-06-23,64,42.0
SKU00094,2025-06-30,31,58.0
SKU00094,2025-07-07,60,24.0
SKU00094,2025-07-14,42,81.0
SKU00094,2025-07-21,34,41.0
SKU00094,2025-07-28,87,71.0
SKU00094,2025-08-04,79,82.0
SKU00094,2025-08-11,37,50.0
SKU00094,2025-08-18,45,44.0
SKU00094,2025-08-25,41,66.0
SKU00094,2025-09-01,74,45.0
SKU00094,2025-09-08,57,60.0
SKU00094,2025-09-15,49,44.0
SKU00094,2025-09-22,48,41.0
SKU00094,2025-09-29,75,33.0
SKU00094,2025-10-06,45,44.0
SKU00094,2025-10-13,66,65.0
SKU00094,2025-10-20,61,77.0
SKU00094,2025-10-27,79,81.0
SKU00094,2025-11-03,80,113.0
SKU00094,2025-11-10,45,117.0
SKU00094,2025-11-17,74,86.0
SKU00094,2025-11-24,66,113.0
SKU00094,2025-12-01,85,140.0
SKU00094,2025-12-08,83,70.0
SKU00094,2025-12-15,109,109.0
SKU00094,2025-12-22,88,93.0
SKU00094,2025-12-29,49,32.0
SKU00095,2024-01-01,60,
SKU00095,2024-01-08,40,
SKU00095,2024-01-15,49,
SKU00095,2024-01-22,59,
SKU00095,2024-01-29,27,
SKU00095,2024-02-05,56,
SKU00095,2024-02-12,76,
SKU00095,2024-02-19,52,
SKU00095,2024-02-26,19,
SKU00095,2024-03-04,53,
SKU00095,2024-03-11,64,
SKU00095,2024-03-18,33,
SKU00095,2024-03-25,47,
SKU00095,2024-04-01,59,
SKU00095,2024-04-08,61,
SKU00095,2024-04-15,44,
SKU00095,2024-04-22,70,
SKU00095,2024-04-29,48,
SKU00095,2024-05-06,36,
SKU00095,2024-05-13,56,
SKU00095,2024-05-20,63,
SKU00095,2024-05-27,49,
SKU00095,2024-06-03,74,
SKU00095,2024-06-10,53,
SKU00095,2024-06-17,47,
SKU00095,2024-06-24,60,
SKU00095,2024-07-01,73,
SKU00095,2024-07-08,76,
SKU00095,2024-07-15,34,
SKU00095,2024-07-22,63,
SKU00095,2024-07-29,69,
SKU00095,2024-08-05,39,
SKU00095,2024-08-12,32,
SKU00095,2024-08-19,39,
SKU00095,2024-08-26,59,
SKU00095,2024-09-02,49,
SKU00095,2024-09-09,29,
SKU00095,2024-09-16,58,
SKU00095,2024-09-23,60,
SKU00095,2024-09-30,36,
SKU00095,2024-10-07,83,
SKU00095,2024-10-14,70,
SKU00095,2024-10-21,78,
SKU00095,2024-10-28,80,
SKU00095,2024-11-04,81,
SKU00095,2024-11-11,109,
SKU00095,2024-11-18,66,
SKU00095,2024-11-25,108,
SKU00095,2024-12-02,78,
SKU00095,2024-12-09,70,
SKU00095,2024-12-16,105,
SKU00095,2024-12-23,111,
SKU00095,2024-12-30,53,60.0
SKU00095,2025-01-06,95,40.0
SKU00095,2025-01-13,39,49.0
SKU00095,2025-01-20,21,59.0
SKU00095,2025-01-27,36,27.0
SKU00095,2025-02-03,36,56.0
SKU00095,2025-02-10,71,76.0
SKU00095,2025-02-17,59,52.0
SKU00095,2025-02-24,58,19.0
SKU00095,2025-03-03,41,53.0
SKU00095,2025-03-10,46,64.0
SKU00095,2025-03-17,43,33.0
SKU00095,2025-03-24,74,47.0
SKU00095,2025-03-31,50,59.0
SKU00095,2025-04-07,61,61.0
SKU00095,2025-04-14,79,44.0
SKU00095,2025-04-21,58,70.0
SKU00095,2025-04-28,58,48.0
SKU00095,2025-05-05,56,36.0
SKU00095,2025-05-12,68,56.0
SKU00095,2025-05-19,70,63.0
SKU00095,2025-05-26,83,49.0
SKU00095,2025-06-02,37,74.0
SKU00095,2025-06-09,60,53.0
SKU00095,2025-06-16,36,47.0
SKU00095,2025-06-23,67,60.0
SKU00095,2025-06-30,70,73.0
SKU00095,2025-07-07,58,76.0
SKU00095,2025-07-14,65,34.0
SKU00095,2025-07-21,65,63.0
SKU00095,2025-07-28,53,69.0
SKU00095,2025-08-04,53,39.0
SKU00095,2025-08-11,25,32.0
SKU00095,2025-08-18,47,39.0
SKU00095,2025-08-25,56,59.0
SKU00095,2025-09-01,66,49.0
SKU00095,2025-09-08,49,29.0
SKU00095,2025-09-15,51,58.0
SKU00095,2025-09-22,48,60.0
SKU00095,2025-09-29,36,36.0
SKU00095,2025-10-06,74,83.0
SKU00095,2025-10-13,44,70.0
SKU00095,2025-10-20,36,78.0
SKU00095,2025-10-27,61,80.0
SKU00095,2025-11-03,122,81.0
SKU00095,2025-11-10,73,109.0
SKU00095,2025-11-17,98,66.0
SKU00095,2025-11-24,67,108.0
SKU00095,2025-12-01,112,78.0
SKU00095,2025-12-08,59,70.0
SKU00095,2025-12-15,72,105.0
SKU00095,2025-12-22,85,111.0
SKU00095,2025-12-29,40,53.0
SKU00096,2024-01-01,39,
SKU00096,2024-01-08,41,
SKU00096,2024-01-15,64,
SKU00096,2024-01-22,43,
SKU00096,2024-01-29,34,
SKU00096,2024-02-05,53,
SKU00096,2024-02-12,52,
SKU00096,2024-02-19,34,
SKU00096,2024-02-26,35,
SKU00096,2024-03-04,72,
SKU00096,2024-03-11,35,
SKU00096,2024-03-18,34,
SKU00096,2024-03-25,33,
SKU00096,2024-04-01,52,
SKU00096,2024-04-08,47,
SKU00096,2024-04-15,56,
SKU00096,2024-04-22,45,
SKU00096,2024-04-29,51,
SKU00096,2024-05-06,36,
SKU00096,2024-05-13,48,
SKU00096,2024-05-20,64,
SKU00096,2024-05-27,45,
SKU00096,2024-06-03,45,
SKU00096,2024-06-10,51,
SKU00096,2024-06-17,43,
SKU00096,2024-06-24,47,
SKU00096,2024-07-01,61,
SKU00096,2024-07-08,68,
SKU00096,2024-07-15,62,
SKU00096,2024-07-22,39,
SKU00096,2024-07-29,43,
SKU00096,2024-08-05,41,
SKU00096,2024-08-12,105,
SKU00096,2024-08-19,50,
SKU00096,2024-08-26,52,
SKU00096,2024-09-02,57,
SKU00096,2024-09-09,71,
SKU00096,2024-09-16,39,
SKU00096,2024-09-23,49,
SKU00096,2024-09-30,69,
SKU00096,2024-10-07,39,
SKU00096,2024-10-14,44,
SKU00096,2024-10-21,29,
SKU00096,2024-10-28,66,
SKU00096,2024-11-04,49,
SKU00096,2024-11-11,103,
SKU00096,2024-11-18,94,
SKU00096,2024-11-25,98,
SKU00096,2024-12-02,80,
SKU00096,2024-12-09,46,
SKU00096,2024-12-16,121,
SKU00096,2024-12-23,96,
SKU00096,2024-12-30,56,39.0
SKU00096,2025-01-06,70,41.0
SKU00096,2025-01-13,30,64.0
SKU00096,2025-01-20,65,43.0
SKU00096,2025-01-27,59,34.0
SKU00096,2025-02-03,51,53.0
SKU00096,2025-02-10,50,52.0
SKU00096,2025-02-17,55,34.0
SKU00096,2025-02-24,73,35.0
SKU00096,2025-03-03,55,72.0
SKU00096,2025-03-10,67,35.0
SKU00096,2025-03-17,55,34.0
SKU00096,2025-03-24,91,33.0
SKU00096,2025-03-31,66,52.0
SKU00096,2025-04-07,62,47.0
SKU00096,2025-04-14,59,56.0
SKU00096,2025-04-21,74,45.0
SKU00096,2025-04-28,46,51.0
SKU00096,2025-05-05,33,36.0
SKU00096,2025-05-12,97,48.0
SKU00096,2025-05-19,50,64.0
SKU00096,2025-05-26,40,45.0
SKU00096,2025-06-02,35,45.0
SKU00096,2025-06-09,76,51.0
SKU00096,2025-06-16,47,43.0
SKU00096,2025-06-23,43,47.0
SKU00096,2025-06-30,81,61.0
SKU00096,2025-07-07,29,68.0
SKU00096,2025-07-14,59,62.0
SKU00096,2025-07-21,75,39.0
SKU00096,2025-07-28,62,43.0
SKU00096,2025-08-04,50,41.0
SKU00096,2025-08-11,33,105.0
SKU00096,2025-08-18,42,50.0
SKU00096,2025-08-25,62,52.0
SKU00096,2025-09-01,33,57.0
SKU00096,2025-09-08,61,71.0
SKU00096,2025-09-15,49,39.0
SKU00096,2025-09-22,80,49.0
SKU00096,2025-09-29,47,69.0
SKU00096,2025-10-06,38,39.0
SKU00096,2025-10-13,57,44.0
SKU00096,2025-10-20,61,29.0
SKU00096,2025-10-27,81,66.0
SKU00096,2025-11-03,68,49.0
SKU00096,2025-11-10,94,103.0
SKU00096,2025-11-17,91,94.0
SKU00096,2025-11-24,58,98.0
SKU00096,2025-12-01,66,80.0
SKU00096,2025-12-08,94,46.0
SKU00096,2025-12-15,67,121.0
SKU00096,2025-12-22,79,96.0
SKU00096,2025-12-29,32,56.0
SKU00097,2024-01-01,42,
SKU00097,2024-01-08,48,
SKU00097,2024-01-15,34,
SKU00097,2024-01-22,50,
SKU00097,2024-01-29,64,
SKU00097,2024-02-05,59,
SKU00097,2024-02-12,87,
SKU00097,2024-02-19,26,
SKU00097,2024-02-26,50,
SKU00097,2024-03-04,44,
SKU00097,2024-03-11,69,
SKU00097,2024-03-18,54,
SKU00097,2024-03-25,38,
SKU00097,2024-04-01,35,
SKU00097,2024-04-08,37,
SKU00097,2024-04-15,46,
SKU00097,2024-04-22,83,
SKU00097,2024-04-29,85,
SKU00097,2024-05-06,44,
SKU00097,2024-05-13,29,
SKU00097,2024-05-20,38,
SKU00097,2024-05-27,50,
SKU00097,2024-06-03,83,
SKU00097,2024-06-10,67,
SKU00097,2024-06-17,57,
SKU00097,2024-06-24,68,
SKU00097,2024-07-01,54,
SKU00097,2024-07-08,28,
SKU00097,2024-07-15,53,
SKU00097,2024-07-22,52,
SKU00097,2024-07-29,34,
SKU00097,2024-08-05,78,
SKU00097,2024-08-12,56,
SKU00097,2024-08-19,78,
SKU00097,2024-08-26,63,
SKU00097,2024-09-02,76,
SKU00097,2024-09-09,53,
SKU00097,2024-09-16,71,
SKU00097,2024-09-23,120,
SKU00097,2024-09-30,61,
SKU00097,2024-10-07,59,
SKU00097,2024-10-14,35,
SKU00097,2024-10-21,42,
SKU00097,2024-10-28,71,
SKU00097,2024-11-04,57,
SKU00097,2024-11-11,71,
SKU00097,2024-11-18,101,
SKU00097,2024-11-25,83,
SKU00097,2024-12-02,101,
SKU00097,2024-12-09,75,
SKU00097,2024-12-16,86,
SKU00097,2024-12-23,91,
SKU00097,2024-12-30,49,42.0
SKU00097,2025-01-06,32,48.0
SKU00097,2025-01-13,32,34.0
SKU00097,2025-01-20,69,50.0
SKU00097,2025-01-27,33,64.0
SKU00097,2025-02-03,33,59.0
SKU00097,2025-02-10,49,87.0
SKU00097,2025-02-17,77,26.0
SKU00097,2025-02-24,50,50.0
SKU00097,2025-03-03,63,44.0
SKU00097,2025-03-10,63,69.0
SKU00097,2025-03-17,60,54.0
SKU00097,2025-03-24,36,38.0
SKU00097,2025-03-31,68,35.0
SKU00097,2025-04-07,53,37.0
SKU00097,2025-04-14,34,46.0
SKU00097,2025-04-21,49,83.0
SKU00097,2025-04-28,59,85.0
SKU00097,2025-05-05,46,44.0
SKU00097,2025-05-12,60,29.0
SKU00097,2025-05-19,35,38.0
SKU00097,2025-05-26,70,50.0
SKU00097,2025-06-02,62,83.0
SKU00097,2025-06-09,55,67.0
SKU00097,2025-06-16,53,57.0
SKU00097,2025-06-23,45,68.0
SKU00097,2025-06-30,47,54.0
SKU00097,2025-07-07,75,28.0
SKU00097,2025-07-14,37,53.0
SKU00097,2025-07-21,40,52.0
SKU00097,2025-07-28,35,34.0
SKU00097,2025-08-04,41,78.0
SKU00097,2025-08-11,43,56.0
SKU00097,2025-08-18,34,78.0
SKU00097,2025-08-25,32,63.0
SKU00097,2025-09-01,53,76.0
SKU00097,2025-09-08,40,53.0
SKU00097,2025-09-15,59,71.0
SKU00097,2025-09-22,39,120.0
SKU00097,2025-09-29,50,61.0
SKU00097,2025-10-06,50,59.0
SKU00097,2025-10-13,55,35.0
SKU00097,2025-10-20,64,42.0
SKU00097,2025-10-27,74,71.0
SKU00097,2025-11-03,117,57.0
SKU00097,2025-11-10,107,71.0
SKU00097,2025-11-17,106,101.0
SKU00097,2025-11-24,56,83.0
SKU00097,2025-12-01,69,101.0
SKU00097,2025-12-08,60,75.0
SKU00097,2025-12-15,99,86.0
SKU00097,2025-12-22,78,91.0
SKU00097,2025-12-29,23,49.0
SKU00098,2024-01-01,25,
SKU00098,2024-01-08,26,
SKU00098,2024-01-15,35,
SKU00098,2024-01-22,43,
SKU00098,2024-01-29,32,
SKU00098,2024-02-05,45,
SKU00098,2024-02-12,36,
SKU00098,2024-02-19,20,
SKU00098,2024-02-26,50,
SKU00098,2024-03-04,71,
SKU00098,2024-03-11,54,
SKU00098,2024-03-18,19,
SKU00098,2024-03-25,36,
SKU00098,2024-04-01,34,
SKU00098,2024-04-08,44,
SKU00098,2024-04-15,53,
SKU00098,2024-04-22,45,
SKU00098,2024-04-29,68,
SKU00098,2024-05-06,49,
SKU00098,2024-05-13,61,
SKU00098,2024-05-20,86,
SKU00098,2024-05-27,48,
SKU00098,2024-06-03,21,
SKU00098,2024-06-10,53,
SKU00098,2024-06-17,43,
SKU00098,2024-06-24,72,
SKU00098,2024-07-01,62,
SKU00098,2024-07-08,59,
SKU00098,2024-07-15,70,
SKU00098,2024-07-22,56,
SKU00098,2024-07-29,66,
SKU00098,2024-08-05,50,
SKU00098,2024-08-12,84,
SKU00098,2024-08-19,40,
SKU00098,2024-08-26,51,
SKU00098,2024-09-02,25,
SKU00098,2024-09-09,26,
SKU00098,2024-09-16,76,
SKU00098,2024-09-23,50,
SKU00098,2024-09-30,85,
SKU00098,2024-10-07,69,
SKU00098,2024-10-14,14,
SKU00098,2024-10-21,82,
SKU00098,2024-10-28,60,
SKU00098,2024-11-04,108,
SKU00098,2024-11-11,135,
SKU00098,2024-11-18,83,
SKU00098,2024-11-25,95,
SKU00098,2024-12-02,72,
SKU00098,2024-12-09,87,
SKU00098,2024-12-16,63,
SKU00098,2024-12-23,106,
SKU00098,2024-12-30,69,25.0
SKU00098,2025-01-06,55,26.0
SKU00098,2025-01-13,26,35.0
SKU00098,2025-01-20,46,43.0
SKU00098,2025-01-27,29,32.0
SKU00098,2025-02-03,40,45.0
SKU00098,2025-02-10,35,36.0
SKU00098,2025-02-17,49,20.0
SKU00098,2025-02-24,37,50.0
SKU00098,2025-03-03,55,71.0
SKU00098,2025-03-10,34,54.0
SKU00098,2025-03-17,36,19.0
SKU00098,2025-03-24,29,36.0
SKU00098,2025-03-31,54,34.0
SKU00098,2025-04-07,75,44.0
SKU00098,2025-04-14,77,53.0
SKU00098,2025-04-21,72,45.0
SKU00098,2025-04-28,75,68.0
SKU00098,2025-05-05,71,49.0
SKU00098,2025-05-12,28,61.0
SKU00098,2025-05-19,77,86.0
SKU00098,2025-05-26,81,48.0
SKU00098,2025-06-02,59,21.0
SKU00098,2025-06-09,42,53.0
SKU00098,2025-06-16,56,43.0
SKU00098,2025-06-23,77,72.0
SKU00098,2025-06-30,28,62.0
SKU00098,2025-07-07,81,59.0
SKU00098,2025-07-14,58,70.0
SKU00098,2025-07-21,74,56.0
SKU00098,2025-07-28,55,66.0
SKU00098,2025-08-04,37,50.0
SKU00098,2025-08-11,53,84.0
SKU00098,2025-08-18,59,40.0
SKU00098,2025-08-25,30,51.0
SKU00098,2025-09-01,50,25.0
SKU00098,2025-09-08,33,26.0
SKU00098,2025-09-15,32,76.0
SKU00098,2025-09-22,38,50.0
SKU00098,2025-09-29,66,85.0
SKU00098,2025-10-06,74,69.0
SKU00098,2025-10-13,46,14.0
SKU00098,2025-10-20,71,82.0
SKU00098,2025-10-27,39,60.0
SKU00098,2025-11-03,62,108.0
SKU00098,2025-11-10,100,135.0
SKU00098,2025-11-17,80,83.0
SKU00098,2025-11-24,116,95.0
SKU00098,2025-12-01,75,72.0
SKU00098,2025-12-08,76,87.0
SKU00098,2025-12-15,81,63.0
SKU00098,2025-12-22,98,106.0
SKU00098,2025-12-29,35,69.0
SKU00099,2024-01-01,28,
SKU00099,2024-01-08,40,
SKU00099,2024-01-15,41,
SKU00099,2024-01-22,26,
SKU00099,2024-01-29,42,
SKU00099,2024-02-05,72,
SKU00099,2024-02-12,88,
SKU00099,2024-02-19,81,
SKU00099,2024-02-26,36,
SKU00099,2024-03-04,77,
SKU00099,2024-03-11,46,
SKU00099,2024-03-18,51,
SKU00099,2024-03-25,79,
SKU00099,2024-04-01,45,
SKU00099,2024-04-08,51,
SKU00099,2024-04-15,65,
SKU00099,2024-04-22,59,
SKU00099,2024-04-29,39,
SKU00099,2024-05-06,36,
SKU00099,2024-05-13,32,
SKU00099,2024-05-20,28,
SKU00099,2024-05-27,46,
SKU00099,2024-06-03,63,
SKU00099,2024-06-10,66,
SKU00099,2024-06-17,26,
SKU00099,2024-06-24,63,
SKU00099,2024-07-01,64,
SKU00099,2024-07-08,44,
SKU00099,2024-07-15,65,
SKU00099,2024-07-22,104,
SKU00099,2024-07-29,105,
SKU00099,2024-08-05,35,
SKU00099,2024-08-12,47,
SKU00099,2024-08-19,51,
SKU00099,2024-08-26,42,
SKU00099,2024-09-02,59,
SKU00099,2024-09-09,57,
SKU00099,2024-09-16,53,
SKU00099,2024-09-23,35,
SKU00099,2024-09-30,56,
SKU00099,2024-10-07,38,
SKU00099,2024-10-14,63,
SKU00099,2024-10-21,36,
SKU00099,2024-10-28,43,
SKU00099,2024-11-04,86,
SKU00099,2024-11-11,86,
SKU00099,2024-11-18,104,
SKU00099,2024-11-25,80,
SKU00099,2024-12-02,73,
SKU00099,2024-12-09,85,
SKU00099,2024-12-16,107,
SKU00099,2024-12-23,140,
SKU00099,2024-12-30,84,28.0
SKU00099,2025-01-06,71,40.0
SKU00099,2025-01-13,75,41.0
SKU00099,2025-01-20,57,26.0
SKU00099,2025-01-27,45,42.0
SKU00099,2025-02-03,34,72.0
SKU00099,2025-02-10,33,88.0
SKU00099,2025-02-17,55,81.0
SKU00099,2025-02-24,60,36.0
SKU00099,2025-03-03,96,77.0
SKU00099,2025-03-10,57,46.0
SKU00099,2025-03-17,42,51.0
SKU00099,2025-03-24,47,79.0
SKU00099,2025-03-31,80,45.0
SKU00099,2025-04-07,58,51.0
SKU00099,2025-04-14,54,65.0
SKU00099,2025-04-21,46,59.0
SKU00099,2025-04-28,92,39.0
SKU00099,2025-05-05,59,36.0
SKU00099,2025-05-12,67,32.0
SKU00099,2025-05-19,60,28.0
SKU00099,2025-05-26,54,46.0
SKU00099,2025-06-02,78,63.0
SKU00099,2025-06-09,46,66.0
SKU00099,2025-06-16,51,26.0
SKU00099,2025-06-23,34,63.0
SKU00099,2025-06-30,57,64.0
SKU00099,2025-07-07,42,44.0
SKU00099,2025-07-14,55,65.0
SKU00099,2025-07-21,73,104.0
SKU00099,2025-07-28,58,105.0
SKU00099,2025-08-04,39,35.0
SKU00099,2025-08-11,79,47.0
SKU00099,2025-08-18,72,51.0
SKU00099,2025-08-25,68,42.0
SKU00099,2025-09-01,35,59.0
SKU00099,2025-09-08,60,57.0
SKU00099,2025-09-15,63,53.0
SKU00099,2025-09-22,29,35.0
SKU00099,2025-09-29,63,56.0
SKU00099,2025-10-06,56,38.0
SKU00099,2025-10-13,49,63.0
SKU00099,2025-10-20,72,36.0
SKU00099,2025-10-27,76,43.0
SKU00099,2025-11-03,82,86.0
SKU00099,2025-11-10,69,86.0
SKU00099,2025-11-17,88,104.0
SKU00099,2025-11-24,105,80.0
SKU00099,2025-12-01,112,73.0
SKU00099,2025-12-08,121,85.0
SKU00099,2025-12-15,148,107.0
SKU00099,2025-12-22,71,140.0
SKU00099,2025-12-29,15,84.0
SKU00100,2024-01-01,61,
SKU00100,2024-01-08,42,
SKU00100,2024-01-15,43,
SKU00100,2024-01-22,52,
SKU00100,2024-01-29,49,
SKU00100,2024-02-05,37,
SKU00100,2024-02-12,42,
SKU00100,2024-02-19,45,
SKU00100,2024-02-26,48,
SKU00100,2024-03-04,23,
SKU00100,2024-03-11,27,
SKU00100,2024-03-18,55,
SKU00100,2024-03-25,27,
SKU00100,2024-04-01,56,
SKU00100,2024-04-08,69,
SKU00100,2024-04-15,54,
SKU00100,2024-04-22,58,
SKU00100,2024-04-29,41,
SKU00100,2024-05-06,53,
SKU00100,2024-05-13,80,
SKU00100,2024-05-20,47,
SKU00100,2024-05-27,52,
SKU00100,2024-06-03,41,
SKU00100,2024-06-10,62,
SKU00100,2024-06-17,35,
SKU00100,2024-06-24,82,
SKU00100,2024-07-01,77,
SKU00100,2024-07-08,89,
SKU00100,2024-07-15,56,
SKU00100,2024-07-22,58,
SKU00100,2024-07-29,40,
SKU00100,2024-08-05,72,
SKU00100,2024-08-12,56,
SKU00100,2024-08-19,36,
SKU00100,2024-08-26,66,
SKU00100,2024-09-02,40,
SKU00100,2024-09-09,54,
SKU00100,2024-09-16,71,
SKU00100,2024-09-23,49,
SKU00100,2024-09-30,81,
SKU00100,2024-10-07,62,
SKU00100,2024-10-14,84,
SKU00100,2024-10-21,72,
SKU00100,2024-10-28,80,
SKU00100,2024-11-04,113,
SKU00100,2024-11-11,96,
SKU00100,2024-11-18,78,
SKU00100,2024-11-25,76,
SKU00100,2024-12-02,99,
SKU00100,2024-12-09,121,
SKU00100,2024-12-16,58,
SKU00100,2024-12-23,99,
SKU00100,2024-12-30,64,61.0
SKU00100,2025-01-06,33,42.0
SKU00100,2025-01-13,41,43.0
SKU00100,2025-01-20,26,52.0
SKU00100,2025-01-27,34,49.0
SKU00100,2025-02-03,49,37.0
SKU00100,2025-02-10,54,42.0
SKU00100,2025-02-17,79,45.0
SKU00100,2025-02-24,40,48.0
SKU00100,2025-03-03,71,23.0
SKU00100,2025-03-10,41,27.0
SKU00100,2025-03-17,38,55.0
SKU00100,2025-03-24,22,27.0
SKU00100,2025-03-31,84,56.0
SKU00100,2025-04-07,67,69.0
SKU00100,2025-04-14,60,54.0
SKU00100,2025-04-21,69,58.0
SKU00100,2025-04-28,57,41.0
SKU00100,2025-05-05,85,53.0
SKU00100,2025-05-12,55,80.0
SKU00100,2025-05-19,58,47.0
SKU00100,2025-05-26,49,52.0
SKU00100,2025-06-02,51,41.0
SKU00100,2025-06-09,71,62.0
SKU00100,2025-06-16,55,35.0
SKU00100,2025-06-23,78,82.0
SKU00100,2025-06-30,72,77.0
SKU00100,2025-07-07,47,89.0
SKU00100,2025-07-14,58,56.0
SKU00100,2025-07-21,77,58.0
SKU00100,2025-07-28,67,40.0
SKU00100,2025-08-04,42,72.0
SKU00100,2025-08-11,42,56.0
SKU00100,2025-08-18,48,36.0
SKU00100,2025-08-25,53,66.0
SKU00100,2025-09-01,61,40.0
SKU00100,2025-09-08,58,54.0
SKU00100,2025-09-15,52,71.0
SKU00100,2025-09-22,50,49.0
SKU00100,2025-09-29,43,81.0
SKU00100,2025-10-06,73,62.0
SKU00100,2025-10-13,39,84.0
SKU00100,2025-10-20,80,72.0
SKU00100,2025-10-27,73,80.0
SKU00100,2025-11-03,41,113.0
SKU00100,2025-11-10,101,96.0
SKU00100,2025-11-17,63,78.0
SKU00100,2025-11-24,63,76.0
SKU00100,2025-12-01,87,99.0
SKU00100,2025-12-08,83,121.0
SKU00100,2025-12-15,95,58.0
SKU00100,2025-12-22,70,99.0
SKU00100,2025-12-29,25,64.0
SKU00101,2024-01-01,62,
SKU00101,2024-01-08,51,
SKU00101,2024-01-15,40,
SKU00101,2024-01-22,61,
SKU00101,2024-01-29,29,
SKU00101,2024-02-05,37,
SKU00101,2024-02-12,47,
SKU00101,2024-02-19,35,
SKU00101,2024-02-26,35,
SKU00101,2024-03-04,65,
SKU00101,2024-03-11,44,
SKU00101,2024-03-18,42,
SKU00101,2024-03-25,41,
SKU00101,2024-04-01,27,
SKU00101,2024-04-08,90,
SKU00101,2024-04-15,52,
SKU00101,2024-04-22,49,
SKU00101,2024-04-29,51,
SKU00101,2024-05-06,60,
SKU00101,2024-05-13,68,
SKU00101,2024-05-20,44,
SKU00101,2024-05-27,59,
SKU00101,2024-06-03,35,
SKU00101,2024-06-10,101,
SKU00101,2024-06-17,33,
SKU00101,2024-06-24,35,
SKU00101,2024-07-01,97,
SKU00101,2024-07-08,40,
SKU00101,2024-07-15,35,
SKU00101,2024-07-22,84,
SKU00101,2024-07-29,45,
SKU00101,2024-08-05,61,
SKU00101,2024-08-12,44,
SKU00101,2024-08-19,46,
SKU00101,2024-08-26,66,
SKU00101,2024-09-02,38,
SKU00101,2024-09-09,67,
SKU00101,2024-09-16,84,
SKU00101,2024-09-23,44,
SKU00101,2024-09-30,51,
SKU00101,2024-10-07,30,
SKU00101,2024-10-14,51,
SKU00101,2024-10-21,30,
SKU00101,2024-10-28,92,
SKU00101,2024-11-04,113,
SKU00101,2024-11-11,92,
SKU00101,2024-11-18,56,
SKU00101,2024-11-25,99,
SKU00101,2024-12-02,92,
SKU00101,2024-12-09,85,
SKU00101,2024-12-16,81,
SKU00101,2024-12-23,74,
SKU00101,2024-12-30,54,62.0
SKU00101,2025-01-06,42,51.0
SKU00101,2025-01-13,39,40.0
SKU00101,2025-01-20,87,61.0
SKU00101,2025-01-27,88,29.0
SKU00101,2025-02-03,43,37.0
SKU00101,2025-02-10,42,47.0
SKU00101,2025-02-17,19,35.0
SKU00101,2025-02-24,56,35.0
SKU00101,2025-03-03,72,65.0
SKU00101,2025-03-10,75,44.0
SKU00101,2025-03-17,63,42.0
SKU00101,2025-03-24,76,41.0
SKU00101,2025-03-31,32,27.0
SKU00101,2025-04-07,35,90.0
SKU00101,2025-04-14,75,52.0
SKU00101,2025-04-21,71,49.0
SKU00101,2025-04-28,50,51.0
SKU00101,2025-05-05,48,60.0
SKU00101,2025-05-12,71,68.0
SKU00101,2025-05-19,47,44.0
SKU00101,2025-05-26,74,59.0
SKU00101,2025-06-02,57,35.0
SKU00101,2025-06-09,59,101.0
SKU00101,2025-06-16,70,33.0
SKU00101,2025-06-23,60,35.0
SKU00101,2025-06-30,44,97.0
SKU00101,2025-07-07,54,40.0
SKU00101,2025-07-14,46,35.0
SKU00101,2025-07-21,50,84.0
SKU00101,2025-07-28,57,45.0
SKU00101,2025-08-04,61,61.0
SKU00101,2025-08-11,63,44.0
SKU00101,2025-08-18,71,46.0
SKU00101,2025-08-25,49,66.0
SKU00101,2025-09-01,56,38.0
SKU00101,2025-09-08,65,67.0
SKU00101,2025-09-15,32,84.0
SKU00101,2025-09-22,71,44.0
SKU00101,2025-09-29,49,51.0
SKU00101,2025-10-06,43,30.0
SKU00101,2025-10-13,50,51.0
SKU00101,2025-10-20,58,30.0
SKU00101,2025-10-27,87,92.0
SKU00101,2025-11-03,83,113.0
SKU00101,2025-11-10,124,92.0
SKU00101,2025-11-17,143,56.0
SKU00101,2025-11-24,89,99.0
SKU00101,2025-12-01,88,92.0
SKU00101,2025-12-08,96,85.0
SKU00101,2025-12-15,60,81.0
SKU00101,2025-12-22,61,74.0
SKU00101,2025-12-29,49,54.0
SKU00102,2024-01-01,85,
SKU00102,2024-01-08,36,
SKU00102,2024-01-15,30,
SKU00102,2024-01-22,39,
SKU00102,2024-01-29,44,
SKU00102,2024-02-05,48,
SKU00102,2024-02-12,36,
SKU00102,2024-02-19,60,
SKU00102,2024-02-26,68,
SKU00102,2024-03-04,44,
SKU00102,2024-03-11,50,
SKU00102,2024-03-18,46,
SKU00102,2024-03-25,43,
SKU00102,2024-04-01,65,
SKU00102,2024-04-08,61,
SKU00102,2024-04-15,33,
SKU00102,2024-04-22,43,
SKU00102,2024-04-29,51,
SKU00102,2024-05-06,46,
SKU00102,2024-05-13,25,
SKU00102,2024-05-20,40,
SKU00102,2024-05-27,58,
SKU00102,2024-06-03,55,
SKU00102,2024-06-10,49,
SKU00102,2024-06-17,32,
SKU00102,2024-06-24,71,
SKU00102,2024-07-01,60,
SKU00102,2024-07-08,42,
SKU00102,2024-07-15,74,
SKU00102,2024-07-22,96,
SKU00102,2024-07-29,19,
SKU00102,2024-08-05,48,
SKU00102,2024-08-12,62,
SKU00102,2024-08-19,53,
SKU00102,2024-08-26,38,
SKU00102,2024-09-02,64,
SKU00102,2024-09-09,53,
SKU00102,2024-09-16,26,
SKU00102,2024-09-23,40,
SKU00102,2024-09-30,28,
SKU00102,2024-10-07,32,
SKU00102,2024-10-14,36,
SKU00102,2024-10-21,69,
SKU00102,2024-10-28,46,
SKU00102,2024-11-04,102,
SKU00102,2024-11-11,73,
SKU00102,2024-11-18,106,
SKU00102,2024-11-25,89,
SKU00102,2024-12-02,81,
SKU00102,2024-12-09,88,
SKU00102,2024-12-16,95,
SKU00102,2024-12-23,80,
SKU00102,2024-12-30,30,85.0
SKU00102,2025-01-06,48,36.0
SKU00102,2025-01-13,53,30.0
SKU00102,2025-01-20,33,39.0
SKU00102,2025-01-27,73,44.0
SKU00102,2025-02-03,59,48.0
SKU00102,2025-02-10,46,36.0
SKU00102,2025-02-17,35,60.0
SKU00102,2025-02-24,54,68.0
SKU00102,2025-03-03,73,44.0
SKU00102,2025-03-10,51,50.0
SKU00102,2025-03-17,65,46.0
SKU00102,2025-03-24,64,43.0
SKU00102,2025-03-31,49,65.0
SKU00102,2025-04-07,92,61.0
SKU00102,2025-04-14,77,33.0
SKU00102,2025-04-21,31,43.0
SKU00102,2025-04-28,40,51.0
SKU00102,2025-05-05,52,46.0
SKU00102,2025-05-12,59,25.0
SKU00102,2025-05-19,65,40.0
SKU00102,2025-05-26,53,58.0
SKU00102,2025-06-02,66,55.0
SKU00102,2025-06-09,54,49.0
SKU00102,2025-06-16,67,32.0
SKU00102,2025-06-23,79,71.0
SKU00102,2025-06-30,74,60.0
SKU00102,2025-07-07,34,42.0
SKU00102,2025-07-14,68,74.0
SKU00102,2025-07-21,49,96.0
SKU00102,2025-07-28,39,19.0
SKU00102,2025-08-04,39,48.0
SKU00102,2025-08-11,36,62.0
SKU00102,2025-08-18,35,53.0
SKU00102,2025-08-25,45,38.0
SKU00102,2025-09-01,48,64.0
SKU00102,2025-09-08,62,53.0
SKU00102,2025-09-15,61,26.0
SKU00102,2025-09-22,56,40.0
SKU00102,2025-09-29,44,28.0
SKU00102,2025-10-06,53,32.0
SKU00102,2025-10-13,49,36.0
SKU00102,2025-10-20,45,69.0
SKU00102,2025-10-27,37,46.0
SKU00102,2025-11-03,88,102.0
SKU00102,2025-11-10,65,73.0
SKU00102,2025-11-17,82,106.0
SKU00102,2025-11-24,66,89.0
SKU00102,2025-12-01,70,81.0
SKU00102,2025-12-08,98,88.0
SKU00102,2025-12-15,81,95.0
SKU00102,2025-12-22,66,80.0
SKU00102,2025-12-29,11,30.0
SKU00103,2024-01-01,54,
SKU00103,2024-01-08,66,
SKU00103,2024-01-15,35,
SKU00103,2024-01-22,36,
SKU00103,2024-01-29,35,
SKU00103,2024-02-05,45,
SKU00103,2024-02-12,51,
SKU00103,2024-02-19,59,
SKU00103,2024-02-26,19,
SKU00103,2024-03-04,31,
SKU00103,2024-03-11,53,
SKU00103,2024-03-18,37,
SKU00103,2024-03-25,64,
SKU00103,2024-04-01,55,
SKU00103,2024-04-08,56,
SKU00103,2024-04-15,52,
SKU00103,2024-04-22,56,
SKU00103,2024-04-29,65,
SKU00103,2024-05-06,27,
SKU00103,2024-05-13,58,
SKU00103,2024-05-20,73,
SKU00103,2024-05-27,48,
SKU00103,2024-06-03,64,
SKU00103,2024-06-10,39,
SKU00103,2024-06-17,42,
SKU00103,2024-06-24,68,
SKU00103,2024-07-01,68,
SKU00103,2024-07-08,58,
SKU00103,2024-07-15,41,
SKU00103,2024-07-22,51,
SKU00103,2024-07-29,24,
SKU00103,2024-08-05,53,
SKU00103,2024-08-12,66,
SKU00103,2024-08-19,57,
SKU00103,2024-08-26,44,
SKU00103,2024-09-02,48,
SKU00103,2024-09-09,56,
SKU00103,2024-09-16,54,
SKU00103,2024-09-23,25,
SKU00103,2024-09-30,67,
SKU00103,2024-10-07,80,
SKU00103,2024-10-14,82,
SKU00103,2024-10-21,56,
SKU00103,2024-10-28,46,
SKU00103,2024-11-04,113,
SKU00103,2024-11-11,93,
SKU00103,2024-11-18,107,
SKU00103,2024-11-25,58,
SKU00103,2024-12-02,64,
SKU00103,2024-12-09,77,
SKU00103,2024-12-16,83,
SKU00103,2024-12-23,96,
SKU00103,2024-12-30,57,54.0
SKU00103,2025-01-06,53,66.0
SKU00103,2025-01-13,50,35.0
SKU00103,2025-01-20,49,36.0
SKU00103,2025-01-27,45,35.0
SKU00103,2025-02-03,45,45.0
SKU00103,2025-02-10,24,51.0
SKU00103,2025-02-17,54,59.0
SKU00103,2025-02-24,78,19.0
SKU00103,2025-03-03,66,31.0
SKU00103,2025-03-10,29,53.0
SKU00103,2025-03-17,43,37.0
SKU00103,2025-03-24,60,64.0
SKU00103,2025-03-31,74,55.0
SKU00103,2025-04-07,40,56.0
SKU00103,2025-04-14,56,52.0
SKU00103,2025-04-21,72,56.0
SKU00103,2025-04-28,75,65.0
SKU00103,2025-05-05,68,27.0
SKU00103,2025-05-12,54,58.0
SKU00103,2025-05-19,55,73.0
SKU00103,2025-05-26,24,48.0
SKU00103,2025-06-02,39,64.0
SKU00103,2025-06-09,55,39.0
SKU00103,2025-06-16,58,42.0
SKU00103,2025-06-23,29,68.0
SKU00103,2025-06-30,79,68.0
SKU00103,2025-07-07,33,58.0
SKU00103,2025-07-14,76,41.0
SKU00103,2025-07-21,43,51.0
SKU00103,2025-07-28,38,24.0
SKU00103,2025-08-04,55,53.0
SKU00103,2025-08-11,44,66.0
SKU00103,2025-08-18,40,57.0
SKU00103,2025-08-25,58,44.0
SKU00103,2025-09-01,63,48.0
SKU00103,2025-09-08,49,56.0
SKU00103,2025-09-15,34,54.0
SKU00103,2025-09-22,57,25.0
SKU00103,2025-09-29,43,67.0
SKU00103,2025-10-06,59,80.0
SKU00103,2025-10-13,50,82.0
SKU00103,2025-10-20,19,56.0
SKU00103,2025-10-27,60,46.0
SKU00103,2025-11-03,70,113.0
SKU00103,2025-11-10,83,93.0
SKU00103,2025-11-17,74,107.0
SKU00103,2025-11-24,97,58.0
SKU00103,2025-12-01,105,64.0
SKU00103,2025-12-08,104,77.0
SKU00103,2025-12-15,99,83.0
SKU00103,2025-12-22,133,96.0
SKU00103,2025-12-29,21,57.0
SKU00104,2024-01-01,79,
SKU00104,2024-01-08,68,
SKU00104,2024-01-15,43,
SKU00104,2024-01-22,42,
SKU00104,2024-01-29,78,
SKU00104,2024-02-05,55,
SKU00104,2024-02-12,55,
SKU00104,2024-02-19,19,
SKU00104,2024-02-26,75,
SKU00104,2024-03-04,48,
SKU00104,2024-03-11,83,
SKU00104,2024-03-18,49,
SKU00104,2024-03-25,62,
SKU00104,2024-04-01,40,
SKU00104,2024-04-08,74,
SKU00104,2024-04-15,50,
SKU00104,2024-04-22,70,
SKU00104,2024-04-29,48,
SKU00104,2024-05-06,51,
SKU00104,2024-05-13,34,
SKU00104,2024-05-20,64,
SKU00104,2024-05-27,65,
SKU00104,2024-06-03,53,
SKU00104,2024-06-10,43,
SKU00104,2024-06-17,47,
SKU00104,2024-06-24,63,
SKU00104,2024-07-01,57,
SKU00104,2024-07-08,63,
SKU00104,2024-07-15,42,
SKU00104,2024-07-22,49,
SKU00104,2024-07-29,54,
SKU00104,2024-08-05,78,
SKU00104,2024-08-12,45,
SKU00104,2024-08-19,55,
SKU00104,2024-08-26,46,
SKU00104,2024-09-02,69,
SKU00104,2024-09-09,47,
SKU00104,2024-09-16,60,
SKU00104,2024-09-23,72,
SKU00104,2024-09-30,52,
SKU00104,2024-10-07,61,
SKU00104,2024-10-14,60,
SKU00104,2024-10-21,33,
SKU00104,2024-10-28,63,
SKU00104,2024-11-04,118,
SKU00104,2024-11-11,64,
SKU00104,2024-11-18,60,
SKU00104,2024-11-25,85,
SKU00104,2024-12-02,115,
SKU00104,2024-12-09,48,
SKU00104,2024-12-16,95,
SKU00104,2024-12-23,124,
SKU00104,2024-12-30,46,79.0
SKU00104,2025-01-06,48,68.0
SKU00104,2025-01-13,47,43.0
SKU00104,2025-01-20,21,42.0
SKU00104,2025-01-27,61,78.0
SKU00104,2025-02-03,32,55.0
SKU00104,2025-02-10,35,55.0
SKU00104,2025-02-17,48,19.0
SKU00104,2025-02-24,40,75.0
SKU00104,2025-03-03,53,48.0
SKU00104,2025-03-10,48,83.0
SKU00104,2025-03-17,53,49.0
SKU00104,2025-03-24,51,62.0
SKU00104,2025-03-31,57,40.0
SKU00104,2025-04-07,58,74.0
SKU00104,2025-04-14,18,50.0
SKU00104,2025-04-21,78,70.0
SKU00104,2025-04-28,57,48.0
SKU00104,2025-05-05,52,51.0
SKU00104,2025-05-12,72,34.0
SKU00104,2025-05-19,67,64.0
SKU00104,2025-05-26,42,65.0
SKU00104,2025-06-02,71,53.0
SKU00104,2025-06-09,70,43.0
SKU00104,2025-06-16,35,47.0
SKU00104,2025-06-23,54,63.0
SKU00104,2025-06-30,88,57.0
SKU00104,2025-07-07,48,63.0
SKU00104,2025-07-14,71,42.0
SKU00104,2025-07-21,52,49.0
SKU00104,2025-07-28,43,54.0
SKU00104,2025-08-04,30,78.0
SKU00104,2025-08-11,53,45.0
SKU00104,2025-08-18,36,55.0
SKU00104,2025-08-25,58,46.0
SKU00104,2025-09-01,68,69.0
SKU00104,2025-09-08,37,47.0
SKU00104,2025-09-15,53,60.0
SKU00104,2025-09-22,36,72.0
SKU00104,2025-09-29,58,52.0
SKU00104,2025-10-06,58,61.0
SKU00104,2025-10-13,62,60.0
SKU00104,2025-10-20,68,33.0
SKU00104,2025-10-27,90,63.0
SKU00104,2025-11-03,86,118.0
SKU00104,2025-11-10,85,64.0
SKU00104,2025-11-17,67,60.0
SKU00104,2025-11-24,108,85.0
SKU00104,2025-12-01,73,115.0
SKU00104,2025-12-08,76,48.0
SKU00104,2025-12-15,81,95.0
SKU00104,2025-12-22,83,124.0
SKU00104,2025-12-29,37,46.0
SKU00105,2024-01-01,48,
SKU00105,2024-01-08,21,
SKU00105,2024-01-15,56,
SKU00105,2024-01-22,51,
SKU00105,2024-01-29,31,
SKU00105,2024-02-05,52,
SKU00105,2024-02-12,59,
SKU00105,2024-02-19,33,
SKU00105,2024-02-26,43,
SKU00105,2024-03-04,67,
SKU00105,2024-03-11,51,
SKU00105,2024-03-18,41,
SKU00105,2024-03-25,62,
SKU00105,2024-04-01,44,
SKU00105,2024-04-08,45,
SKU00105,2024-04-15,60,
SKU00105,2024-04-22,20,
SKU00105,2024-04-29,63,
SKU00105,2024-05-06,52,
SKU00105,2024-05-13,60,
SKU00105,2024-05-20,57,
SKU00105,2024-05-27,60,
SKU00105,2024-06-03,65,
SKU00105,2024-06-10,77,
SKU00105,2024-06-17,69,
SKU00105,2024-06-24,61,
SKU00105,2024-07-01,49,
SKU00105,2024-07-08,63,
SKU00105,2024-07-15,32,
SKU00105,2024-07-22,42,
SKU00105,2024-07-29,41,
SKU00105,2024-08-05,68,
SKU00105,2024-08-12,52,
SKU00105,2024-08-19,48,
SKU00105,2024-08-26,35,
SKU00105,2024-09-02,33,
SKU00105,2024-09-09,51,
SKU00105,2024-09-16,57,
SKU00105,2024-09-23,39,
SKU00105,2024-09-30,24,
SKU00105,2024-10-07,36,
SKU00105,2024-10-14,28,
SKU00105,2024-10-21,59,
SKU00105,2024-10-28,86,
SKU00105,2024-11-04,57,
SKU00105,2024-11-11,107,
SKU00105,2024-11-18,92,
SKU00105,2024-11-25,48,
SKU00105,2024-12-02,70,
SKU00105,2024-12-09,63,
SKU00105,2024-12-16,97,
SKU00105,2024-12-23,105,
SKU00105,2024-12-30,66,48.0
SKU00105,2025-01-06,41,21.0
SKU00105,2025-01-13,45,56.0
SKU00105,2025-01-20,57,51.0
SKU00105,2025-01-27,58,31.0
SKU00105,2025-02-03,50,52.0
SKU00105,2025-02-10,44,59.0
SKU00105,2025-02-17,49,33.0
SKU00105,2025-02-24,46,43.0
SKU00105,2025-03-03,27,67.0
SKU00105,2025-03-10,49,51.0
SKU00105,2025-03-17,67,41.0
SKU00105,2025-03-24,91,62.0
SKU00105,2025-03-31,55,44.0
SKU00105,2025-04-07,89,45.0
SKU00105,2025-04-14,59,60.0
SKU00105,2025-04-21,55,20.0
SKU00105,2025-04-28,40,63.0
SKU00105,2025-05-05,75,52.0
SKU00105,2025-05-12,37,60.0
SKU00105,2025-05-19,23,57.0
SKU00105,2025-05-26,77,60.0
SKU00105,2025-06-02,42,65.0
SKU00105,2025-06-09,46,77.0
SKU00105,2025-06-16,43,69.0
SKU00105,2025-06-23,38,61.0
SKU00105,2025-06-30,40,49.0
SKU00105,2025-07-07,65,63.0
SKU00105,2025-07-14,39,32.0
SKU00105,2025-07-21,35,42.0
SKU00105,2025-07-28,66,41.0
SKU00105,2025-08-04,55,68.0
SKU00105,2025-08-11,58,52.0
SKU00105,2025-08-18,72,48.0
SKU00105,2025-08-25,60,35.0
SKU00105,2025-09-01,18,33.0
SKU00105,2025-09-08,53,51.0
SKU00105,2025-09-15,54,57.0
SKU00105,2025-09-22,71,39.0
SKU00105,2025-09-29,48,24.0
SKU00105,2025-10-06,70,36.0
SKU00105,2025-10-13,70,28.0
SKU00105,2025-10-20,44,59.0
SKU00105,2025-10-27,51,86.0
SKU00105,2025-11-03,92,57.0
SKU00105,2025-11-10,71,107.0
SKU00105,2025-11-17,78,92.0
SKU00105,2025-11-24,89,48.0
SKU00105,2025-12-01,75,70.0
SKU00105,2025-12-08,103,63.0
SKU00105,2025-12-15,90,97.0
SKU00105,2025-12-22,98,105.0
SKU00105,2025-12-29,30,66.0
SKU00106,2024-01-01,35,
SKU00106,2024-01-08,52,
SKU00106,2024-01-15,82,
SKU00106,2024-01-22,36,
SKU00106,2024-01-29,48,
SKU00106,2024-02-05,49,
SKU00106,2024-02-12,37,
SKU00106,2024-02-19,49,
SKU00106,2024-02-26,31,
SKU00106,2024-03-04,40,
SKU00106,2024-03-11,35,
SKU00106,2024-03-18,63,
SKU00106,2024-03-25,64,
SKU00106,2024-04-01,71,
SKU00106,2024-04-08,75,
SKU00106,2024-04-15,45,
SKU00106,2024-04-22,50,
SKU00106,2024-04-29,44,
SKU00106,2024-05-06,38,
SKU00106,2024-05-13,66,
SKU00106,2024-05-20,57,
SKU00106,2024-05-27,44,
SKU00106,2024-06-03,30,
SKU00106,2024-06-10,82,
SKU00106,2024-06-17,35,
SKU00106,2024-06-24,59,
SKU00106,2024-07-01,59,
SKU00106,2024-07-08,65,
SKU00106,2024-07-15,61,
SKU00106,2024-07-22,47,
SKU00106,2024-07-29,77,
SKU00106,2024-08-05,93,
SKU00106,2024-08-12,73,
SKU00106,2024-08-19,89,
SKU00106,2024-08-26,39,
SKU00106,2024-09-02,78,
SKU00106,2024-09-09,47,
SKU00106,2024-09-16,37,
SKU00106,2024-09-23,75,
SKU00106,2024-09-30,70,
SKU00106,2024-10-07,56,
SKU00106,2024-10-14,78,
SKU00106,2024-10-21,60,
SKU00106,2024-10-28,66,
SKU00106,2024-11-04,78,
SKU00106,2024-11-11,81,
SKU00106,2024-11-18,87,
SKU00106,2024-11-25,93,
SKU00106,2024-12-02,59,
SKU00106,2024-12-09,67,
SKU00106,2024-12-16,103,
SKU00106,2024-12-23,74,
SKU00106,2024-12-30,50,35.0
SKU00106,2025-01-06,64,52.0
SKU00106,2025-01-13,58,82.0
SKU00106,2025-01-20,44,36.0
SKU00106,2025-01-27,52,48.0
SKU00106,2025-02-03,42,49.0
SKU00106,2025-02-10,82,37.0
SKU00106,2025-02-17,66,49.0
SKU00106,2025-02-24,56,31.0
SKU00106,2025-03-03,37,40.0
SKU00106,2025-03-10,49,35.0
SKU00106,2025-03-17,63,63.0
SKU00106,2025-03-24,27,64.0
SKU00106,2025-03-31,30,71.0
SKU00106,2025-04-07,62,75.0
SKU00106,2025-04-14,81,45.0
SKU00106,2025-04-21,43,50.0
SKU00106,2025-04-28,74,44.0
SKU00106,2025-05-05,56,38.0
SKU00106,2025-05-12,70,66.0
SKU00106,2025-05-19,74,57.0
SKU00106,2025-05-26,79,44.0
SKU00106,2025-06-02,33,30.0
SKU00106,2025-06-09,38,82.0
SKU00106,2025-06-16,55,35.0
SKU00106,2025-06-23,35,59.0
SKU00106,2025-06-30,34,59.0
SKU00106,2025-07-07,61,65.0
SKU00106,2025-07-14,35,61.0
SKU00106,2025-07-21,59,47.0
SKU00106,2025-07-28,61,77.0
SKU00106,2025-08-04,55,93.0
SKU00106,2025-08-11,62,73.0
SKU00106,2025-08-18,60,89.0
SKU00106,2025-08-25,79,39.0
SKU00106,2025-09-01,61,78.0
SKU00106,2025-09-08,60,47.0
SKU00106,2025-09-15,31,37.0
SKU00106,2025-09-22,39,75.0
SKU00106,2025-09-29,47,70.0
SKU00106,2025-10-06,56,56.0
SKU00106,2025-10-13,59,78.0
SKU00106,2025-10-20,62,60.0
SKU00106,2025-10-27,58,66.0
SKU00106,2025-11-03,120,78.0
SKU00106,2025-11-10,100,81.0
SKU00106,2025-11-17,107,87.0
SKU00106,2025-11-24,119,93.0
SKU00106,2025-12-01,82,59.0
SKU00106,2025-12-08,64,67.0
SKU00106,2025-12-15,68,103.0
SKU00106,2025-12-22,97,74.0
SKU00106,2025-12-29,44,50.0
SKU00107,2024-01-01,36,
SKU00107,2024-01-08,42,
SKU00107,2024-01-15,36,
SKU00107,2024-01-22,53,
SKU00107,2024-01-29,12,
SKU00107,2024-02-05,76,
SKU00107,2024-02-12,58,
SKU00107,2024-02-19,31,
SKU00107,2024-02-26,46,
SKU00107,2024-03-04,44,
SKU00107,2024-03-11,62,
SKU00107,2024-03-18,50,
SKU00107,2024-03-25,40,
SKU00107,2024-04-01,60,
SKU00107,2024-04-08,56,
SKU00107,2024-04-15,59,
SKU00107,2024-04-22,61,
SKU00107,2024-04-29,31,
SKU00107,2024-05-06,65,
SKU00107,2024-05-13,62,
SKU00107,2024-05-20,56,
SKU00107,2024-05-27,49,
SKU00107,2024-06-03,42,
SKU00107,2024-06-10,41,
SKU00107,2024-06-17,28,
SKU00107,2024-06-24,90,
SKU00107,2024-07-01,56,
SKU00107,2024-07-08,59,
SKU00107,2024-07-15,64,
SKU00107,2024-07-22,51,
SKU00107,2024-07-29,65,
SKU00107,2024-08-05,93,
SKU00107,2024-08-12,48,
SKU00107,2024-08-19,67,
SKU00107,2024-08-26,41,
SKU00107,2024-09-02,71,
SKU00107,2024-09-09,57,
SKU00107,2024-09-16,47,
SKU00107,2024-09-23,63,
SKU00107,2024-09-30,50,
SKU00107,2024-10-07,45,
SKU00107,2024-10-14,86,
SKU00107,2024-10-21,34,
SKU00107,2024-10-28,59,
SKU00107,2024-11-04,115,
SKU00107,2024-11-11,90,
SKU00107,2024-11-18,56,
SKU00107,2024-11-25,83,
SKU00107,2024-12-02,84,
SKU00107,2024-12-09,106,
SKU00107,2024-12-16,127,
SKU00107,2024-12-23,95,
SKU00107,2024-12-30,62,36.0
SKU00107,2025-01-06,46,42.0
SKU00107,2025-01-13,48,36.0
SKU00107,2025-01-20,34,53.0
SKU00107,2025-01-27,21,12.0
SKU00107,2025-02-03,43,76.0
SKU00107,2025-02-10,47,58.0
SKU00107,2025-02-17,39,31.0
SKU00107,2025-02-24,63,46.0
SKU00107,2025-03-03,60,44.0
SKU00107,2025-03-10,58,62.0
SKU00107,2025-03-17,70,50.0
SKU00107,2025-03-24,67,40.0
SKU00107,2025-03-31,48,60.0
SKU00107,2025-04-07,62,56.0
SKU00107,2025-04-14,32,59.0
SKU00107,2025-04-21,63,61.0
SKU00107,2025-04-28,93,31.0
SKU00107,2025-05-05,45,65.0
SKU00107,2025-05-12,48,62.0
SKU00107,2025-05-19,42,56.0
SKU00107,2025-05-26,52,49.0
SKU00107,2025-06-02,53,42.0
SKU00107,2025-06-09,45,41.0
SKU00107,2025-06-16,76,28.0
SKU00107,2025-06-23,95,90.0
SKU00107,2025-06-30,54,56.0
SKU00107,2025-07-07,25,59.0
SKU00107,2025-07-14,67,64.0
SKU00107,2025-07-21,44,51.0
SKU00107,2025-07-28,50,65.0
SKU00107,2025-08-04,83,93.0
SKU00107,2025-08-11,33,48.0
SKU00107,2025-08-18,57,67.0
SKU00107,2025-08-25,56,41.0
SKU00107,2025-09-01,49,71.0
SKU00107,2025-09-08,88,57.0
SKU00107,2025-09-15,68,47.0
SKU00107,2025-09-22,41,63.0
SKU00107,2025-09-29,22,50.0
SKU00107,2025-10-06,49,45.0
SKU00107,2025-10-13,37,86.0
SKU00107,2025-10-20,64,34.0
SKU00107,2025-10-27,91,59.0
SKU00107,2025-11-03,100,115.0
SKU00107,2025-11-10,76,90.0
SKU00107,2025-11-17,86,56.0
SKU00107,2025-11-24,92,83.0
SKU00107,2025-12-01,81,84.0
SKU00107,2025-12-08,83,106.0
SKU00107,2025-12-15,132,127.0
SKU00107,2025-12-22,81,95.0
SKU00107,2025-12-29,31,62.0
SKU00108,2024-01-01,30,
SKU00108,2024-01-08,36,
SKU00108,2024-01-15,51,
SKU00108,2024-01-22,57,
SKU00108,2024-01-29,32,
SKU00108,2024-02-05,57,
SKU00108,2024-02-12,51,
SKU00108,2024-02-19,50,
SKU00108,2024-02-26,57,
SKU00108,2024-03-04,49,
SKU00108,2024-03-11,41,
SKU00108,2024-03-18,73,
SKU00108,2024-03-25,33,
SKU00108,2024-04-01,35,
SKU00108,2024-04-08,37,
SKU00108,2024-04-15,24,
SKU00108,2024-04-22,77,
SKU00108,2024-04-29,68,
SKU00108,2024-05-06,57,
SKU00108,2024-05-13,51,
SKU00108,2024-05-20,37,
SKU00108,2024-05-27,81,
SKU00108,2024-06-03,65,
SKU00108,2024-06-10,45,
SKU00108,2024-06-17,38,
SKU00108,2024-06-24,49,
SKU00108,2024-07-01,53,
SKU00108,2024-07-08,90,
SKU00108,2024-07-15,83,
SKU00108,2024-07-22,72,
SKU00108,2024-07-29,32,
SKU00108,2024-08-05,48,
SKU00108,2024-08-12,57,
SKU00108,2024-08-19,47,
SKU00108,2024-08-26,68,
SKU00108,2024-09-02,38,
SKU00108,2024-09-09,49,
SKU00108,2024-09-16,27,
SKU00108,2024-09-23,51,
SKU00108,2024-09-30,72,
SKU00108,2024-10-07,29,
SKU00108,2024-10-14,63,
SKU00108,2024-10-21,64,
SKU00108,2024-10-28,61,
SKU00108,2024-11-04,101,
SKU00108,2024-11-11,102,
SKU00108,2024-11-18,82,
SKU00108,2024-11-25,63,
SKU00108,2024-12-02,64,
SKU00108,2024-12-09,91,
SKU00108,2024-12-16,89,
SKU00108,2024-12-23,80,
SKU00108,2024-12-30,40,30.0
SKU00108,2025-01-06,53,36.0
SKU00108,2025-01-13,42,51.0
SKU00108,2025-01-20,36,57.0
SKU00108,2025-01-27,53,32.0
SKU00108,2025-02-03,69,57.0
SKU00108,2025-02-10,39,51.0
SKU00108,2025-02-17,42,50.0
SKU00108,2025-02-24,65,57.0
SKU00108,2025-03-03,58,49.0
SKU00108,2025-03-10,67,41.0
SKU00108,2025-03-17,54,73.0
SKU00108,2025-03-24,72,33.0
SKU00108,2025-03-31,71,35.0
SKU00108,2025-04-07,34,37.0
SKU00108,2025-04-14,31,24.0
SKU00108,2025-04-21,41,77.0
SKU00108,2025-04-28,51,68.0
SKU00108,2025-05-05,58,57.0
SKU00108,2025-05-12,44,51.0
SKU00108,2025-05-19,40,37.0
SKU00108,2025-05-26,54,81.0
SKU00108,2025-06-02,72,65.0
SKU00108,2025-06-09,45,45.0
SKU00108,2025-06-16,41,38.0
SKU00108,2025-06-23,81,49.0
SKU00108,2025-06-30,88,53.0
SKU00108,2025-07-07,50,90.0
SKU00108,2025-07-14,66,83.0
SKU00108,2025-07-21,51,72.0
SKU00108,2025-07-28,35,32.0
SKU00108,2025-08-04,68,48.0
SKU00108,2025-08-11,56,57.0
SKU00108,2025-08-18,44,47.0
SKU00108,2025-08-25,54,68.0
SKU00108,2025-09-01,35,38.0
SKU00108,2025-09-08,40,49.0
SKU00108,2025-09-15,50,27.0
SKU00108,2025-09-22,36,51.0
SKU00108,2025-09-29,74,72.0
SKU00108,2025-10-06,46,29.0
SKU00108,2025-10-13,52,63.0
SKU00108,2025-10-20,40,64.0
SKU00108,2025-10-27,76,61.0
SKU00108,2025-11-03,91,101.0
SKU00108,2025-11-10,120,102.0
SKU00108,2025-11-17,101,82.0
SKU00108,2025-11-24,126,63.0
SKU00108,2025-12-01,75,64.0
SKU00108,2025-12-08,71,91.0
SKU00108,2025-12-15,121,89.0
SKU00108,2025-12-22,114,80.0
SKU00108,2025-12-29,31,40.0
SKU00109,2024-01-01,52,
SKU00109,2024-01-08,48,
SKU00109,2024-01-15,47,
SKU00109,2024-01-22,21,
SKU00109,2024-01-29,36,
SKU00109,2024-02-05,41,
SKU00109,2024-02-12,47,
SKU00109,2024-02-19,57,
SKU00109,2024-02-26,93,
SKU00109,2024-03-04,31,
SKU00109,2024-03-11,52,
SKU00109,2024-03-18,68,
SKU00109,2024-03-25,39,
SKU00109,2024-04-01,37,
SKU00109,2024-04-08,76,
SKU00109,2024-04-15,80,
SKU00109,2024-04-22,71,
SKU00109,2024-04-29,77,
SKU00109,2024-05-06,38,
SKU00109,2024-05-13,61,
SKU00109,2024-05-20,51,
SKU00109,2024-05-27,59,
SKU00109,2024-06-03,66,
SKU00109,2024-06-10,45,
SKU00109,2024-06-17,60,
SKU00109,2024-06-24,36,
SKU00109,2024-07-01,49,
SKU00109,2024-07-08,68,
SKU00109,2024-07-15,63,
SKU00109,2024-07-22,49,
SKU00109,2024-07-29,71,
SKU00109,2024-08-05,56,
SKU00109,2024-08-12,50,
SKU00109,2024-08-19,46,
SKU00109,2024-08-26,38,
SKU00109,2024-09-02,45,
SKU00109,2024-09-09,87,
SKU00109,2024-09-16,43,
SKU00109,2024-09-23,63,
SKU00109,2024-09-30,40,
SKU00109,2024-10-07,64,
SKU00109,2024-10-14,58,
SKU00109,2024-10-21,43,
SKU00109,2024-10-28,67,
SKU00109,2024-11-04,56,
SKU00109,2024-11-11,37,
SKU00109,2024-11-18,91,
SKU00109,2024-11-25,63,
SKU00109,2024-12-02,95,
SKU00109,2024-12-09,74,
SKU00109,2024-12-16,45,
SKU00109,2024-12-23,101,
SKU00109,2024-12-30,54,52.0
SKU00109,2025-01-06,33,48.0
SKU00109,2025-01-13,36,47.0
SKU00109,2025-01-20,70,21.0
SKU00109,2025-01-27,40,36.0
SKU00109,2025-02-03,52,41.0
SKU00109,2025-02-10,62,47.0
SKU00109,2025-02-17,42,57.0
SKU00109,2025-02-24,53,93.0
SKU00109,2025-03-03,78,31.0
SKU00109,2025-03-10,40,52.0
SKU00109,2025-03-17,27,68.0
SKU00109,2025-03-24,33,39.0
SKU00109,2025-03-31,67,37.0
SKU00109,2025-04-07,44,76.0
SKU00109,2025-04-14,63,80.0
SKU00109,2025-04-21,33,71.0
SKU00109,2025-04-28,62,77.0
SKU00109,2025-05-05,76,38.0
SKU00109,2025-05-12,41,61.0
SKU00109,2025-05-19,69,51.0
SKU00109,2025-05-26,50,59.0
SKU00109,2025-06-02,73,66.0
SKU00109,2025-06-09,54,45.0
SKU00109,2025-06-16,40,60.0
SKU00109,2025-06-23,53,36.0
SKU00109,2025-06-30,67,49.0
SKU00109,2025-07-07,51,68.0
SKU00109,2025-07-14,59,63.0
SKU00109,2025-07-21,31,49.0
SKU00109,2025-07-28,41,71.0
SKU00109,2025-08-04,69,56.0
SKU00109,2025-08-11,58,50.0
SKU00109,2025-08-18,50,46.0
SKU00109,2025-08-25,55,38.0
SKU00109,2025-09-01,71,45.0
SKU00109,2025-09-08,53,87.0
SKU00109,2025-09-15,59,43.0
SKU00109,2025-09-22,49,63.0
SKU00109,2025-09-29,47,40.0
SKU00109,2025-10-06,50,64.0
SKU00109,2025-10-13,52,58.0
SKU00109,2025-10-20,62,43.0
SKU00109,2025-10-27,85,67.0
SKU00109,2025-11-03,117,56.0
SKU00109,2025-11-10,89,37.0
SKU00109,2025-11-17,100,91.0
SKU00109,2025-11-24,94,63.0
SKU00109,2025-12-01,74,95.0
SKU00109,2025-12-08,82,74.0
SKU00109,2025-12-15,83,45.0
SKU00109,2025-12-22,75,101.0
SKU00109,2025-12-29,37,54.0
SKU00110,2024-01-01,61,
SKU00110,2024-01-08,38,
SKU00110,2024-01-15,52,
SKU00110,2024-01-22,34,
SKU00110,2024-01-29,44,
SKU00110,2024-02-05,53,
SKU00110,2024-02-12,34,
SKU00110,2024-02-19,33,
SKU00110,2024-02-26,57,
SKU00110,2024-03-04,52,
SKU00110,2024-03-11,48,
SKU00110,2024-03-18,40,
SKU00110,2024-03-25,45,
SKU00110,2024-04-01,55,
SKU00110,2024-04-08,45,
SKU00110,2024-04-15,56,
SKU00110,2024-04-22,41,
SKU00110,2024-04-29,35,
SKU00110,2024-05-06,65,
SKU00110,2024-05-13,79,
SKU00110,2024-05-20,86,
SKU00110,2024-05-27,63,
SKU00110,2024-06-03,67,
SKU00110,2024-06-10,61,
SKU00110,2024-06-17,60,
SKU00110,2024-06-24,58,
SKU00110,2024-07-01,59,
SKU00110,2024-07-08,45,
SKU00110,2024-07-15,61,
SKU00110,2024-07-22,58,
SKU00110,2024-07-29,77,
SKU00110,2024-08-05,45,
SKU00110,2024-08-12,76,
SKU00110,2024-08-19,36,
SKU00110,2024-08-26,47,
SKU00110,2024-09-02,38,
SKU00110,2024-09-09,58,
SKU00110,2024-09-16,81,
SKU00110,2024-09-23,67,
SKU00110,2024-09-30,51,
SKU00110,2024-10-07,36,
SKU00110,2024-10-14,51,
SKU00110,2024-10-21,42,
SKU00110,2024-10-28,65,
SKU00110,2024-11-04,93,
SKU00110,2024-11-11,80,
SKU00110,2024-11-18,69,
SKU00110,2024-11-25,84,
SKU00110,2024-12-02,83,
SKU00110,2024-12-09,83,
SKU00110,2024-12-16,84,
SKU00110,2024-12-23,89,
SKU00110,2024-12-30,61,61.0
SKU00110,2025-01-06,50,38.0
SKU00110,2025-01-13,41,52.0
SKU00110,2025-01-20,43,34.0
SKU00110,2025-01-27,44,44.0
SKU00110,2025-02-03,44,53.0
SKU00110,2025-02-10,36,34.0
SKU00110,2025-02-17,49,33.0
SKU00110,2025-02-24,50,57.0
SKU00110,2025-03-03,35,52.0
SKU00110,2025-03-10,82,48.0
SKU00110,2025-03-17,58,40.0
SKU00110,2025-03-24,43,45.0
SKU00110,2025-03-31,75,55.0
SKU00110,2025-04-07,37,45.0
SKU00110,2025-04-14,48,56.0
SKU00110,2025-04-21,47,41.0
SKU00110,2025-04-28,72,35.0
SKU00110,2025-05-05,53,65.0
SKU00110,2025-05-12,56,79.0
SKU00110,2025-05-19,59,86.0
SKU00110,2025-05-26,40,63.0
SKU00110,2025-06-02,78,67.0
SKU00110,2025-06-09,68,61.0
SKU00110,2025-06-16,50,60.0
SKU00110,2025-06-23,49,58.0
SKU00110,2025-06-30,53,59.0
SKU00110,2025-07-07,47,45.0
SKU00110,2025-07-14,67,61.0
SKU00110,2025-07-21,38,58.0
SKU00110,2025-07-28,46,77.0
SKU00110,2025-08-04,39,45.0
SKU00110,2025-08-11,70,76.0
SKU00110,2025-08-18,40,36.0
SKU00110,2025-08-25,66,47.0
SKU00110,2025-09-01,59,38.0
SKU00110,2025-09-08,70,58.0
SKU00110,2025-09-15,45,81.0
SKU00110,2025-09-22,50,67.0
SKU00110,2025-09-29,60,51.0
SKU00110,2025-10-06,54,36.0
SKU00110,2025-10-13,55,51.0
SKU00110,2025-10-20,64,42.0
SKU00110,2025-10-27,104,65.0
SKU00110,2025-11-03,72,93.0
SKU00110,2025-11-10,81,80.0
SKU00110,2025-11-17,113,69.0
SKU00110,2025-11-24,97,84.0
SKU00110,2025-12-01,104,83.0
SKU00110,2025-12-08,88,83.0
SKU00110,2025-12-15,64,84.0
SKU00110,2025-12-22,89,89.0
SKU00110,2025-12-29,34,61.0
SKU00111,2024-01-01,49,
SKU00111,2024-01-08,52,
SKU00111,2024-01-15,41,
SKU00111,2024-01-22,71,
SKU00111,2024-01-29,57,
SKU00111,2024-02-05,51,
SKU00111,2024-02-12,48,
SKU00111,2024-02-19,34,
SKU00111,2024-02-26,36,
SKU00111,2024-03-04,85,
SKU00111,2024-03-11,45,
SKU00111,2024-03-18,61,
SKU00111,2024-03-25,73,
SKU00111,2024-04-01,69,
SKU00111,2024-04-08,79,
SKU00111,2024-04-15,62,
SKU00111,2024-04-22,60,
SKU00111,2024-04-29,59,
SKU00111,2024-05-06,44,
SKU00111,2024-05-13,61,
SKU00111,2024-05-20,57,
SKU00111,2024-05-27,72,
SKU00111,2024-06-03,36,
SKU00111,2024-06-10,50,
SKU00111,2024-06-17,34,
SKU00111,2024-06-24,47,
SKU00111,2024-07-01,34,
SKU00111,2024-07-08,42,
SKU00111,2024-07-15,52,
SKU00111,2024-07-22,59,
SKU00111,2024-07-29,64,
SKU00111,2024-08-05,75,
SKU00111,2024-08-12,44,
SKU00111,2024-08-19,79,
SKU00111,2024-08-26,54,
SKU00111,2024-09-02,55,
SKU00111,2024-09-09,47,
SKU00111,2024-09-16,57,
SKU00111,2024-09-23,84,
SKU00111,2024-09-30,44,
SKU00111,2024-10-07,40,
SKU00111,2024-10-14,55,
SKU00111,2024-10-21,68,
SKU00111,2024-10-28,74,
SKU00111,2024-11-04,97,
SKU00111,2024-11-11,96,
SKU00111,2024-11-18,68,
SKU00111,2024-11-25,41,
SKU00111,2024-12-02,75,
SKU00111,2024-12-09,60,
SKU00111,2024-12-16,105,
SKU00111,2024-12-23,73,
SKU00111,2024-12-30,64,49.0
SKU00111,2025-01-06,88,52.0
SKU00111,2025-01-13,24,41.0
SKU00111,2025-01-20,53,71.0
SKU00111,2025-01-27,61,57.0
SKU00111,2025-02-03,46,51.0
SKU00111,2025-02-10,70,48.0
SKU00111,2025-02-17,62,34.0
SKU00111,2025-02-24,68,36.0
SKU00111,2025-03-03,55,85.0
SKU00111,2025-03-10,73,45.0
SKU00111,2025-03-17,57,61.0
SKU00111,2025-03-24,59,73.0
SKU00111,2025-03-31,48,69.0
SKU00111,2025-04-07,64,79.0
SKU00111,2025-04-14,56,62.0
SKU00111,2025-04-21,33,60.0
SKU00111,2025-04-28,39,59.0
SKU00111,2025-05-05,46,44.0
SKU00111,2025-05-12,56,61.0
SKU00111,2025-05-19,73,57.0
SKU00111,2025-05-26,55,72.0
SKU00111,2025-06-02,40,36.0
SKU00111,2025-06-09,74,50.0
SKU00111,2025-06-16,42,34.0
SKU00111,2025-06-23,37,47.0
SKU00111,2025-06-30,51,34.0
SKU00111,2025-07-07,111,42.0
SKU00111,2025-07-14,48,52.0
SKU00111,2025-07-21,13,59.0
SKU00111,2025-07-28,31,64.0
SKU00111,2025-08-04,64,75.0
SKU00111,2025-08-11,41,44.0
SKU00111,2025-08-18,47,79.0
SKU00111,2025-08-25,54,54.0
SKU00111,2025-09-01,71,55.0
SKU00111,2025-09-08,38,47.0
SKU00111,2025-09-15,48,57.0
SKU00111,2025-09-22,79,84.0
SKU00111,2025-09-29,61,44.0
SKU00111,2025-10-06,52,40.0
SKU00111,2025-10-13,43,55.0
SKU00111,2025-10-20,64,68.0
SKU00111,2025-10-27,82,74.0
SKU00111,2025-11-03,75,97.0
SKU00111,2025-11-10,95,96.0
SKU00111,2025-11-17,94,68.0
SKU00111,2025-11-24,69,41.0
SKU00111,2025-12-01,70,75.0
SKU00111,2025-12-08,103,60.0
SKU00111,2025-12-15,110,105.0
SKU00111,2025-12-22,99,73.0
SKU00111,2025-12-29,41,64.0
SKU00112,2024-01-01,44,
SKU00112,2024-01-08,62,
SKU00112,2024-01-15,82,
SKU00112,2024-01-22,52,
SKU00112,2024-01-29,57,
SKU00112,2024-02-05,38,
SKU00112,2024-02-12,58,
SKU00112,2024-02-19,39,
SKU00112,2024-02-26,82,
SKU00112,2024-03-04,85,
SKU00112,2024-03-11,70,
SKU00112,2024-03-18,69,
SKU00112,2024-03-25,44,
SKU00112,2024-04-01,35,
SKU00112,2024-04-08,23,
SKU00112,2024-04-15,48,
SKU00112,2024-04-22,61,
SKU00112,2024-04-29,33,
SKU00112,2024-05-06,38,
SKU00112,2024-05-13,56,
SKU00112,2024-05-20,62,
SKU00112,2024-05-27,85,
SKU00112,2024-06-03,73,
SKU00112,2024-06-10,57,
SKU00112,2024-06-17,32,
SKU00112,2024-06-24,88,
SKU00112,2024-07-01,83,
SKU00112,2024-07-08,66,
SKU00112,2024-07-15,91,
SKU00112,2024-07-22,50,
SKU00112,2024-07-29,69,
SKU00112,2024-08-05,50,
SKU00112,2024-08-12,68,
SKU00112,2024-08-19,23,
SKU00112,2024-08-26,45,
SKU00112,2024-09-02,34,
SKU00112,2024-09-09,71,
SKU00112,2024-09-16,62,
SKU00112,2024-09-23,50,
SKU00112,2024-09-30,35,
SKU00112,2024-10-07,56,
SKU00112,2024-10-14,63,
SKU00112,2024-10-21,53,
SKU00112,2024-10-28,46,
SKU00112,2024-11-04,124,
SKU00112,2024-11-11,83,
SKU00112,2024-11-18,104,
SKU00112,2024-11-25,80,
SKU00112,2024-12-02,112,
SKU00112,2024-12-09,66,
SKU00112,2024-12-16,85,
SKU00112,2024-12-23,112,
SKU00112,2024-12-30,46,44.0
SKU00112,2025-01-06,41,62.0
SKU00112,2025-01-13,30,82.0
SKU00112,2025-01-20,63,52.0
SKU00112,2025-01-27,50,57.0
SKU00112,2025-02-03,49,38.0
SKU00112,2025-02-10,56,58.0
SKU00112,2025-02-17,58,39.0
SKU00112,2025-02-24,47,82.0
SKU00112,2025-03-03,61,85.0
SKU00112,2025-03-10,41,70.0
SKU00112,2025-03-17,30,69.0
SKU00112,2025-03-24,48,44.0
SKU00112,2025-03-31,51,35.0
SKU00112,2025-04-07,25,23.0
SKU00112,2025-04-14,27,48.0
SKU00112,2025-04-21,57,61.0
SKU00112,2025-04-28,77,33.0
SKU00112,2025-05-05,38,38.0
SKU00112,2025-05-12,44,56.0
SKU00112,2025-05-19,42,62.0
SKU00112,2025-05-26,47,85.0
SKU00112,2025-06-02,68,73.0
SKU00112,2025-06-09,31,57.0
SKU00112,2025-06-16,50,32.0
SKU00112,2025-06-23,32,88.0
SKU00112,2025-06-30,78,83.0
SKU00112,2025-07-07,51,66.0
SKU00112,2025-07-14,45,91.0
SKU00112,2025-07-21,34,50.0
SKU00112,2025-07-28,43,69.0
SKU00112,2025-08-04,86,50.0
SKU00112,2025-08-11,44,68.0
SKU00112,2025-08-18,56,23.0
SKU00112,2025-08-25,67,45.0
SKU00112,2025-09-01,60,34.0
SKU00112,2025-09-08,74,71.0
SKU00112,2025-09-15,59,62.0
SKU00112,2025-09-22,62,50.0
SKU00112,2025-09-29,58,35.0
SKU00112,2025-10-06,42,56.0
SKU00112,2025-10-13,35,63.0
SKU00112,2025-10-20,66,53.0
SKU00112,2025-10-27,80,46.0
SKU00112,2025-11-03,96,124.0
SKU00112,2025-11-10,133,83.0
SKU00112,2025-11-17,103,104.0
SKU00112,2025-11-24,104,80.0
SKU00112,2025-12-01,93,112.0
SKU00112,2025-12-08,103,66.0
SKU00112,2025-12-15,100,85.0
SKU00112,2025-12-22,80,112.0
SKU00112,2025-12-29,56,46.0
SKU00113,2024-01-01,52,
SKU00113,2024-01-08,55,
SKU00113,2024-01-15,35,
SKU00113,2024-01-22,48,
SKU00113,2024-01-29,65,
SKU00113,2024-02-05,38,
SKU00113,2024-02-12,37,
SKU00113,2024-02-19,54,
SKU00113,2024-02-26,75,
SKU00113,2024-03-04,40,
SKU00113,2024-03-11,60,
SKU00113,2024-03-18,67,
SKU00113,2024-03-25,66,
SKU00113,2024-04-01,41,
SKU00113,2024-04-08,47,
SKU00113,2024-04-15,49,
SKU00113,2024-04-22,59,
SKU00113,2024-04-29,47,
SKU00113,2024-05-06,45,
SKU00113,2024-05-13,46,
SKU00113,2024-05-20,67,
SKU00113,2024-05-27,79,
SKU00113,2024-06-03,75,
SKU00113,2024-06-10,82,
SKU00113,2024-06-17,34,
SKU00113,2024-06-24,47,
SKU00113,2024-07-01,50,
SKU00113,2024-07-08,73,
SKU00113,2024-07-15,57,
SKU00113,2024-07-22,48,
SKU00113,2024-07-29,31,
SKU00113,2024-08-05,80,
SKU00113,2024-08-12,50,
SKU00113,2024-08-19,67,
SKU00113,2024-08-26,50,
SKU00113,2024-09-02,81,
SKU00113,2024-09-09,18,
SKU00113,2024-09-16,58,
SKU00113,2024-09-23,40,
SKU00113,2024-09-30,76,
SKU00113,2024-10-07,51,
SKU00113,2024-10-14,37,
SKU00113,2024-10-21,62,
SKU00113,2024-10-28,72,
SKU00113,2024-11-04,81,
SKU00113,2024-11-11,64,
SKU00113,2024-11-18,103,
SKU00113,2024-11-25,106,
SKU00113,2024-12-02,68,
SKU00113,2024-12-09,76,
SKU00113,2024-12-16,63,
SKU00113,2024-12-23,78,
SKU00113,2024-12-30,29,52.0
SKU00113,2025-01-06,42,55.0
SKU00113,2025-01-13,20,35.0
SKU00113,2025-01-20,26,48.0
SKU00113,2025-01-27,46,65.0
SKU00113,2025-02-03,39,38.0
SKU00113,2025-02-10,57,37.0
SKU00113,2025-02-17,55,54.0
SKU00113,2025-02-24,74,75.0
SKU00113,2025-03-03,69,40.0
SKU00113,2025-03-10,47,60.0
SKU00113,2025-03-17,45,67.0
SKU00113,2025-03-24,22,66.0
SKU00113,2025-03-31,56,41.0
SKU00113,2025-04-07,33,47.0
SKU00113,2025-04-14,40,49.0
SKU00113,2025-04-21,24,59.0
SKU00113,2025-04-28,43,47.0
SKU00113,2025-05-05,60,45.0
SKU00113,2025-05-12,52,46.0
SKU00113,2025-05-19,59,67.0
SKU00113,2025-05-26,20,79.0
SKU00113,2025-06-02,55,75.0
SKU00113,2025-06-09,40,82.0
SKU00113,2025-06-16,36,34.0
SKU00113,2025-06-23,45,47.0
SKU00113,2025-06-30,33,50.0
SKU00113,2025-07-07,49,73.0
SKU00113,2025-07-14,43,57.0
SKU00113,2025-07-21,36,48.0
SKU00113,2025-07-28,52,31.0
SKU00113,2025-08-04,36,80.0
SKU00113,2025-08-11,27,50.0
SKU00113,2025-08-18,35,67.0
SKU00113,2025-08-25,80,50.0
SKU00113,2025-09-01,42,81.0
SKU00113,2025-09-08,70,18.0
SKU00113,2025-09-15,39,58.0
SKU00113,2025-09-22,42,40.0
SKU00113,2025-09-29,68,76.0
SKU00113,2025-10-06,46,51.0
SKU00113,2025-10-13,26,37.0
SKU00113,2025-10-20,59,62.0
SKU00113,2025-10-27,83,72.0
SKU00113,2025-11-03,74,81.0
SKU00113,2025-11-10,95,64.0
SKU00113,2025-11-17,72,103.0
SKU00113,2025-11-24,112,106.0
SKU00113,2025-12-01,111,68.0
SKU00113,2025-12-08,71,76.0
SKU00113,2025-12-15,84,63.0
SKU00113,2025-12-22,115,78.0
SKU00113,2025-12-29,14,29.0
SKU00114,2024-01-01,46,
SKU00114,2024-01-08,53,
SKU00114,2024-01-15,47,
SKU00114,2024-01-22,39,
SKU00114,2024-01-29,30,
SKU00114,2024-02-05,44,
SKU00114,2024-02-12,56,
SKU00114,2024-02-19,11,
SKU00114,2024-02-26,28,
SKU00114,2024-03-04,59,
SKU00114,2024-03-11,49,
SKU00114,2024-03-18,61,
SKU00114,2024-03-25,42,
SKU00114,2024-04-01,53,
SKU00114,2024-04-08,72,
SKU00114,2024-04-15,37,
SKU00114,2024-04-22,44,
SKU00114,2024-04-29,44,
SKU00114,2024-05-06,50,
SKU00114,2024-05-13,44,
SKU00114,2024-05-20,30,
SKU00114,2024-05-27,69,
SKU00114,2024-06-03,28,
SKU00114,2024-06-10,59,
SKU00114,2024-06-17,83,
SKU00114,2024-06-24,66,
SKU00114,2024-07-01,55,
SKU00114,2024-07-08,84,
SKU00114,2024-07-15,46,
SKU00114,2024-07-22,41,
SKU00114,2024-07-29,39,
SKU00114,2024-08-05,47,
SKU00114,2024-08-12,64,
SKU00114,2024-08-19,48,
SKU00114,2024-08-26,54,
SKU00114,2024-09-02,46,
SKU00114,2024-09-09,44,
SKU00114,2024-09-16,28,
SKU00114,2024-09-23,45,
SKU00114,2024-09-30,80,
SKU00114,2024-10-07,54,
SKU00114,2024-10-14,57,
SKU00114,2024-10-21,97,
SKU00114,2024-10-28,74,
SKU00114,2024-11-04,94,
SKU00114,2024-11-11,83,
SKU00114,2024-11-18,112,
SKU00114,2024-11-25,86,
SKU00114,2024-12-02,91,
SKU00114,2024-12-09,124,
SKU00114,2024-12-16,129,
SKU00114,2024-12-23,55,
SKU00114,2024-12-30,72,46.0
SKU00114,2025-01-06,61,53.0
SKU00114,2025-01-13,48,47.0
SKU00114,2025-01-20,42,39.0
SKU00114,2025-01-27,69,30.0
SKU00114,2025-02-03,17,44.0
SKU00114,2025-02-10,67,56.0
SKU00114,2025-02-17,28,11.0
SKU00114,2025-02-24,34,28.0
SKU00114,2025-03-03,71,59.0
SKU00114,2025-03-10,64,49.0
SKU00114,2025-03-17,44,61.0
SKU00114,2025-03-24,46,42.0
SKU00114,2025-03-31,55,53.0
SKU00114,2025-04-07,40,72.0
SKU00114,2025-04-14,82,37.0
SKU00114,2025-04-21,74,44.0
SKU00114,2025-04-28,63,44.0
SKU00114,2025-05-05,39,50.0
SKU00114,2025-05-12,44,44.0
SKU00114,2025-05-19,45,30.0
SKU00114,2025-05-26,63,69.0
SKU00114,2025-06-02,56,28.0
SKU00114,2025-06-09,45,59.0
SKU00114,2025-06-16,56,83.0
SKU00114,2025-06-23,24,66.0
SKU00114,2025-06-30,100,55.0
SKU00114,2025-07-07,34,84.0
SKU00114,2025-07-14,32,46.0
SKU00114,2025-07-21,56,41.0
SKU00114,2025-07-28,65,39.0
SKU00114,2025-08-04,56,47.0
SKU00114,2025-08-11,76,64.0
SKU00114,2025-08-18,52,48.0
SKU00114,2025-08-25,64,54.0
SKU00114,2025-09-01,74,46.0
SKU00114,2025-09-08,46,44.0
SKU00114,2025-09-15,55,28.0
SKU00114,2025-09-22,33,45.0
SKU00114,2025-09-29,48,80.0
SKU00114,2025-10-06,62,54.0
SKU00114,2025-10-13,63,57.0
SKU00114,2025-10-20,78,97.0
SKU00114,2025-10-27,48,74.0
SKU00114,2025-11-03,87,94.0
SKU00114,2025-11-10,62,83.0
SKU00114,2025-11-17,79,112.0
SKU00114,2025-11-24,49,86.0
SKU00114,2025-12-01,105,91.0
SKU00114,2025-12-08,73,124.0
SKU00114,2025-12-15,71,129.0
SKU00114,2025-12-22,107,55.0
SKU00114,2025-12-29,44,72.0
SKU00115,2024-01-01,65,
SKU00115,2024-01-08,48,
SKU00115,2024-01-15,44,
SKU00115,2024-01-22,22,
SKU00115,2024-01-29,64,
SKU00115,2024-02-05,36,
SKU00115,2024-02-12,49,
SKU00115,2024-02-19,61,
SKU00115,2024-02-26,81,
SKU00115,2024-03-04,43,
SKU00115,2024-03-11,48,
SKU00115,2024-03-18,39,
SKU00115,2024-03-25,62,
SKU00115,2024-04-01,83,
SKU00115,2024-04-08,59,
SKU00115,2024-04-15,46,
SKU00115,2024-04-22,38,
SKU00115,2024-04-29,48,
SKU00115,2024-05-06,70,
SKU00115,2024-05-13,94,
SKU00115,2024-05-20,42,
SKU00115,2024-05-27,42,
SKU00115,2024-06-03,36,
SKU00115,2024-06-10,34,
SKU00115,2024-06-17,66,
SKU00115,2024-06-24,56,
SKU00115,2024-07-01,42,
SKU00115,2024-07-08,54,
SKU00115,2024-07-15,33,
SKU00115,2024-07-22,48,
SKU00115,2024-07-29,43,
SKU00115,2024-08-05,58,
SKU00115,2024-08-12,63,
SKU00115,2024-08-19,58,
SKU00115,2024-08-26,81,
SKU00115,2024-09-02,54,
SKU00115,2024-09-09,43,
SKU00115,2024-09-16,63,
SKU00115,2024-09-23,54,
SKU00115,2024-09-30,34,
SKU00115,2024-10-07,92,
SKU00115,2024-10-14,61,
SKU00115,2024-10-21,45,
SKU00115,2024-10-28,91,
SKU00115,2024-11-04,82,
SKU00115,2024-11-11,86,
SKU00115,2024-11-18,68,
SKU00115,2024-11-25,89,
SKU00115,2024-12-02,60,
SKU00115,2024-12-09,107,
SKU00115,2024-12-16,94,
SKU00115,2024-12-23,64,
SKU00115,2024-12-30,76,65.0
SKU00115,2025-01-06,41,48.0
SKU00115,2025-01-13,60,44.0
SKU00115,2025-01-20,44,22.0
SKU00115,2025-01-27,31,64.0
SKU00115,2025-02-03,33,36.0
SKU00115,2025-02-10,29,49.0
SKU00115,2025-02-17,35,61.0
SKU00115,2025-02-24,63,81.0
SKU00115,2025-03-03,45,43.0
SKU00115,2025-03-10,62,48.0
SKU00115,2025-03-17,71,39.0
SKU00115,2025-03-24,78,62.0
SKU00115,2025-03-31,63,83.0
SKU00115,2025-04-07,44,59.0
SKU00115,2025-04-14,68,46.0
SKU00115,2025-04-21,30,38.0
SKU00115,2025-04-28,64,48.0
SKU00115,2025-05-05,48,70.0
SKU00115,2025-05-12,54,94.0
SKU00115,2025-05-19,60,42.0
SKU00115,2025-05-26,61,42.0
SKU00115,2025-06-02,42,36.0
SKU00115,2025-06-09,59,34.0
SKU00115,2025-06-16,23,66.0
SKU00115,2025-06-23,49,56.0
SKU00115,2025-06-30,38,42.0
SKU00115,2025-07-07,59,54.0
SKU00115,2025-07-14,62,33.0
SKU00115,2025-07-21,57,48.0
SKU00115,2025-07-28,62,43.0
SKU00115,2025-08-04,63,58.0
SKU00115,2025-08-11,68,63.0
SKU00115,2025-08-18,62,58.0
SKU00115,2025-08-25,50,81.0
SKU00115,2025-09-01,48,54.0
SKU00115,2025-09-08,51,43.0
SKU00115,2025-09-15,45,63.0
SKU00115,2025-09-22,43,54.0
SKU00115,2025-09-29,29,34.0
SKU00115,2025-10-06,41,92.0
SKU00115,2025-10-13,48,61.0
SKU00115,2025-10-20,45,45.0
SKU00115,2025-10-27,57,91.0
SKU00115,2025-11-03,103,82.0
SKU00115,2025-11-10,72,86.0
SKU00115,2025-11-17,57,68.0
SKU00115,2025-11-24,36,89.0
SKU00115,2025-12-01,113,60.0
SKU00115,2025-12-08,69,107.0
SKU00115,2025-12-15,110,94.0
SKU00115,2025-12-22,93,64.0
SKU00115,2025-12-29,27,76.0
SKU00116,2024-01-01,31,
SKU00116,2024-01-08,49,
SKU00116,2024-01-15,61,
SKU00116,2024-01-22,56,
SKU00116,2024-01-29,71,
SKU00116,2024-02-05,46,
SKU00116,2024-02-12,34,
SKU00116,2024-02-19,28,
SKU00116,2024-02-26,29,
SKU00116,2024-03-04,66,
SKU00116,2024-03-11,47,
SKU00116,2024-03-18,85,
SKU00116,2024-03-25,41,
SKU00116,2024-04-01,27,
SKU00116,2024-04-08,57,
SKU00116,2024-04-15,77,
SKU00116,2024-04-22,72,
SKU00116,2024-04-29,53,
SKU00116,2024-05-06,47,
SKU00116,2024-05-13,74,
SKU00116,2024-05-20,26,
SKU00116,2024-05-27,28,
SKU00116,2024-06-03,38,
SKU00116,2024-06-10,58,
SKU00116,2024-06-17,51,
SKU00116,2024-06-24,47,
SKU00116,2024-07-01,62,
SKU00116,2024-07-08,45,
SKU00116,2024-07-15,54,
SKU00116,2024-07-22,49,
SKU00116,2024-07-29,53,
SKU00116,2024-08-05,43,
SKU00116,2024-08-12,34,
SKU00116,2024-08-19,56,
SKU00116,2024-08-26,44,
SKU00116,2024-09-02,92,
SKU00116,2024-09-09,51,
SKU00116,2024-09-16,41,
SKU00116,2024-09-23,51,
SKU00116,2024-09-30,55,
SKU00116,2024-10-07,55,
SKU00116,2024-10-14,45,
SKU00116,2024-10-21,66,
SKU00116,2024-10-28,47,
SKU00116,2024-11-04,116,
SKU00116,2024-11-11,72,
SKU00116,2024-11-18,105,
SKU00116,2024-11-25,51,
SKU00116,2024-12-02,76,
SKU00116,2024-12-09,79,
SKU00116,2024-12-16,121,
SKU00116,2024-12-23,77,
SKU00116,2024-12-30,41,31.0
SKU00116,2025-01-06,52,49.0
SKU00116,2025-01-13,35,61.0
SKU00116,2025-01-20,95,56.0
SKU00116,2025-01-27,35,71.0
SKU00116,2025-02-03,42,46.0
SKU00116,2025-02-10,39,34.0
SKU00116,2025-02-17,54,28.0
SKU00116,2025-02-24,49,29.0
SKU00116,2025-03-03,38,66.0
SKU00116,2025-03-10,35,47.0
SKU00116,2025-03-17,27,85.0
SKU00116,2025-03-24,73,41.0
SKU00116,2025-03-31,17,27.0
SKU00116,2025-04-07,82,57.0
SKU00116,2025-04-14,66,77.0
SKU00116,2025-04-21,55,72.0
SKU00116,2025-04-28,92,53.0
SKU00116,2025-05-05,69,47.0
SKU00116,2025-05-12,33,74.0
SKU00116,2025-05-19,48,26.0
SKU00116,2025-05-26,50,28.0
SKU00116,2025-06-02,64,38.0
SKU00116,2025-06-09,39,58.0
SKU00116,2025-06-16,54,51.0
SKU00116,2025-06-23,81,47.0
SKU00116,2025-06-30,69,62.0
SKU00116,2025-07-07,65,45.0
SKU00116,2025-07-14,29,54.0
SKU00116,2025-07-21,76,49.0
SKU00116,2025-07-28,59,53.0
SKU00116,2025-08-04,27,43.0
SKU00116,2025-08-11,33,34.0
SKU00116,2025-08-18,73,56.0
SKU00116,2025-08-25,52,44.0
SKU00116,2025-09-01,67,92.0
SKU00116,2025-09-08,73,51.0
SKU00116,2025-09-15,72,41.0
SKU00116,2025-09-22,77,51.0
SKU00116,2025-09-29,75,55.0
SKU00116,2025-10-06,46,55.0
SKU00116,2025-10-13,63,45.0
SKU00116,2025-10-20,47,66.0
SKU00116,2025-10-27,60,47.0
SKU00116,2025-11-03,104,116.0
SKU00116,2025-11-10,94,72.0
SKU00116,2025-11-17,76,105.0
SKU00116,2025-11-24,126,51.0
SKU00116,2025-12-01,77,76.0
SKU00116,2025-12-08,63,79.0
SKU00116,2025-12-15,83,121.0
SKU00116,2025-12-22,72,77.0
SKU00116,2025-12-29,42,41.0
SKU00117,2024-01-01,46,
SKU00117,2024-01-08,30,
SKU00117,2024-01-15,53,
SKU00117,2024-01-22,72,
SKU00117,2024-01-29,53,
SKU00117,2024-02-05,54,
SKU00117,2024-02-12,43,
SKU00117,2024-02-19,25,
SKU00117,2024-02-26,58,
SKU00117,2024-03-04,46,
SKU00117,2024-03-11,64,
SKU00117,2024-03-18,39,
SKU00117,2024-03-25,37,
SKU00117,2024-04-01,26,
SKU00117,2024-04-08,81,
SKU00117,2024-04-15,71,
SKU00117,2024-04-22,46,
SKU00117,2024-04-29,77,
SKU00117,2024-05-06,80,
SKU00117,2024-05-13,45,
SKU00117,2024-05-20,73,
SKU00117,2024-05-27,40,
SKU00117,2024-06-03,42,
SKU00117,2024-06-10,50,
SKU00117,2024-06-17,61,
SKU00117,2024-06-24,55,
SKU00117,2024-07-01,55,
SKU00117,2024-07-08,60,
SKU00117,2024-07-15,47,
SKU00117,2024-07-22,54,
SKU00117,2024-07-29,21,
SKU00117,2024-08-05,37,
SKU00117,2024-08-12,40,
SKU00117,2024-08-19,33,
SKU00117,2024-08-26,54,
SKU00117,2024-09-02,46,
SKU00117,2024-09-09,50,
SKU00117,2024-09-16,40,
SKU00117,2024-09-23,63,
SKU00117,2024-09-30,55,
SKU00117,2024-10-07,46,
SKU00117,2024-10-14,55,
SKU00117,2024-10-21,39,
SKU00117,2024-10-28,82,
SKU00117,2024-11-04,95,
SKU00117,2024-11-11,70,
SKU00117,2024-11-18,95,
SKU00117,2024-11-25,96,
SKU00117,2024-12-02,131,
SKU00117,2024-12-09,96,
SKU00117,2024-12-16,88,
SKU00117,2024-12-23,89,
SKU00117,2024-12-30,50,46.0
SKU00117,2025-01-06,52,30.0
SKU00117,2025-01-13,49,53.0
SKU00117,2025-01-20,20,72.0
SKU00117,2025-01-27,37,53.0
SKU00117,2025-02-03,56,54.0
SKU00117,2025-02-10,38,43.0
SKU00117,2025-02-17,53,25.0
SKU00117,2025-02-24,40,58.0
SKU00117,2025-03-03,91,46.0
SKU00117,2025-03-10,70,64.0
SKU00117,2025-03-17,43,39.0
SKU00117,2025-03-24,56,37.0
SKU00117,2025-03-31,46,26.0
SKU00117,2025-04-07,45,81.0
SKU00117,2025-04-14,48,71.0
SKU00117,2025-04-21,56,46.0
SKU00117,2025-04-28,54,77.0
SKU00117,2025-05-05,97,80.0
SKU00117,2025-05-12,55,45.0
SKU00117,2025-05-19,55,73.0
SKU00117,2025-05-26,51,40.0
SKU00117,2025-06-02,47,42.0
SKU00117,2025-06-09,50,50.0
SKU00117,2025-06-16,53,61.0
SKU00117,2025-06-23,56,55.0
SKU00117,2025-06-30,35,55.0
SKU00117,2025-07-07,62,60.0
SKU00117,2025-07-14,62,47.0
SKU00117,2025-07-21,37,54.0
SKU00117,2025-07-28,48,21.0
SKU00117,2025-08-04,73,37.0
SKU00117,2025-08-11,34,40.0
SKU00117,2025-08-18,37,33.0
SKU00117,2025-08-25,67,54.0
SKU00117,2025-09-01,61,46.0
SKU00117,2025-09-08,53,50.0
SKU00117,2025-09-15,23,40.0
SKU00117,2025-09-22,28,63.0
SKU00117,2025-09-29,45,55.0
SKU00117,2025-10-06,54,46.0
SKU00117,2025-10-13,64,55.0
SKU00117,2025-10-20,40,39.0
SKU00117,2025-10-27,57,82.0
SKU00117,2025-11-03,89,95.0
SKU00117,2025-11-10,53,70.0
SKU00117,2025-11-17,93,95.0
SKU00117,2025-11-24,106,96.0
SKU00117,2025-12-01,95,131.0
SKU00117,2025-12-08,72,96.0
SKU00117,2025-12-15,83,88.0
SKU00117,2025-12-22,89,89.0
SKU00117,2025-12-29,33,50.0
SKU00118,2024-01-01,40,
SKU00118,2024-01-08,31,
SKU00118,2024-01-15,61,
SKU00118,2024-01-22,55,
SKU00118,2024-01-29,32,
SKU00118,2024-02-05,38,
SKU00118,2024-02-12,51,
SKU00118,2024-02-19,68,
SKU00118,2024-02-26,68,
SKU00118,2024-03-04,38,
SKU00118,2024-03-11,44,
SKU00118,2024-03-18,40,
SKU00118,2024-03-25,75,
SKU00118,2024-04-01,46,
SKU00118,2024-04-08,44,
SKU00118,2024-04-15,52,
SKU00118,2024-04-22,90,
SKU00118,2024-04-29,38,
SKU00118,2024-05-06,88,
SKU00118,2024-05-13,58,
SKU00118,2024-05-20,76,
SKU00118,2024-05-27,94,
SKU00118,2024-06-03,34,
SKU00118,2024-06-10,54,
SKU00118,2024-06-17,53,
SKU00118,2024-06-24,23,
SKU00118,2024-07-01,82,
SKU00118,2024-07-08,33,
SKU00118,2024-07-15,37,
SKU00118,2024-07-22,55,
SKU00118,2024-07-29,58,
SKU00118,2024-08-05,65,
SKU00118,2024-08-12,51,
SKU00118,2024-08-19,52,
SKU00118,2024-08-26,41,
SKU00118,2024-09-02,73,
SKU00118,2024-09-09,39,
SKU00118,2024-09-16,58,
SKU00118,2024-09-23,38,
SKU00118,2024-09-30,57,
SKU00118,2024-10-07,27,
SKU00118,2024-10-14,53,
SKU00118,2024-10-21,76,
SKU00118,2024-10-28,102,
SKU00118,2024-11-04,70,
SKU00118,2024-11-11,64,
SKU00118,2024-11-18,77,
SKU00118,2024-11-25,63,
SKU00118,2024-12-02,77,
SKU00118,2024-12-09,69,
SKU00118,2024-12-16,89,
SKU00118,2024-12-23,76,
SKU00118,2024-12-30,103,40.0
SKU00118,2025-01-06,47,31.0
SKU00118,2025-01-13,48,61.0
SKU00118,2025-01-20,43,55.0
SKU00118,2025-01-27,43,32.0
SKU00118,2025-02-03,25,38.0
SKU00118,2025-02-10,33,51.0
SKU00118,2025-02-17,49,68.0
SKU00118,2025-02-24,63,68.0
SKU00118,2025-03-03,36,38.0
SKU00118,2025-03-10,52,44.0
SKU00118,2025-03-17,70,40.0
SKU00118,2025-03-24,63,75.0
SKU00118,2025-03-31,37,46.0
SKU00118,2025-04-07,33,44.0
SKU00118,2025-04-14,63,52.0
SKU00118,2025-04-21,25,90.0
SKU00118,2025-04-28,48,38.0
SKU00118,2025-05-05,49,88.0
SKU00118,2025-05-12,53,58.0
SKU00118,2025-05-19,67,76.0
SKU00118,2025-05-26,66,94.0
SKU00118,2025-06-02,40,34.0
SKU00118,2025-06-09,55,54.0
SKU00118,2025-06-16,29,53.0
SKU00118,2025-06-23,40,23.0
SKU00118,2025-06-30,68,82.0
SKU00118,2025-07-07,43,33.0
SKU00118,2025-07-14,54,37.0
SKU00118,2025-07-21,58,55.0
SKU00118,2025-07-28,42,58.0
SKU00118,2025-08-04,47,65.0
SKU00118,2025-08-11,53,51.0
SKU00118,2025-08-18,72,52.0
SKU00118,2025-08-25,77,41.0
SKU00118,2025-09-01,86,73.0
SKU00118,2025-09-08,60,39.0
SKU00118,2025-09-15,84,58.0
SKU00118,2025-09-22,39,38.0
SKU00118,2025-09-29,84,57.0
SKU00118,2025-10-06,50,27.0
SKU00118,2025-10-13,54,53.0
SKU00118,2025-10-20,34,76.0
SKU00118,2025-10-27,72,102.0
SKU00118,2025-11-03,94,70.0
SKU00118,2025-11-10,104,64.0
SKU00118,2025-11-17,67,77.0
SKU00118,2025-11-24,86,63.0
SKU00118,2025-12-01,54,77.0
SKU00118,2025-12-08,70,69.0
SKU00118,2025-12-15,53,89.0
SKU00118,2025-12-22,83,76.0
SKU00118,2025-12-29,28,103.0
SKU00119,2024-01-01,43,
SKU00119,2024-01-08,25,
SKU00119,2024-01-15,24,
SKU00119,2024-01-22,48,
SKU00119,2024-01-29,32,
SKU00119,2024-02-05,21,
SKU00119,2024-02-12,39,
SKU00119,2024-02-19,53,
SKU00119,2024-02-26,47,
SKU00119,2024-03-04,70,
SKU00119,2024-03-11,55,
SKU00119,2024-03-18,64,
SKU00119,2024-03-25,56,
SKU00119,2024-04-01,50,
SKU00119,2024-04-08,54,
SKU00119,2024-04-15,65,
SKU00119,2024-04-22,47,
SKU00119,2024-04-29,51,
SKU00119,2024-05-06,57,
SKU00119,2024-05-13,51,
SKU00119,2024-05-20,60,
SKU00119,2024-05-27,57,
SKU00119,2024-06-03,48,
SKU00119,2024-06-10,48,
SKU00119,2024-06-17,43,
SKU00119,2024-06-24,60,
SKU00119,2024-07-01,43,
SKU00119,2024-07-08,49,
SKU00119,2024-07-15,52,
SKU00119,2024-07-22,35,
SKU00119,2024-07-29,36,
SKU00119,2024-08-05,39,
SKU00119,2024-08-12,31,
SKU00119,2024-08-19,25,
SKU00119,2024-08-26,83,
SKU00119,2024-09-02,40,
SKU00119,2024-09-09,55,
SKU00119,2024-09-16,44,
SKU00119,2024-09-23,71,
SKU00119,2024-09-30,34,
SKU00119,2024-10-07,72,
SKU00119,2024-10-14,37,
SKU00119,2024-10-21,62,
SKU00119,2024-10-28,100,
SKU00119,2024-11-04,65,
SKU00119,2024-11-11,78,
SKU00119,2024-11-18,105,
SKU00119,2024-11-25,125,
SKU00119,2024-12-02,82,
SKU00119,2024-12-09,73,
SKU00119,2024-12-16,80,
SKU00119,2024-12-23,77,
SKU00119,2024-12-30,72,43.0
SKU00119,2025-01-06,55,25.0
SKU00119,2025-01-13,84,24.0
SKU00119,2025-01-20,38,48.0
SKU00119,2025-01-27,50,32.0
SKU00119,2025-02-03,53,21.0
SKU00119,2025-02-10,81,39.0
SKU00119,2025-02-17,43,53.0
SKU00119,2025-02-24,77,47.0
SKU00119,2025-03-03,54,70.0
SKU00119,2025-03-10,31,55.0
SKU00119,2025-03-17,66,64.0
SKU00119,2025-03-24,31,56.0
SKU00119,2025-03-31,74,50.0
SKU00119,2025-04-07,53,54.0
SKU00119,2025-04-14,43,65.0
SKU00119,2025-04-21,76,47.0
SKU00119,2025-04-28,40,51.0
SKU00119,2025-05-05,48,57.0
SKU00119,2025-05-12,63,51.0
SKU00119,2025-05-19,25,60.0
SKU00119,2025-05-26,38,57.0
SKU00119,2025-06-02,69,48.0
SKU00119,2025-06-09,49,48.0
SKU00119,2025-06-16,56,43.0
SKU00119,2025-06-23,57,60.0
SKU00119,2025-06-30,50,43.0
SKU00119,2025-07-07,75,49.0
SKU00119,2025-07-14,56,52.0
SKU00119,2025-07-21,68,35.0
SKU00119,2025-07-28,59,36.0
SKU00119,2025-08-04,67,39.0
SKU00119,2025-08-11,89,31.0
SKU00119,2025-08-18,81,25.0
SKU00119,2025-08-25,63,83.0
SKU00119,2025-09-01,57,40.0
SKU00119,2025-09-08,54,55.0
SKU00119,2025-09-15,60,44.0
SKU00119,2025-09-22,42,71.0
SKU00119,2025-09-29,23,34.0
SKU00119,2025-10-06,48,72.0
SKU00119,2025-10-13,53,37.0
SKU00119,2025-10-20,52,62.0
SKU00119,2025-10-27,82,100.0
SKU00119,2025-11-03,84,65.0
SKU00119,2025-11-10,107,78.0
SKU00119,2025-11-17,80,105.0
SKU00119,2025-11-24,75,125.0
SKU00119,2025-12-01,54,82.0
SKU00119,2025-12-08,65,73.0
SKU00119,2025-12-15,74,80.0
SKU00119,2025-12-22,99,77.0
SKU00119,2025-12-29,49,72.0
SKU00120,2024-01-01,70,
SKU00120,2024-01-08,51,
SKU00120,2024-01-15,46,
SKU00120,2024-01-22,59,
SKU00120,2024-01-29,45,
SKU00120,2024-02-05,80,
SKU00120,2024-02-12,46,
SKU00120,2024-02-19,60,
SKU00120,2024-02-26,18,
SKU00120,2024-03-04,41,
SKU00120,2024-03-11,73,
SKU00120,2024-03-18,40,
SKU00120,2024-03-25,32,
SKU00120,2024-04-01,57,
SKU00120,2024-04-08,72,
SKU00120,2024-04-15,72,
SKU00120,2024-04-22,72,
SKU00120,2024-04-29,37,
SKU00120,2024-05-06,43,
SKU00120,2024-05-13,73,
SKU00120,2024-05-20,84,
SKU00120,2024-05-27,59,
SKU00120,2024-06-03,46,
SKU00120,2024-06-10,90,
SKU00120,2024-06-17,62,
SKU00120,2024-06-24,50,
SKU00120,2024-07-01,44,
SKU00120,2024-07-08,84,
SKU00120,2024-07-15,86,
SKU00120,2024-07-22,81,
SKU00120,2024-07-29,49,
SKU00120,2024-08-05,49,
SKU00120,2024-08-12,39,
SKU00120,2024-08-19,43,
SKU00120,2024-08-26,27,
SKU00120,2024-09-02,44,
SKU00120,2024-09-09,48,
SKU00120,2024-09-16,24,
SKU00120,2024-09-23,56,
SKU00120,2024-09-30,50,
SKU00120,2024-10-07,67,
SKU00120,2024-10-14,83,
SKU00120,2024-10-21,46,
SKU00120,2024-10-28,87,
SKU00120,2024-11-04,85,
SKU00120,2024-11-11,90,
SKU00120,2024-11-18,94,
SKU00120,2024-11-25,92,
SKU00120,2024-12-02,76,
SKU00120,2024-12-09,106,
SKU00120,2024-12-16,81,
SKU00120,2024-12-23,86,
SKU00120,2024-12-30,63,70.0
SKU00120,2025-01-06,31,51.0
SKU00120,2025-01-13,22,46.0
SKU00120,2025-01-20,47,59.0
SKU00120,2025-01-27,41,45.0
SKU00120,2025-02-03,81,80.0
SKU00120,2025-02-10,66,46.0
SKU00120,2025-02-17,36,60.0
SKU00120,2025-02-24,39,18.0
SKU00120,2025-03-03,60,41.0
SKU00120,2025-03-10,45,73.0
SKU00120,2025-03-17,35,40.0
SKU00120,2025-03-24,65,32.0
SKU00120,2025-03-31,46,57.0
SKU00120,2025-04-07,61,72.0
SKU00120,2025-04-14,44,72.0
SKU00120,2025-04-21,54,72.0
SKU00120,2025-04-28,78,37.0
SKU00120,2025-05-05,70,43.0
SKU00120,2025-05-12,26,73.0
SKU00120,2025-05-19,67,84.0
SKU00120,2025-05-26,77,59.0
SKU00120,2025-06-02,51,46.0
SKU00120,2025-06-09,37,90.0
SKU00120,2025-06-16,42,62.0
SKU00120,2025-06-23,48,50.0
SKU00120,2025-06-30,71,44.0
SKU00120,2025-07-07,53,84.0
SKU00120,2025-07-14,64,86.0
SKU00120,2025-07-21,52,81.0
SKU00120,2025-07-28,44,49.0
SKU00120,2025-08-04,70,49.0
SKU00120,2025-08-11,24,39.0
SKU00120,2025-08-18,80,43.0
SKU00120,2025-08-25,43,27.0
SKU00120,2025-09-01,50,44.0
SKU00120,2025-09-08,41,48.0
SKU00120,2025-09-15,41,24.0
SKU00120,2025-09-22,36,56.0
SKU00120,2025-09-29,35,50.0
SKU00120,2025-10-06,46,67.0
SKU00120,2025-10-13,56,83.0
SKU00120,2025-10-20,44,46.0
SKU00120,2025-10-27,55,87.0
SKU00120,2025-11-03,62,85.0
SKU00120,2025-11-10,138,90.0
SKU00120,2025-11-17,117,94.0
SKU00120,2025-11-24,66,92.0
SKU00120,2025-12-01,73,76.0
SKU00120,2025-12-08,93,106.0
SKU00120,2025-12-15,91,81.0
SKU00120,2025-12-22,62,86.0
SKU00120,2025-12-29,33,63.0
SKU00121,2024-01-01,57,
SKU00121,2024-01-08,82,
SKU00121,2024-01-15,53,
SKU00121,2024-01-22,38,
SKU00121,2024-01-29,53,
SKU00121,2024-02-05,27,
SKU00121,2024-02-12,27,
SKU00121,2024-02-19,62,
SKU00121,2024-02-26,69,
SKU00121,2024-03-04,54,
SKU00121,2024-03-11,64,
SKU00121,2024-03-18,35,
SKU00121,2024-03-25,39,
SKU00121,2024-04-01,75,
SKU00121,2024-04-08,55,
SKU00121,2024-04-15,37,
SKU00121,2024-04-22,36,
SKU00121,2024-04-29,90,
SKU00121,2024-05-06,49,
SKU00121,2024-05-13,61,
SKU00121,2024-05-20,34,
SKU00121,2024-05-27,67,
SKU00121,2024-06-03,61,
SKU00121,2024-06-10,96,
SKU00121,2024-06-17,61,
SKU00121,2024-06-24,44,
SKU00121,2024-07-01,32,
SKU00121,2024-07-08,81,
SKU00121,2024-07-15,49,
SKU00121,2024-07-22,54,
SKU00121,2024-07-29,50,
SKU00121,2024-08-05,75,
SKU00121,2024-08-12,44,
SKU00121,2024-08-19,59,
SKU00121,2024-08-26,52,
SKU00121,2024-09-02,57,
SKU00121,2024-09-09,51,
SKU00121,2024-09-16,63,
SKU00121,2024-09-23,57,
SKU00121,2024-09-30,65,
SKU00121,2024-10-07,28,
SKU00121,2024-10-14,65,
SKU00121,2024-10-21,47,
SKU00121,2024-10-28,74,
SKU00121,2024-11-04,119,
SKU00121,2024-11-11,115,
SKU00121,2024-11-18,92,
SKU00121,2024-11-25,95,
SKU00121,2024-12-02,61,
SKU00121,2024-12-09,82,
SKU00121,2024-12-16,103,
SKU00121,2024-12-23,61,
SKU00121,2024-12-30,55,57.0
SKU00121,2025-01-06,69,82.0
SKU00121,2025-01-13,55,53.0
SKU00121,2025-01-20,70,38.0
SKU00121,2025-01-27,72,53.0
SKU00121,2025-02-03,17,27.0
SKU00121,2025-02-10,41,27.0
SKU00121,2025-02-17,70,62.0
SKU00121,2025-02-24,31,69.0
SKU00121,2025-03-03,41,54.0
SKU00121,2025-03-10,62,64.0
SKU00121,2025-03-17,61,35.0
SKU00121,2025-03-24,62,39.0
SKU00121,2025-03-31,57,75.0
SKU00121,2025-04-07,64,55.0
SKU00121,2025-04-14,52,37.0
SKU00121,2025-04-21,46,36.0
SKU00121,2025-04-28,39,90.0
SKU00121,2025-05-05,76,49.0
SKU00121,2025-05-12,41,61.0
SKU00121,2025-05-19,48,34.0
SKU00121,2025-05-26,65,67.0
SKU00121,2025-06-02,67,61.0
SKU00121,2025-06-09,47,96.0
SKU00121,2025-06-16,66,61.0
SKU00121,2025-06-23,62,44.0
SKU00121,2025-06-30,75,32.0
SKU00121,2025-07-07,59,81.0
SKU00121,2025-07-14,45,49.0
SKU00121,2025-07-21,54,54.0
SKU00121,2025-07-28,72,50.0
SKU00121,2025-08-04,69,75.0
SKU00121,2025-08-11,76,44.0
SKU00121,2025-08-18,28,59.0
SKU00121,2025-08-25,60,52.0
SKU00121,2025-09-01,61,57.0
SKU00121,2025-09-08,49,51.0
SKU00121,2025-09-15,55,63.0
SKU00121,2025-09-22,60,57.0
SKU00121,2025-09-29,47,65.0
SKU00121,2025-10-06,56,28.0
SKU00121,2025-10-13,48,65.0
SKU00121,2025-10-20,77,47.0
SKU00121,2025-10-27,61,74.0
SKU00121,2025-11-03,77,119.0
SKU00121,2025-11-10,64,115.0
SKU00121,2025-11-17,108,92.0
SKU00121,2025-11-24,95,95.0
SKU00121,2025-12-01,121,61.0
SKU00121,2025-12-08,57,82.0
SKU00121,2025-12-15,109,103.0
SKU00121,2025-12-22,110,61.0
SKU00121,2025-12-29,32,55.0
SKU00122,2024-01-01,63,
SKU00122,2024-01-08,36,
SKU00122,2024-01-15,44,
SKU00122,2024-01-22,45,
SKU00122,2024-01-29,39,
SKU00122,2024-02-05,51,
SKU00122,2024-02-12,46,
SKU00122,2024-02-19,43,
SKU00122,2024-02-26,73,
SKU00122,2024-03-04,45,
SKU00122,2024-03-11,57,
SKU00122,2024-03-18,75,
SKU00122,2024-03-25,50,
SKU00122,2024-04-01,70,
SKU00122,2024-04-08,68,
SKU00122,2024-04-15,52,
SKU00122,2024-04-22,56,
SKU00122,2024-04-29,73,
SKU00122,2024-05-06,47,
SKU00122,2024-05-13,77,
SKU00122,2024-05-20,66,
SKU00122,2024-05-27,44,
SKU00122,2024-06-03,42,
SKU00122,2024-06-10,70,
SKU00122,2024-06-17,58,
SKU00122,2024-06-24,52,
SKU00122,2024-07-01,65,
SKU00122,2024-07-08,24,
SKU00122,2024-07-15,52,
SKU00122,2024-07-22,45,
SKU00122,2024-07-29,72,
SKU00122,2024-08-05,48,
SKU00122,2024-08-12,32,
SKU00122,2024-08-19,43,
SKU00122,2024-08-26,54,
SKU00122,2024-09-02,50,
SKU00122,2024-09-09,27,
SKU00122,2024-09-16,37,
SKU00122,2024-09-23,41,
SKU00122,2024-09-30,83,
SKU00122,2024-10-07,30,
SKU00122,2024-10-14,50,
SKU00122,2024-10-21,18,
SKU00122,2024-10-28,58,
SKU00122,2024-11-04,115,
SKU00122,2024-11-11,81,
SKU00122,2024-11-18,75,
SKU00122,2024-11-25,85,
SKU00122,2024-12-02,104,
SKU00122,2024-12-09,99,
SKU00122,2024-12-16,102,
SKU00122,2024-12-23,103,
SKU00122,2024-12-30,85,63.0
SKU00122,2025-01-06,38,36.0
SKU00122,2025-01-13,31,44.0
SKU00122,2025-01-20,46,45.0
SKU00122,2025-01-27,24,39.0
SKU00122,2025-02-03,57,51.0
SKU00122,2025-02-10,49,46.0
SKU00122,2025-02-17,38,43.0
SKU00122,2025-02-24,39,73.0
SKU00122,2025-03-03,46,45.0
SKU00122,2025-03-10,56,57.0
SKU00122,2025-03-17,76,75.0
SKU00122,2025-03-24,58,50.0
SKU00122,2025-03-31,49,70.0
SKU00122,2025-04-07,44,68.0
SKU00122,2025-04-14,57,52.0
SKU00122,2025-04-21,52,56.0
SKU00122,2025-04-28,52,73.0
SKU00122,2025-05-05,56,47.0
SKU00122,2025-05-12,28,77.0
SKU00122,2025-05-19,69,66.0
SKU00122,2025-05-26,83,44.0
SKU00122,2025-06-02,47,42.0
SKU00122,2025-06-09,73,70.0
SKU00122,2025-06-16,38,58.0
SKU00122,2025-06-23,46,52.0
SKU00122,2025-06-30,33,65.0
SKU00122,2025-07-07,70,24.0
SKU00122,2025-07-14,47,52.0
SKU00122,2025-07-21,58,45.0
SKU00122,2025-07-28,57,72.0
SKU00122,2025-08-04,58,48.0
SKU00122,2025-08-11,44,32.0
SKU00122,2025-08-18,57,43.0
SKU00122,2025-08-25,78,54.0
SKU00122,2025-09-01,50,50.0
SKU00122,2025-09-08,44,27.0
SKU00122,2025-09-15,83,37.0
SKU00122,2025-09-22,73,41.0
SKU00122,2025-09-29,63,83.0
SKU00122,2025-10-06,46,30.0
SKU00122,2025-10-13,48,50.0
SKU00122,2025-10-20,48,18.0
SKU00122,2025-10-27,58,58.0
SKU00122,2025-11-03,72,115.0
SKU00122,2025-11-10,54,81.0
SKU00122,2025-11-17,57,75.0
SKU00122,2025-11-24,92,85.0
SKU00122,2025-12-01,68,104.0
SKU00122,2025-12-08,59,99.0
SKU00122,2025-12-15,64,102.0
SKU00122,2025-12-22,121,103.0
SKU00122,2025-12-29,34,85.0
SKU00123,2024-01-01,21,
SKU00123,2024-01-08,35,
SKU00123,2024-01-15,51,
SKU00123,2024-01-22,57,
SKU00123,2024-01-29,31,
SKU00123,2024-02-05,41,
SKU00123,2024-02-12,32,
SKU00123,2024-02-19,27,
SKU00123,2024-02-26,56,
SKU00123,2024-03-04,40,
SKU00123,2024-03-11,78,
SKU00123,2024-03-18,46,
SKU00123,2024-03-25,77,
SKU00123,2024-04-01,70,
SKU00123,2024-04-08,39,
SKU00123,2024-04-15,50,
SKU00123,2024-04-22,36,
SKU00123,2024-04-29,48,
SKU00123,2024-05-06,55,
SKU00123,2024-05-13,38,
SKU00123,2024-05-20,47,
SKU00123,2024-05-27,72,
SKU00123,2024-06-03,83,
SKU00123,2024-06-10,41,
SKU00123,2024-06-17,34,
SKU00123,2024-06-24,74,
SKU00123,2024-07-01,29,
SKU00123,2024-07-08,69,
SKU00123,2024-07-15,70,
SKU00123,2024-07-22,40,
SKU00123,2024-07-29,51,
SKU00123,2024-08-05,55,
SKU00123,2024-08-12,52,
SKU00123,2024-08-19,46,
SKU00123,2024-08-26,62,
SKU00123,2024-09-02,65,
SKU00123,2024-09-09,93,
SKU00123,2024-09-16,51,
SKU00123,2024-09-23,46,
SKU00123,2024-09-30,69,
SKU00123,2024-10-07,64,
SKU00123,2024-10-14,38,
SKU00123,2024-10-21,34,
SKU00123,2024-10-28,82,
SKU00123,2024-11-04,110,
SKU00123,2024-11-11,70,
SKU00123,2024-11-18,107,
SKU00123,2024-11-25,86,
SKU00123,2024-12-02,86,
SKU00123,2024-12-09,97,
SKU00123,2024-12-16,89,
SKU00123,2024-12-23,72,
SKU00123,2024-12-30,75,21.0
SKU00123,2025-01-06,48,35.0
SKU00123,2025-01-13,46,51.0
SKU00123,2025-01-20,36,57.0
SKU00123,2025-01-27,14,31.0
SKU00123,2025-02-03,40,41.0
SKU00123,2025-02-10,47,32.0
SKU00123,2025-02-17,43,27.0
SKU00123,2025-02-24,39,56.0
SKU00123,2025-03-03,32,40.0
SKU00123,2025-03-10,51,78.0
SKU00123,2025-03-17,49,46.0
SKU00123,2025-03-24,39,77.0
SKU00123,2025-03-31,43,70.0
SKU00123,2025-04-07,46,39.0
SKU00123,2025-04-14,36,50.0
SKU00123,2025-04-21,83,36.0
SKU00123,2025-04-28,61,48.0
SKU00123,2025-05-05,54,55.0
SKU00123,2025-05-12,55,38.0
SKU00123,2025-05-19,51,47.0
SKU00123,2025-05-26,22,72.0
SKU00123,2025-06-02,68,83.0
SKU00123,2025-06-09,53,41.0
SKU00123,2025-06-16,45,34.0
SKU00123,2025-06-23,40,74.0
SKU00123,2025-06-30,55,29.0
SKU00123,2025-07-07,52,69.0
SKU00123,2025-07-14,62,70.0
SKU00123,2025-07-21,44,40.0
SKU00123,2025-07-28,46,51.0
SKU00123,2025-08-04,42,55.0
SKU00123,2025-08-11,61,52.0
SKU00123,2025-08-18,55,46.0
SKU00123,2025-08-25,53,62.0
SKU00123,2025-09-01,37,65.0
SKU00123,2025-09-08,66,93.0
SKU00123,2025-09-15,52,51.0
SKU00123,2025-09-22,82,46.0
SKU00123,2025-09-29,58,69.0
SKU00123,2025-10-06,64,64.0
SKU00123,2025-10-13,59,38.0
SKU00123,2025-10-20,34,34.0
SKU00123,2025-10-27,86,82.0
SKU00123,2025-11-03,73,110.0
SKU00123,2025-11-10,83,70.0
SKU00123,2025-11-17,88,107.0
SKU00123,2025-11-24,125,86.0
SKU00123,2025-12-01,97,86.0
SKU00123,2025-12-08,81,97.0
SKU00123,2025-12-15,69,89.0
SKU00123,2025-12-22,72,72.0
SKU00123,2025-12-29,48,75.0
SKU00124,2024-01-01,43,
SKU00124,2024-01-08,29,
SKU00124,2024-01-15,31,
SKU00124,2024-01-22,60,
SKU00124,2024-01-29,44,
SKU00124,2024-02-05,50,
SKU00124,2024-02-12,45,
SKU00124,2024-02-19,50,
SKU00124,2024-02-26,94,
SKU00124,2024-03-04,47,
SKU00124,2024-03-11,72,
SKU00124,2024-03-18,40,
SKU00124,2024-03-25,63,
SKU00124,2024-04-01,55,
SKU00124,2024-04-08,54,
SKU00124,2024-04-15,83,
SKU00124,2024-04-22,52,
SKU00124,2024-04-29,57,
SKU00124,2024-05-06,60,
SKU00124,2024-05-13,60,
SKU00124,2024-05-20,64,
SKU00124,2024-05-27,72,
SKU00124,2024-06-03,58,
SKU00124,2024-06-10,63,
SKU00124,2024-06-17,77,
SKU00124,2024-06-24,46,
SKU00124,2024-07-01,53,
SKU00124,2024-07-08,43,
SKU00124,2024-07-15,59,
SKU00124,2024-07-22,37,
SKU00124,2024-07-29,45,
SKU00124,2024-08-05,59,
SKU00124,2024-08-12,58,
SKU00124,2024-08-19,69,
SKU00124,2024-08-26,62,
SKU00124,2024-09-02,73,
SKU00124,2024-09-09,62,
SKU00124,2024-09-16,43,
SKU00124,2024-09-23,36,
SKU00124,2024-09-30,74,
SKU00124,2024-10-07,83,
SKU00124,2024-10-14,46,
SKU00124,2024-10-21,69,
SKU00124,2024-10-28,81,
SKU00124,2024-11-04,81,
SKU00124,2024-11-11,86,
SKU00124,2024-11-18,62,
SKU00124,2024-11-25,97,
SKU00124,2024-12-02,107,
SKU00124,2024-12-09,84,
SKU00124,2024-12-16,88,
SKU00124,2024-12-23,79,
SKU00124,2024-12-30,51,43.0
SKU00124,2025-01-06,58,29.0
SKU00124,2025-01-13,54,31.0
SKU00124,2025-01-20,37,60.0
SKU00124,2025-01-27,61,44.0
SKU00124,2025-02-03,58,50.0
SKU00124,2025-02-10,38,45.0
SKU00124,2025-02-17,50,50.0
SKU00124,2025-02-24,38,94.0
SKU00124,2025-03-03,67,47.0
SKU00124,2025-03-10,33,72.0
SKU00124,2025-03-17,61,40.0
SKU00124,2025-03-24,45,63.0
SKU00124,2025-03-31,48,55.0
SKU00124,2025-04-07,64,54.0
SKU00124,2025-04-14,77,83.0
SKU00124,2025-04-21,63,52.0
SKU00124,2025-04-28,78,57.0
SKU00124,2025-05-05,68,60.0
SKU00124,2025-05-12,44,60.0
SKU00124,2025-05-19,37,64.0
SKU00124,2025-05-26,59,72.0
SKU00124,2025-06-02,50,58.0
SKU00124,2025-06-09,51,63.0
SKU00124,2025-06-16,59,77.0
SKU00124,2025-06-23,90,46.0
SKU00124,2025-06-30,49,53.0
SKU00124,2025-07-07,27,43.0
SKU00124,2025-07-14,54,59.0
SKU00124,2025-07-21,73,37.0
SKU00124,2025-07-28,58,45.0
SKU00124,2025-08-04,16,59.0
SKU00124,2025-08-11,58,58.0
SKU00124,2025-08-18,62,69.0
SKU00124,2025-08-25,47,62.0
SKU00124,2025-09-01,76,73.0
SKU00124,2025-09-08,56,62.0
SKU00124,2025-09-15,55,43.0
SKU00124,2025-09-22,64,36.0
SKU00124,2025-09-29,66,74.0
SKU00124,2025-10-06,33,83.0
SKU00124,2025-10-13,74,46.0
SKU00124,2025-10-20,47,69.0
SKU00124,2025-10-27,83,81.0
SKU00124,2025-11-03,95,81.0
SKU00124,2025-11-10,106,86.0
SKU00124,2025-11-17,100,62.0
SKU00124,2025-11-24,111,97.0
SKU00124,2025-12-01,81,107.0
SKU00124,2025-12-08,46,84.0
SKU00124,2025-12-15,94,88.0
SKU00124,2025-12-22,99,79.0
SKU00124,2025-12-29,43,51.0
SKU00125,2024-01-01,37,
SKU00125,2024-01-08,34,
SKU00125,2024-01-15,28,
SKU00125,2024-01-22,42,
SKU00125,2024-01-29,15,
SKU00125,2024-02-05,36,
SKU00125,2024-02-12,38,
SKU00125,2024-02-19,44,
SKU00125,2024-02-26,41,
SKU00125,2024-03-04,57,
SKU00125,2024-03-11,96,
SKU00125,2024-03-18,53,
SKU00125,2024-03-25,27,
SKU00125,2024-04-01,74,
SKU00125,2024-04-08,59,
SKU00125,2024-04-15,53,
SKU00125,2024-04-22,61,
SKU00125,2024-04-29,40,
SKU00125,2024-05-06,54,
SKU00125,2024-05-13,52,
SKU00125,2024-05-20,47,
SKU00125,2024-05-27,56,
SKU00125,2024-06-03,59,
SKU00125,2024-06-10,55,
SKU00125,2024-06-17,49,
SKU00125,2024-06-24,52,
SKU00125,2024-07-01,62,
SKU00125,2024-07-08,38,
SKU00125,2024-07-15,59,
SKU00125,2024-07-22,54,
SKU00125,2024-07-29,77,
SKU00125,2024-08-05,68,
SKU00125,2024-08-12,56,
SKU00125,2024-08-19,49,
SKU00125,2024-08-26,52,
SKU00125,2024-09-02,45,
SKU00125,2024-09-09,83,
SKU00125,2024-09-16,78,
SKU00125,2024-09-23,53,
SKU00125,2024-09-30,61,
SKU00125,2024-10-07,34,
SKU00125,2024-10-14,63,
SKU00125,2024-10-21,46,
SKU00125,2024-10-28,99,
SKU00125,2024-11-04,92,
SKU00125,2024-11-11,82,
SKU00125,2024-11-18,89,
SKU00125,2024-11-25,76,
SKU00125,2024-12-02,108,
SKU00125,2024-12-09,76,
SKU00125,2024-12-16,108,
SKU00125,2024-12-23,54,
SKU00125,2024-12-30,48,37.0
SKU00125,2025-01-06,39,34.0
SKU00125,2025-01-13,28,28.0
SKU00125,2025-01-20,54,42.0
SKU00125,2025-01-27,39,15.0
SKU00125,2025-02-03,48,36.0
SKU00125,2025-02-10,48,38.0
SKU00125,2025-02-17,79,44.0
SKU00125,2025-02-24,36,41.0
SKU00125,2025-03-03,61,57.0
SKU00125,2025-03-10,74,96.0
SKU00125,2025-03-17,44,53.0
SKU00125,2025-03-24,44,27.0
SKU00125,2025-03-31,71,74.0
SKU00125,2025-04-07,46,59.0
SKU00125,2025-04-14,74,53.0
SKU00125,2025-04-21,37,61.0
SKU00125,2025-04-28,77,40.0
SKU00125,2025-05-05,61,54.0
SKU00125,2025-05-12,65,52.0
SKU00125,2025-05-19,51,47.0
SKU00125,2025-05-26,45,56.0
SKU00125,2025-06-02,64,59.0
SKU00125,2025-06-09,58,55.0
SKU00125,2025-06-16,49,49.0
SKU00125,2025-06-23,48,52.0
SKU00125,2025-06-30,50,62.0
SKU00125,2025-07-07,30,38.0
SKU00125,2025-07-14,47,59.0
SKU00125,2025-07-21,44,54.0
SKU00125,2025-07-28,28,77.0
SKU00125,2025-08-04,48,68.0
SKU00125,2025-08-11,45,56.0
SKU00125,2025-08-18,97,49.0
SKU00125,2025-08-25,88,52.0
SKU00125,2025-09-01,53,45.0
SKU00125,2025-09-08,53,83.0
SKU00125,2025-09-15,78,78.0
SKU00125,2025-09-22,44,53.0
SKU00125,2025-09-29,76,61.0
SKU00125,2025-10-06,48,34.0
SKU00125,2025-10-13,91,63.0
SKU00125,2025-10-20,84,46.0
SKU00125,2025-10-27,73,99.0
SKU00125,2025-11-03,131,92.0
SKU00125,2025-11-10,99,82.0
SKU00125,2025-11-17,72,89.0
SKU00125,2025-11-24,87,76.0
SKU00125,2025-12-01,74,108.0
SKU00125,2025-12-08,97,76.0
SKU00125,2025-12-15,73,108.0
SKU00125,2025-12-22,92,54.0
SKU00125,2025-12-29,42,48.0
SKU00126,2024-01-01,49,
SKU00126,2024-01-08,67,
SKU00126,2024-01-15,87,
SKU00126,2024-01-22,38,
SKU00126,2024-01-29,56,
SKU00126,2024-02-05,67,
SKU00126,2024-02-12,80,
SKU00126,2024-02-19,77,
SKU00126,2024-02-26,41,
SKU00126,2024-03-04,39,
SKU00126,2024-03-11,66,
SKU00126,2024-03-18,54,
SKU00126,2024-03-25,64,
SKU00126,2024-04-01,49,
SKU00126,2024-04-08,41,
SKU00126,2024-04-15,70,
SKU00126,2024-04-22,30,
SKU00126,2024-04-29,59,
SKU00126,2024-05-06,51,
SKU00126,2024-05-13,45,
SKU00126,2024-05-20,61,
SKU00126,2024-05-27,52,
SKU00126,2024-06-03,43,
SKU00126,2024-06-10,45,
SKU00126,2024-06-17,34,
SKU00126,2024-06-24,66,
SKU00126,2024-07-01,47,
SKU00126,2024-07-08,81,
SKU00126,2024-07-15,47,
SKU00126,2024-07-22,76,
SKU00126,2024-07-29,24,
SKU00126,2024-08-05,62,
SKU00126,2024-08-12,48,
SKU00126,2024-08-19,72,
SKU00126,2024-08-26,76,
SKU00126,2024-09-02,73,
SKU00126,2024-09-09,42,
SKU00126,2024-09-16,99,
SKU00126,2024-09-23,75,
SKU00126,2024-09-30,36,
SKU00126,2024-10-07,59,
SKU00126,2024-10-14,90,
SKU00126,2024-10-21,77,
SKU00126,2024-10-28,83,
SKU00126,2024-11-04,106,
SKU00126,2024-11-11,135,
SKU00126,2024-11-18,81,
SKU00126,2024-11-25,63,
SKU00126,2024-12-02,72,
SKU00126,2024-12-09,95,
SKU00126,2024-12-16,64,
SKU00126,2024-12-23,74,
SKU00126,2024-12-30,43,49.0
SKU00126,2025-01-06,60,67.0
SKU00126,2025-01-13,42,87.0
SKU00126,2025-01-20,32,38.0
SKU00126,2025-01-27,68,56.0
SKU00126,2025-02-03,49,67.0
SKU00126,2025-02-10,27,80.0
SKU00126,2025-02-17,27,77.0
SKU00126,2025-02-24,66,41.0
SKU00126,2025-03-03,57,39.0
SKU00126,2025-03-10,39,66.0
SKU00126,2025-03-17,55,54.0
SKU00126,2025-03-24,65,64.0
SKU00126,2025-03-31,72,49.0
SKU00126,2025-04-07,28,41.0
SKU00126,2025-04-14,68,70.0
SKU00126,2025-04-21,38,30.0
SKU00126,2025-04-28,62,59.0
SKU00126,2025-05-05,55,51.0
SKU00126,2025-05-12,66,45.0
SKU00126,2025-05-19,48,61.0
SKU00126,2025-05-26,44,52.0
SKU00126,2025-06-02,44,43.0
SKU00126,2025-06-09,54,45.0
SKU00126,2025-06-16,80,34.0
SKU00126,2025-06-23,92,66.0
SKU00126,2025-06-30,45,47.0
SKU00126,2025-07-07,61,81.0
SKU00126,2025-07-14,28,47.0
SKU00126,2025-07-21,42,76.0
SKU00126,2025-07-28,54,24.0
SKU00126,2025-08-04,56,62.0
SKU00126,2025-08-11,63,48.0
SKU00126,2025-08-18,57,72.0
SKU00126,2025-08-25,67,76.0
SKU00126,2025-09-01,49,73.0
SKU00126,2025-09-08,45,42.0
SKU00126,2025-09-15,42,99.0
SKU00126,2025-09-22,64,75.0
SKU00126,2025-09-29,61,36.0
SKU00126,2025-10-06,72,59.0
SKU00126,2025-10-13,44,90.0
SKU00126,2025-10-20,40,77.0
SKU00126,2025-10-27,52,83.0
SKU00126,2025-11-03,98,106.0
SKU00126,2025-11-10,77,135.0
SKU00126,2025-11-17,65,81.0
SKU00126,2025-11-24,51,63.0
SKU00126,2025-12-01,61,72.0
SKU00126,2025-12-08,96,95.0
SKU00126,2025-12-15,87,64.0
SKU00126,2025-12-22,97,74.0
SKU00126,2025-12-29,24,43.0
SKU00127,2024-01-01,42,
SKU00127,2024-01-08,49,
SKU00127,2024-01-15,42,
SKU00127,2024-01-22,36,
SKU00127,2024-01-29,70,
SKU00127,2024-02-05,41,
SKU00127,2024-02-12,53,
SKU00127,2024-02-19,76,
SKU00127,2024-02-26,63,
SKU00127,2024-03-04,36,
SKU00127,2024-03-11,44,
SKU00127,2024-03-18,24,
SKU00127,2024-03-25,50,
SKU00127,2024-04-01,32,
SKU00127,2024-04-08,66,
SKU00127,2024-04-15,19,
SKU00127,2024-04-22,25,
SKU00127,2024-04-29,63,
SKU00127,2024-05-06,46,
SKU00127,2024-05-13,65,
SKU00127,2024-05-20,61,
SKU00127,2024-05-27,47,
SKU00127,2024-06-03,63,
SKU00127,2024-06-10,53,
SKU00127,2024-06-17,74,
SKU00127,2024-06-24,43,
SKU00127,2024-07-01,65,
SKU00127,2024-07-08,16,
SKU00127,2024-07-15,84,
SKU00127,2024-07-22,48,
SKU00127,2024-07-29,51,
SKU00127,2024-08-05,45,
SKU00127,2024-08-12,61,
SKU00127,2024-08-19,50,
SKU00127,2024-08-26,66,
SKU00127,2024-09-02,51,
SKU00127,2024-09-09,30,
SKU00127,2024-09-16,33,
SKU00127,2024-09-23,33,
SKU00127,2024-09-30,68,
SKU00127,2024-10-07,82,
SKU00127,2024-10-14,40,
SKU00127,2024-10-21,55,
SKU00127,2024-10-28,56,
SKU00127,2024-11-04,82,
SKU00127,2024-11-11,92,
SKU00127,2024-11-18,84,
SKU00127,2024-11-25,67,
SKU00127,2024-12-02,110,
SKU00127,2024-12-09,81,
SKU00127,2024-12-16,70,
SKU00127,2024-12-23,84,
SKU00127,2024-12-30,89,42.0
SKU00127,2025-01-06,60,49.0
SKU00127,2025-01-13,35,42.0
SKU00127,2025-01-20,46,36.0
SKU00127,2025-01-27,66,70.0
SKU00127,2025-02-03,66,41.0
SKU00127,2025-02-10,76,53.0
SKU00127,2025-02-17,25,76.0
SKU00127,2025-02-24,62,63.0
SKU00127,2025-03-03,57,36.0
SKU00127,2025-03-10,65,44.0
SKU00127,2025-03-17,68,24.0
SKU00127,2025-03-24,76,50.0
SKU00127,2025-03-31,51,32.0
SKU00127,2025-04-07,55,66.0
SKU00127,2025-04-14,47,19.0
SKU00127,2025-04-21,55,25.0
SKU00127,2025-04-28,65,63.0
SKU00127,2025-05-05,59,46.0
SKU00127,2025-05-12,35,65.0
SKU00127,2025-05-19,30,61.0
SKU00127,2025-05-26,68,47.0
SKU00127,2025-06-02,56,63.0
SKU00127,2025-06-09,55,53.0
SKU00127,2025-06-16,53,74.0
SKU00127,2025-06-23,50,43.0
SKU00127,2025-06-30,48,65.0
SKU00127,2025-07-07,19,16.0
SKU00127,2025-07-14,35,84.0
SKU00127,2025-07-21,55,48.0
SKU00127,2025-07-28,37,51.0
SKU00127,2025-08-04,26,45.0
SKU00127,2025-08-11,51,61.0
SKU00127,2025-08-18,63,50.0
SKU00127,2025-08-25,48,66.0
SKU00127,2025-09-01,46,51.0
SKU00127,2025-09-08,54,30.0
SKU00127,2025-09-15,47,33.0
SKU00127,2025-09-22,62,33.0
SKU00127,2025-09-29,48,68.0
SKU00127,2025-10-06,57,82.0
SKU00127,2025-10-13,57,40.0
SKU00127,2025-10-20,45,55.0
SKU00127,2025-10-27,45,56.0
SKU00127,2025-11-03,77,82.0
SKU00127,2025-11-10,77,92.0
SKU00127,2025-11-17,112,84.0
SKU00127,2025-11-24,81,67.0
SKU00127,2025-12-01,75,110.0
SKU00127,2025-12-08,85,81.0
SKU00127,2025-12-15,93,70.0
SKU00127,2025-12-22,128,84.0
SKU00127,2025-12-29,42,89.0
SKU00128,2024-01-01,42,
SKU00128,2024-01-08,59,
SKU00128,2024-01-15,80,
SKU00128,2024-01-22,53,
SKU00128,2024-01-29,45,
SKU00128,2024-02-05,56,
SKU00128,2024-02-12,44,
SKU00128,2024-02-19,63,
SKU00128,2024-02-26,39,
SKU00128,2024-03-04,64,
SKU00128,2024-03-11,33,
SKU00128,2024-03-18,62,
SKU00128,2024-03-25,39,
SKU00128,2024-04-01,38,
SKU00128,2024-04-08,68,
SKU00128,2024-04-15,50,
SKU00128,2024-04-22,60,
SKU00128,2024-04-29,52,
SKU00128,2024-05-06,37,
SKU00128,2024-05-13,68,
SKU00128,2024-05-20,57,
SKU00128,2024-05-27,43,
SKU00128,2024-06-03,95,
SKU00128,2024-06-10,84,
SKU00128,2024-06-17,67,
SKU00128,2024-06-24,66,
SKU00128,2024-07-01,48,
SKU00128,2024-07-08,42,
SKU00128,2024-07-15,52,
SKU00128,2024-07-22,59,
SKU00128,2024-07-29,59,
SKU00128,2024-08-05,35,
SKU00128,2024-08-12,34,
SKU00128,2024-08-19,41,
SKU00128,2024-08-26,30,
SKU00128,2024-09-02,43,
SKU00128,2024-09-09,30,
SKU00128,2024-09-16,48,
SKU00128,2024-09-23,53,
SKU00128,2024-09-30,43,
SKU00128,2024-10-07,45,
SKU00128,2024-10-14,50,
SKU00128,2024-10-21,45,
SKU00128,2024-10-28,70,
SKU00128,2024-11-04,113,
SKU00128,2024-11-11,62,
SKU00128,2024-11-18,90,
SKU00128,2024-11-25,98,
SKU00128,2024-12-02,39,
SKU00128,2024-12-09,104,
SKU00128,2024-12-16,100,
SKU00128,2024-12-23,70,
SKU00128,2024-12-30,32,42.0
SKU00128,2025-01-06,38,59.0
SKU00128,2025-01-13,41,80.0
SKU00128,2025-01-20,67,53.0
SKU00128,2025-01-27,41,45.0
SKU00128,2025-02-03,44,56.0
SKU00128,2025-02-10,43,44.0
SKU00128,2025-02-17,20,63.0
SKU00128,2025-02-24,56,39.0
SKU00128,2025-03-03,65,64.0
SKU00128,2025-03-10,40,33.0
SKU00128,2025-03-17,32,62.0
SKU00128,2025-03-24,29,39.0
SKU00128,2025-03-31,72,38.0
SKU00128,2025-04-07,51,68.0
SKU00128,2025-04-14,50,50.0
SKU00128,2025-04-21,20,60.0
SKU00128,2025-04-28,65,52.0
SKU00128,2025-05-05,40,37.0
SKU00128,2025-05-12,50,68.0
SKU00128,2025-05-19,83,57.0
SKU00128,2025-05-26,66,43.0
SKU00128,2025-06-02,53,95.0
SKU00128,2025-06-09,52,84.0
SKU00128,2025-06-16,48,67.0
SKU00128,2025-06-23,51,66.0
SKU00128,2025-06-30,52,48.0
SKU00128,2025-07-07,80,42.0
SKU00128,2025-07-14,73,52.0
SKU00128,2025-07-21,54,59.0
SKU00128,2025-07-28,48,59.0
SKU00128,2025-08-04,62,35.0
SKU00128,2025-08-11,85,34.0
SKU00128,2025-08-18,63,41.0
SKU00128,2025-08-25,71,30.0
SKU00128,2025-09-01,49,43.0
SKU00128,2025-09-08,62,30.0
SKU00128,2025-09-15,37,48.0
SKU00128,2025-09-22,37,53.0
SKU00128,2025-09-29,70,43.0
SKU00128,2025-10-06,48,45.0
SKU00128,2025-10-13,32,50.0
SKU00128,2025-10-20,11,45.0
SKU00128,2025-10-27,92,70.0
SKU00128,2025-11-03,97,113.0
SKU00128,2025-11-10,59,62.0
SKU00128,2025-11-17,68,90.0
SKU00128,2025-11-24,62,98.0
SKU00128,2025-12-01,79,39.0
SKU00128,2025-12-08,67,104.0
SKU00128,2025-12-15,72,100.0
SKU00128,2025-12-22,98,70.0
SKU00128,2025-12-29,35,32.0
SKU00129,2024-01-01,36,
SKU00129,2024-01-08,47,
SKU00129,2024-01-15,24,
SKU00129,2024-01-22,26,
SKU00129,2024-01-29,50,
SKU00129,2024-02-05,31,
SKU00129,2024-02-12,62,
SKU00129,2024-02-19,50,
SKU00129,2024-02-26,46,
SKU00129,2024-03-04,65,
SKU00129,2024-03-11,73,
SKU00129,2024-03-18,37,
SKU00129,2024-03-25,51,
SKU00129,2024-04-01,90,
SKU00129,2024-04-08,21,
SKU00129,2024-04-15,41,
SKU00129,2024-04-22,74,
SKU00129,2024-04-29,65,
SKU00129,2024-05-06,52,
SKU00129,2024-05-13,65,
SKU00129,2024-05-20,64,
SKU00129,2024-05-27,53,
SKU00129,2024-06-03,59,
SKU00129,2024-06-10,36,
SKU00129,2024-06-17,41,
SKU00129,2024-06-24,70,
SKU00129,2024-07-01,94,
SKU00129,2024-07-08,48,
SKU00129,2024-07-15,70,
SKU00129,2024-07-22,40,
SKU00129,2024-07-29,68,
SKU00129,2024-08-05,64,
SKU00129,2024-08-12,68,
SKU00129,2024-08-19,78,
SKU00129,2024-08-26,31,
SKU00129,2024-09-02,79,
SKU00129,2024-09-09,63,
SKU00129,2024-09-16,35,
SKU00129,2024-09-23,68,
SKU00129,2024-09-30,63,
SKU00129,2024-10-07,54,
SKU00129,2024-10-14,33,
SKU00129,2024-10-21,47,
SKU00129,2024-10-28,71,
SKU00129,2024-11-04,81,
SKU00129,2024-11-11,93,
SKU00129,2024-11-18,68,
SKU00129,2024-11-25,107,
SKU00129,2024-12-02,82,
SKU00129,2024-12-09,68,
SKU00129,2024-12-16,85,
SKU00129,2024-12-23,51,
SKU00129,2024-12-30,65,36.0
SKU00129,2025-01-06,71,47.0
SKU00129,2025-01-13,37,24.0
SKU00129,2025-01-20,25,26.0
SKU00129,2025-01-27,48,50.0
SKU00129,2025-02-03,41,31.0
SKU00129,2025-02-10,56,62.0
SKU00129,2025-02-17,69,50.0
SKU00129,2025-02-24,72,46.0
SKU00129,2025-03-03,50,65.0
SKU00129,2025-03-10,90,73.0
SKU00129,2025-03-17,65,37.0
SKU00129,2025-03-24,32,51.0
SKU00129,2025-03-31,64,90.0
SKU00129,2025-04-07,46,21.0
SKU00129,2025-04-14,69,41.0
SKU00129,2025-04-21,49,74.0
SKU00129,2025-04-28,47,65.0
SKU00129,2025-05-05,77,52.0
SKU00129,2025-05-12,46,65.0
SKU00129,2025-05-19,69,64.0
SKU00129,2025-05-26,54,53.0
SKU00129,2025-06-02,58,59.0
SKU00129,2025-06-09,39,36.0
SKU00129,2025-06-16,62,41.0
SKU00129,2025-06-23,76,70.0
SKU00129,2025-06-30,66,94.0
SKU00129,2025-07-07,28,48.0
SKU00129,2025-07-14,57,70.0
SKU00129,2025-07-21,62,40.0
SKU00129,2025-07-28,50,68.0
SKU00129,2025-08-04,59,64.0
SKU00129,2025-08-11,50,68.0
SKU00129,2025-08-18,66,78.0
SKU00129,2025-08-25,79,31.0
SKU00129,2025-09-01,34,79.0
SKU00129,2025-09-08,72,63.0
SKU00129,2025-09-15,61,35.0
SKU00129,2025-09-22,43,68.0
SKU00129,2025-09-29,73,63.0
SKU00129,2025-10-06,61,54.0
SKU00129,2025-10-13,79,33.0
SKU00129,2025-10-20,51,47.0
SKU00129,2025-10-27,49,71.0
SKU00129,2025-11-03,129,81.0
SKU00129,2025-11-10,72,93.0
SKU00129,2025-11-17,95,68.0
SKU00129,2025-11-24,100,107.0
SKU00129,2025-12-01,83,82.0
SKU00129,2025-12-08,89,68.0
SKU00129,2025-12-15,76,85.0
SKU00129,2025-12-22,56,51.0
SKU00129,2025-12-29,56,65.0
SKU00130,2024-01-01,25,
SKU00130,2024-01-08,39,
SKU00130,2024-01-15,51,
SKU00130,2024-01-22,35,
SKU00130,2024-01-29,38,
SKU00130,2024-02-05,28,
SKU00130,2024-02-12,47,
SKU00130,2024-02-19,39,
SKU00130,2024-02-26,46,
SKU00130,2024-03-04,57,
SKU00130,2024-03-11,30,
SKU00130,2024-03-18,57,
SKU00130,2024-03-25,31,
SKU00130,2024-04-01,69,
SKU00130,2024-04-08,61,
SKU00130,2024-04-15,56,
SKU00130,2024-04-22,49,
SKU00130,2024-04-29,55,
SKU00130,2024-05-06,61,
SKU00130,2024-05-13,86,
SKU00130,2024-05-20,56,
SKU00130,2024-05-27,89,
SKU00130,2024-06-03,61,
SKU00130,2024-06-10,49,
SKU00130,2024-06-17,42,
SKU00130,2024-06-24,53,
SKU00130,2024-07-01,62,
SKU00130,2024-07-08,52,
SKU00130,2024-07-15,63,
SKU00130,2024-07-22,54,
SKU00130,2024-07-29,40,
SKU00130,2024-08-05,51,
SKU00130,2024-08-12,51,
SKU00130,2024-08-19,47,
SKU00130,2024-08-26,17,
SKU00130,2024-09-02,41,
SKU00130,2024-09-09,38,
SKU00130,2024-09-16,17,
SKU00130,2024-09-23,44,
SKU00130,2024-09-30,66,
SKU00130,2024-10-07,53,
SKU00130,2024-10-14,65,
SKU00130,2024-10-21,59,
SKU00130,2024-10-28,41,
SKU00130,2024-11-04,98,
SKU00130,2024-11-11,83,
SKU00130,2024-11-18,75,
SKU00130,2024-11-25,136,
SKU00130,2024-12-02,119,
SKU00130,2024-12-09,96,
SKU00130,2024-12-16,79,
SKU00130,2024-12-23,69,
SKU00130,2024-12-30,60,25.0
SKU00130,2025-01-06,53,39.0
SKU00130,2025-01-13,32,51.0
SKU00130,2025-01-20,48,35.0
SKU00130,2025-01-27,54,38.0
SKU00130,2025-02-03,31,28.0
SKU00130,2025-02-10,38,47.0
SKU00130,2025-02-17,59,39.0
SKU00130,2025-02-24,64,46.0
SKU00130,2025-03-03,72,57.0
SKU00130,2025-03-10,58,30.0
SKU00130,2025-03-17,59,57.0
SKU00130,2025-03-24,53,31.0
SKU00130,2025-03-31,63,69.0
SKU00130,2025-04-07,40,61.0
SKU00130,2025-04-14,79,56.0
SKU00130,2025-04-21,53,49.0
SKU00130,2025-04-28,41,55.0
SKU00130,2025-05-05,50,61.0
SKU00130,2025-05-12,52,86.0
SKU00130,2025-05-19,57,56.0
SKU00130,2025-05-26,30,89.0
SKU00130,2025-06-02,62,61.0
SKU00130,2025-06-09,67,49.0
SKU00130,2025-06-16,18,42.0
SKU00130,2025-06-23,80,53.0
SKU00130,2025-06-30,76,62.0
SKU00130,2025-07-07,44,52.0
SKU00130,2025-07-14,65,63.0
SKU00130,2025-07-21,40,54.0
SKU00130,2025-07-28,63,40.0
SKU00130,2025-08-04,31,51.0
SKU00130,2025-08-11,34,51.0
SKU00130,2025-08-18,35,47.0
SKU00130,2025-08-25,51,17.0
SKU00130,2025-09-01,64,41.0
SKU00130,2025-09-08,59,38.0
SKU00130,2025-09-15,62,17.0
SKU00130,2025-09-22,79,44.0
SKU00130,2025-09-29,62,66.0
SKU00130,2025-10-06,57,53.0
SKU00130,2025-10-13,101,65.0
SKU00130,2025-10-20,46,59.0
SKU00130,2025-10-27,56,41.0
SKU00130,2025-11-03,69,98.0
SKU00130,2025-11-10,55,83.0
SKU00130,2025-11-17,52,75.0
SKU00130,2025-11-24,62,136.0
SKU00130,2025-12-01,95,119.0
SKU00130,2025-12-08,72,96.0
SKU00130,2025-12-15,88,79.0
SKU00130,2025-12-22,78,69.0
SKU00130,2025-12-29,22,60.0
SKU00131,2024-01-01,38,
SKU00131,2024-01-08,34,
SKU00131,2024-01-15,40,
SKU00131,2024-01-22,40,
SKU00131,2024-01-29,60,
SKU00131,2024-02-05,37,
SKU00131,2024-02-12,30,
SKU00131,2024-02-19,46,
SKU00131,2024-02-26,38,
SKU00131,2024-03-04,51,
SKU00131,2024-03-11,52,
SKU00131,2024-03-18,61,
SKU00131,2024-03-25,67,
SKU00131,2024-04-01,73,
SKU00131,2024-04-08,51,
SKU00131,2024-04-15,41,
SKU00131,2024-04-22,72,
SKU00131,2024-04-29,42,
SKU00131,2024-05-06,60,
SKU00131,2024-05-13,51,
SKU00131,2024-05-20,35,
SKU00131,2024-05-27,36,
SKU00131,2024-06-03,46,
SKU00131,2024-06-10,55,
SKU00131,2024-06-17,62,
SKU00131,2024-06-24,70,
SKU00131,2024-07-01,35,
SKU00131,2024-07-08,57,
SKU00131,2024-07-15,39,
SKU00131,2024-07-22,64,
SKU00131,2024-07-29,65,
SKU00131,2024-08-05,58,
SKU00131,2024-08-12,57,
SKU00131,2024-08-19,38,
SKU00131,2024-08-26,62,
SKU00131,2024-09-02,49,
SKU00131,2024-09-09,78,
SKU00131,2024-09-16,65,
SKU00131,2024-09-23,72,
SKU00131,2024-09-30,36,
SKU00131,2024-10-07,46,
SKU00131,2024-10-14,43,
SKU00131,2024-10-21,62,
SKU00131,2024-10-28,76,
SKU00131,2024-11-04,100,
SKU00131,2024-11-11,65,
SKU00131,2024-11-18,105,
SKU00131,2024-11-25,72,
SKU00131,2024-12-02,64,
SKU00131,2024-12-09,70,
SKU00131,2024-12-16,134,
SKU00131,2024-12-23,61,
SKU00131,2024-12-30,50,38.0
SKU00131,2025-01-06,48,34.0
SKU00131,2025-01-13,56,40.0
SKU00131,2025-01-20,32,40.0
SKU00131,2025-01-27,65,60.0
SKU00131,2025-02-03,50,37.0
SKU00131,2025-02-10,43,30.0
SKU00131,2025-02-17,25,46.0
SKU00131,2025-02-24,43,38.0
SKU00131,2025-03-03,52,51.0
SKU00131,2025-03-10,79,52.0
SKU00131,2025-03-17,80,61.0
SKU00131,2025-03-24,35,67.0
SKU00131,2025-03-31,51,73.0
SKU00131,2025-04-07,33,51.0
SKU00131,2025-04-14,58,41.0
SKU00131,2025-04-21,28,72.0
SKU00131,2025-04-28,49,42.0
SKU00131,2025-05-05,28,60.0
SKU00131,2025-05-12,41,51.0
SKU00131,2025-05-19,42,35.0
SKU00131,2025-05-26,46,36.0
SKU00131,2025-06-02,54,46.0
SKU00131,2025-06-09,50,55.0
SKU00131,2025-06-16,41,62.0
SKU00131,2025-06-23,69,70.0
SKU00131,2025-06-30,63,35.0
SKU00131,2025-07-07,68,57.0
SKU00131,2025-07-14,47,39.0
SKU00131,2025-07-21,53,64.0
SKU00131,2025-07-28,26,65.0
SKU00131,2025-08-04,60,58.0
SKU00131,2025-08-11,58,57.0
SKU00131,2025-08-18,28,38.0
SKU00131,2025-08-25,52,62.0
SKU00131,2025-09-01,62,49.0
SKU00131,2025-09-08,56,78.0
SKU00131,2025-09-15,20,65.0
SKU00131,2025-09-22,61,72.0
SKU00131,2025-09-29,43,36.0
SKU00131,2025-10-06,87,46.0
SKU00131,2025-10-13,29,43.0
SKU00131,2025-10-20,51,62.0
SKU00131,2025-10-27,72,76.0
SKU00131,2025-11-03,88,100.0
SKU00131,2025-11-10,72,65.0
SKU00131,2025-11-17,79,105.0
SKU00131,2025-11-24,46,72.0
SKU00131,2025-12-01,108,64.0
SKU00131,2025-12-08,97,70.0
SKU00131,2025-12-15,71,134.0
SKU00131,2025-12-22,58,61.0
SKU00131,2025-12-29,48,50.0
SKU00132,2024-01-01,64,
SKU00132,2024-01-08,40,
SKU00132,2024-01-15,56,
SKU00132,2024-01-22,35,
SKU00132,2024-01-29,42,
SKU00132,2024-02-05,43,
SKU00132,2024-02-12,53,
SKU00132,2024-02-19,48,
SKU00132,2024-02-26,60,
SKU00132,2024-03-04,60,
SKU00132,2024-03-11,64,
SKU00132,2024-03-18,65,
SKU00132,2024-03-25,110,
SKU00132,2024-04-01,53,
SKU00132,2024-04-08,82,
SKU00132,2024-04-15,41,
SKU00132,2024-04-22,50,
SKU00132,2024-04-29,34,
SKU00132,2024-05-06,46,
SKU00132,2024-05-13,47,
SKU00132,2024-05-20,51,
SKU00132,2024-05-27,40,
SKU00132,2024-06-03,24,
SKU00132,2024-06-10,41,
SKU00132,2024-06-17,27,
SKU00132,2024-06-24,60,
SKU00132,2024-07-01,65,
SKU00132,2024-07-08,47,
SKU00132,2024-07-15,43,
SKU00132,2024-07-22,62,
SKU00132,2024-07-29,61,
SKU00132,2024-08-05,36,
SKU00132,2024-08-12,51,
SKU00132,2024-08-19,66,
SKU00132,2024-08-26,54,
SKU00132,2024-09-02,60,
SKU00132,2024-09-09,57,
SKU00132,2024-09-16,58,
SKU00132,2024-09-23,57,
SKU00132,2024-09-30,58,
SKU00132,2024-10-07,53,
SKU00132,2024-10-14,37,
SKU00132,2024-10-21,52,
SKU00132,2024-10-28,70,
SKU00132,2024-11-04,83,
SKU00132,2024-11-11,93,
SKU00132,2024-11-18,116,
SKU00132,2024-11-25,109,
SKU00132,2024-12-02,83,
SKU00132,2024-12-09,108,
SKU00132,2024-12-16,158,
SKU00132,2024-12-23,142,
SKU00132,2024-12-30,36,64.0
SKU00132,2025-01-06,28,40.0
SKU00132,2025-01-13,38,56.0
SKU00132,2025-01-20,37,35.0
SKU00132,2025-01-27,72,42.0
SKU00132,2025-02-03,71,43.0
SKU00132,2025-02-10,59,53.0
SKU00132,2025-02-17,39,48.0
SKU00132,2025-02-24,42,60.0
SKU00132,2025-03-03,51,60.0
SKU00132,2025-03-10,43,64.0
SKU00132,2025-03-17,43,65.0
SKU00132,2025-03-24,64,110.0
SKU00132,2025-03-31,50,53.0
SKU00132,2025-04-07,42,82.0
SKU00132,2025-04-14,43,41.0
SKU00132,2025-04-21,71,50.0
SKU00132,2025-04-28,39,34.0
SKU00132,2025-05-05,31,46.0
SKU00132,2025-05-12,55,47.0
SKU00132,2025-05-19,25,51.0
SKU00132,2025-05-26,40,40.0
SKU00132,2025-06-02,40,24.0
SKU00132,2025-06-09,72,41.0
SKU00132,2025-06-16,41,27.0
SKU00132,2025-06-23,30,60.0
SKU00132,2025-06-30,63,65.0
SKU00132,2025-07-07,50,47.0
SKU00132,2025-07-14,82,43.0
SKU00132,2025-07-21,87,62.0
SKU00132,2025-07-28,53,61.0
SKU00132,2025-08-04,55,36.0
SKU00132,2025-08-11,50,51.0
SKU00132,2025-08-18,67,66.0
SKU00132,2025-08-25,98,54.0
SKU00132,2025-09-01,57,60.0
SKU00132,2025-09-08,83,57.0
SKU00132,2025-09-15,70,58.0
SKU00132,2025-09-22,92,57.0
SKU00132,2025-09-29,57,58.0
SKU00132,2025-10-06,54,53.0
SKU00132,2025-10-13,42,37.0
SKU00132,2025-10-20,38,52.0
SKU00132,2025-10-27,67,70.0
SKU00132,2025-11-03,85,83.0
SKU00132,2025-11-10,85,93.0
SKU00132,2025-11-17,69,116.0
SKU00132,2025-11-24,71,109.0
SKU00132,2025-12-01,73,83.0
SKU00132,2025-12-08,86,108.0
SKU00132,2025-12-15,82,158.0
SKU00132,2025-12-22,69,142.0
SKU00132,2025-12-29,13,36.0
SKU00133,2024-01-01,55,
SKU00133,2024-01-08,25,
SKU00133,2024-01-15,66,
SKU00133,2024-01-22,35,
SKU00133,2024-01-29,41,
SKU00133,2024-02-05,44,
SKU00133,2024-02-12,49,
SKU00133,2024-02-19,51,
SKU00133,2024-02-26,50,
SKU00133,2024-03-04,38,
SKU00133,2024-03-11,50,
SKU00133,2024-03-18,41,
SKU00133,2024-03-25,43,
SKU00133,2024-04-01,67,
SKU00133,2024-04-08,49,
SKU00133,2024-04-15,27,
SKU00133,2024-04-22,40,
SKU00133,2024-04-29,45,
SKU00133,2024-05-06,77,
SKU00133,2024-05-13,92,
SKU00133,2024-05-20,43,
SKU00133,2024-05-27,68,
SKU00133,2024-06-03,54,
SKU00133,2024-06-10,71,
SKU00133,2024-06-17,87,
SKU00133,2024-06-24,97,
SKU00133,2024-07-01,41,
SKU00133,2024-07-08,52,
SKU00133,2024-07-15,31,
SKU00133,2024-07-22,76,
SKU00133,2024-07-29,79,
SKU00133,2024-08-05,42,
SKU00133,2024-08-12,29,
SKU00133,2024-08-19,61,
SKU00133,2024-08-26,50,
SKU00133,2024-09-02,72,
SKU00133,2024-09-09,63,
SKU00133,2024-09-16,50,
SKU00133,2024-09-23,55,
SKU00133,2024-09-30,42,
SKU00133,2024-10-07,73,
SKU00133,2024-10-14,57,
SKU00133,2024-10-21,79,
SKU00133,2024-10-28,51,
SKU00133,2024-11-04,71,
SKU00133,2024-11-11,66,
SKU00133,2024-11-18,76,
SKU00133,2024-11-25,118,
SKU00133,2024-12-02,63,
SKU00133,2024-12-09,88,
SKU00133,2024-12-16,92,
SKU00133,2024-12-23,128,
SKU00133,2024-12-30,54,55.0
SKU00133,2025-01-06,43,25.0
SKU00133,2025-01-13,23,66.0
SKU00133,2025-01-20,55,35.0
SKU00133,2025-01-27,44,41.0
SKU00133,2025-02-03,32,44.0
SKU00133,2025-02-10,46,49.0
SKU00133,2025-02-17,40,51.0
SKU00133,2025-02-24,39,50.0
SKU00133,2025-03-03,32,38.0
SKU00133,2025-03-10,53,50.0
SKU00133,2025-03-17,78,41.0
SKU00133,2025-03-24,60,43.0
SKU00133,2025-03-31,54,67.0
SKU00133,2025-04-07,76,49.0
SKU00133,2025-04-14,46,27.0
SKU00133,2025-04-21,77,40.0
SKU00133,2025-04-28,63,45.0
SKU00133,2025-05-05,65,77.0
SKU00133,2025-05-12,52,92.0
SKU00133,2025-05-19,46,43.0
SKU00133,2025-05-26,62,68.0
SKU00133,2025-06-02,70,54.0
SKU00133,2025-06-09,68,71.0
SKU00133,2025-06-16,70,87.0
SKU00133,2025-06-23,76,97.0
SKU00133,2025-06-30,37,41.0
SKU00133,2025-07-07,59,52.0
SKU00133,2025-07-14,36,31.0
SKU00133,2025-07-21,41,76.0
SKU00133,2025-07-28,66,79.0
SKU00133,2025-08-04,56,42.0
SKU00133,2025-08-11,52,29.0
SKU00133,2025-08-18,63,61.0
SKU00133,2025-08-25,63,50.0
SKU00133,2025-09-01,85,72.0
SKU00133,2025-09-08,37,63.0
SKU00133,2025-09-15,49,50.0
SKU00133,2025-09-22,42,55.0
SKU00133,2025-09-29,52,42.0
SKU00133,2025-10-06,25,73.0
SKU00133,2025-10-13,77,57.0
SKU00133,2025-10-20,39,79.0
SKU00133,2025-10-27,76,51.0
SKU00133,2025-11-03,76,71.0
SKU00133,2025-11-10,66,66.0
SKU00133,2025-11-17,98,76.0
SKU00133,2025-11-24,93,118.0
SKU00133,2025-12-01,88,63.0
SKU00133,2025-12-08,114,88.0
SKU00133,2025-12-15,100,92.0
SKU00133,2025-12-22,92,128.0
SKU00133,2025-12-29,19,54.0
SKU00134,2024-01-01,55,
SKU00134,2024-01-08,33,
SKU00134,2024-01-15,46,
SKU00134,2024-01-22,44,
SKU00134,2024-01-29,73,
SKU00134,2024-02-05,60,
SKU00134,2024-02-12,56,
SKU00134,2024-02-19,51,
SKU00134,2024-02-26,57,
SKU00134,2024-03-04,23,
SKU00134,2024-03-11,54,
SKU00134,2024-03-18,81,
SKU00134,2024-03-25,81,
SKU00134,2024-04-01,73,
SKU00134,2024-04-08,45,
SKU00134,2024-04-15,91,
SKU00134,2024-04-22,38,
SKU00134,2024-04-29,58,
SKU00134,2024-05-06,48,
SKU00134,2024-05-13,69,
SKU00134,2024-05-20,45,
SKU00134,2024-05-27,41,
SKU00134,2024-06-03,62,
SKU00134,2024-06-10,94,
SKU00134,2024-06-17,46,
SKU00134,2024-06-24,58,
SKU00134,2024-07-01,21,
SKU00134,2024-07-08,43,
SKU00134,2024-07-15,38,
SKU00134,2024-07-22,69,
SKU00134,2024-07-29,24,
SKU00134,2024-08-05,63,
SKU00134,2024-08-12,40,
SKU00134,2024-08-19,46,
SKU00134,2024-08-26,41,
SKU00134,2024-09-02,76,
SKU00134,2024-09-09,47,
SKU00134,2024-09-16,63,
SKU00134,2024-09-23,44,
SKU00134,2024-09-30,57,
SKU00134,2024-10-07,31,
SKU00134,2024-10-14,78,
SKU00134,2024-10-21,46,
SKU00134,2024-10-28,63,
SKU00134,2024-11-04,121,
SKU00134,2024-11-11,98,
SKU00134,2024-11-18,72,
SKU00134,2024-11-25,93,
SKU00134,2024-12-02,83,
SKU00134,2024-12-09,89,
SKU00134,2024-12-16,100,
SKU00134,2024-12-23,117,
SKU00134,2024-12-30,72,55.0
SKU00134,2025-01-06,42,33.0
SKU00134,2025-01-13,24,46.0
SKU00134,2025-01-20,49,44.0
SKU00134,2025-01-27,41,73.0
SKU00134,2025-02-03,62,60.0
SKU00134,2025-02-10,36,56.0
SKU00134,2025-02-17,39,51.0
SKU00134,2025-02-24,52,57.0
SKU00134,2025-03-03,46,23.0
SKU00134,2025-03-10,31,54.0
SKU00134,2025-03-17,39,81.0
SKU00134,2025-03-24,53,81.0
SKU00134,2025-03-31,73,73.0
SKU00134,2025-04-07,43,45.0
SKU00134,2025-04-14,47,91.0
SKU00134,2025-04-21,69,38.0
SKU00134,2025-04-28,73,58.0
SKU00134,2025-05-05,32,48.0
SKU00134,2025-05-12,55,69.0
SKU00134,2025-05-19,41,45.0
SKU00134,2025-05-26,59,41.0
SKU00134,2025-06-02,45,62.0
SKU00134,2025-06-09,35,94.0
SKU00134,2025-06-16,49,46.0
SKU00134,2025-06-23,59,58.0
SKU00134,2025-06-30,85,21.0
SKU00134,2025-07-07,38,43.0
SKU00134,2025-07-14,55,38.0
SKU00134,2025-07-21,50,69.0
SKU00134,2025-07-28,64,24.0
SKU00134,2025-08-04,48,63.0
SKU00134,2025-08-11,45,40.0
SKU00134,2025-08-18,73,46.0
SKU00134,2025-08-25,49,41.0
SKU00134,2025-09-01,55,76.0
SKU00134,2025-09-08,39,47.0
SKU00134,2025-09-15,75,63.0
SKU00134,2025-09-22,68,44.0
SKU00134,2025-09-29,55,57.0
SKU00134,2025-10-06,73,31.0
SKU00134,2025-10-13,35,78.0
SKU00134,2025-10-20,52,46.0
SKU00134,2025-10-27,68,63.0
SKU00134,2025-11-03,78,121.0
SKU00134,2025-11-10,101,98.0
SKU00134,2025-11-17,86,72.0
SKU00134,2025-11-24,68,93.0
SKU00134,2025-12-01,76,83.0
SKU00134,2025-12-08,64,89.0
SKU00134,2025-12-15,74,100.0
SKU00134,2025-12-22,70,117.0
SKU00134,2025-12-29,29,72.0
SKU00135,2024-01-01,34,
SKU00135,2024-01-08,82,
SKU00135,2024-01-15,48,
SKU00135,2024-01-22,54,
SKU00135,2024-01-29,22,
SKU00135,2024-02-05,45,
SKU00135,2024-02-12,19,
SKU00135,2024-02-19,44,
SKU00135,2024-02-26,86,
SKU00135,2024-03-04,53,
SKU00135,2024-03-11,91,
SKU00135,2024-03-18,54,
SKU00135,2024-03-25,50,
SKU00135,2024-04-01,48,
SKU00135,2024-04-08,52,
SKU00135,2024-04-15,32,
SKU00135,2024-04-22,56,
SKU00135,2024-04-29,33,
SKU00135,2024-05-06,39,
SKU00135,2024-05-13,40,
SKU00135,2024-05-20,57,
SKU00135,2024-05-27,84,
SKU00135,2024-06-03,49,
SKU00135,2024-06-10,75,
SKU00135,2024-06-17,87,
SKU00135,2024-06-24,77,
SKU00135,2024-07-01,59,
SKU00135,2024-07-08,49,
SKU00135,2024-07-15,25,
SKU00135,2024-07-22,67,
SKU00135,2024-07-29,79,
SKU00135,2024-08-05,59,
SKU00135,2024-08-12,46,
SKU00135,2024-08-19,64,
SKU00135,2024-08-26,46,
SKU00135,2024-09-02,64,
SKU00135,2024-09-09,34,
SKU00135,2024-09-16,73,
SKU00135,2024-09-23,41,
SKU00135,2024-09-30,46,
SKU00135,2024-10-07,79,
SKU00135,2024-10-14,37,
SKU00135,2024-10-21,52,
SKU00135,2024-10-28,79,
SKU00135,2024-11-04,86,
SKU00135,2024-11-11,76,
SKU00135,2024-11-18,85,
SKU00135,2024-11-25,87,
SKU00135,2024-12-02,87,
SKU00135,2024-12-09,77,
SKU00135,2024-12-16,106,
SKU00135,2024-12-23,60,
SKU00135,2024-12-30,67,34.0
SKU00135,2025-01-06,59,82.0
SKU00135,2025-01-13,52,48.0
SKU00135,2025-01-20,43,54.0
SKU00135,2025-01-27,39,22.0
SKU00135,2025-02-03,41,45.0
SKU00135,2025-02-10,52,19.0
SKU00135,2025-02-17,82,44.0
SKU00135,2025-02-24,51,86.0
SKU00135,2025-03-03,38,53.0
SKU00135,2025-03-10,55,91.0
SKU00135,2025-03-17,76,54.0
SKU00135,2025-03-24,53,50.0
SKU00135,2025-03-31,50,48.0
SKU00135,2025-04-07,22,52.0
SKU00135,2025-04-14,72,32.0
SKU00135,2025-04-21,50,56.0
SKU00135,2025-04-28,61,33.0
SKU00135,2025-05-05,58,39.0
SKU00135,2025-05-12,40,40.0
SKU00135,2025-05-19,36,57.0
SKU00135,2025-05-26,33,84.0
SKU00135,2025-06-02,68,49.0
SKU00135,2025-06-09,73,75.0
SKU00135,2025-06-16,64,87.0
SKU00135,2025-06-23,50,77.0
SKU00135,2025-06-30,46,59.0
SKU00135,2025-07-07,66,49.0
SKU00135,2025-07-14,70,25.0
SKU00135,2025-07-21,39,67.0
SKU00135,2025-07-28,59,79.0
SKU00135,2025-08-04,61,59.0
SKU00135,2025-08-11,49,46.0
SKU00135,2025-08-18,42,64.0
SKU00135,2025-08-25,57,46.0
SKU00135,2025-09-01,43,64.0
SKU00135,2025-09-08,40,34.0
SKU00135,2025-09-15,85,73.0
SKU00135,2025-09-22,44,41.0
SKU00135,2025-09-29,36,46.0
SKU00135,2025-10-06,39,79.0
SKU00135,2025-10-13,42,37.0
SKU00135,2025-10-20,62,52.0
SKU00135,2025-10-27,80,79.0
SKU00135,2025-11-03,76,86.0
SKU00135,2025-11-10,67,76.0
SKU00135,2025-11-17,66,85.0
SKU00135,2025-11-24,99,87.0
SKU00135,2025-12-01,79,87.0
SKU00135,2025-12-08,82,77.0
SKU00135,2025-12-15,81,106.0
SKU00135,2025-12-22,70,60.0
SKU00135,2025-12-29,72,67.0
SKU00136,2024-01-01,70,
SKU00136,2024-01-08,39,
SKU00136,2024-01-15,32,
SKU00136,2024-01-22,67,
SKU00136,2024-01-29,57,
SKU00136,2024-02-05,34,
SKU00136,2024-02-12,57,
SKU00136,2024-02-19,39,
SKU00136,2024-02-26,61,
SKU00136,2024-03-04,43,
SKU00136,2024-03-11,53,
SKU00136,2024-03-18,34,
SKU00136,2024-03-25,60,
SKU00136,2024-04-01,69,
SKU00136,2024-04-08,39,
SKU00136,2024-04-15,83,
SKU00136,2024-04-22,92,
SKU00136,2024-04-29,44,
SKU00136,2024-05-06,54,
SKU00136,2024-05-13,59,
SKU00136,2024-05-20,51,
SKU00136,2024-05-27,53,
SKU00136,2024-06-03,47,
SKU00136,2024-06-10,49,
SKU00136,2024-06-17,33,
SKU00136,2024-06-24,31,
SKU00136,2024-07-01,84,
SKU00136,2024-07-08,34,
SKU00136,2024-07-15,59,
SKU00136,2024-07-22,69,
SKU00136,2024-07-29,71,
SKU00136,2024-08-05,54,
SKU00136,2024-08-12,38,
SKU00136,2024-08-19,69,
SKU00136,2024-08-26,84,
SKU00136,2024-09-02,50,
SKU00136,2024-09-09,41,
SKU00136,2024-09-16,44,
SKU00136,2024-09-23,67,
SKU00136,2024-09-30,42,
SKU00136,2024-10-07,41,
SKU00136,2024-10-14,64,
SKU00136,2024-10-21,68,
SKU00136,2024-10-28,85,
SKU00136,2024-11-04,119,
SKU00136,2024-11-11,78,
SKU00136,2024-11-18,101,
SKU00136,2024-11-25,97,
SKU00136,2024-12-02,100,
SKU00136,2024-12-09,64,
SKU00136,2024-12-16,85,
SKU00136,2024-12-23,83,
SKU00136,2024-12-30,77,70.0
SKU00136,2025-01-06,50,39.0
SKU00136,2025-01-13,62,32.0
SKU00136,2025-01-20,60,67.0
SKU00136,2025-01-27,56,57.0
SKU00136,2025-02-03,56,34.0
SKU00136,2025-02-10,75,57.0
SKU00136,2025-02-17,41,39.0
SKU00136,2025-02-24,56,61.0
SKU00136,2025-03-03,46,43.0
SKU00136,2025-03-10,45,53.0
SKU00136,2025-03-17,55,34.0
SKU00136,2025-03-24,46,60.0
SKU00136,2025-03-31,41,69.0
SKU00136,2025-04-07,41,39.0
SKU00136,2025-04-14,44,83.0
SKU00136,2025-04-21,91,92.0
SKU00136,2025-04-28,52,44.0
SKU00136,2025-05-05,65,54.0
SKU00136,2025-05-12,34,59.0
SKU00136,2025-05-19,72,51.0
SKU00136,2025-05-26,50,53.0
SKU00136,2025-06-02,69,47.0
SKU00136,2025-06-09,58,49.0
SKU00136,2025-06-16,48,33.0
SKU00136,2025-06-23,59,31.0
SKU00136,2025-06-30,38,84.0
SKU00136,2025-07-07,68,34.0
SKU00136,2025-07-14,59,59.0
SKU00136,2025-07-21,41,69.0
SKU00136,2025-07-28,52,71.0
SKU00136,2025-08-04,50,54.0
SKU00136,2025-08-11,46,38.0
SKU00136,2025-08-18,61,69.0
SKU00136,2025-08-25,78,84.0
SKU00136,2025-09-01,60,50.0
SKU00136,2025-09-08,81,41.0
SKU00136,2025-09-15,56,44.0
SKU00136,2025-09-22,57,67.0
SKU00136,2025-09-29,49,42.0
SKU00136,2025-10-06,78,41.0
SKU00136,2025-10-13,42,64.0
SKU00136,2025-10-20,67,68.0
SKU00136,2025-10-27,51,85.0
SKU00136,2025-11-03,77,119.0
SKU00136,2025-11-10,86,78.0
SKU00136,2025-11-17,79,101.0
SKU00136,2025-11-24,114,97.0
SKU00136,2025-12-01,84,100.0
SKU00136,2025-12-08,103,64.0
SKU00136,2025-12-15,82,85.0
SKU00136,2025-12-22,62,83.0
SKU00136,2025-12-29,21,77.0
SKU00137,2024-01-01,53,
SKU00137,2024-01-08,53,
SKU00137,2024-01-15,65,
SKU00137,2024-01-22,37,
SKU00137,2024-01-29,25,
SKU00137,2024-02-05,43,
SKU00137,2024-02-12,43,
SKU00137,2024-02-19,35,
SKU00137,2024-02-26,36,
SKU00137,2024-03-04,56,
SKU00137,2024-03-11,48,
SKU00137,2024-03-18,32,
SKU00137,2024-03-25,52,
SKU00137,2024-04-01,41,
SKU00137,2024-04-08,72,
SKU00137,2024-04-15,47,
SKU00137,2024-04-22,50,
SKU00137,2024-04-29,64,
SKU00137,2024-05-06,59,
SKU00137,2024-05-13,61,
SKU00137,2024-05-20,73,
SKU00137,2024-05-27,50,
SKU00137,2024-06-03,49,
SKU00137,2024-06-10,41,
SKU00137,2024-06-17,67,
SKU00137,2024-06-24,37,
SKU00137,2024-07-01,86,
SKU00137,2024-07-08,47,
SKU00137,2024-07-15,68,
SKU00137,2024-07-22,57,
SKU00137,2024-07-29,55,
SKU00137,2024-08-05,49,
SKU00137,2024-08-12,41,
SKU00137,2024-08-19,37,
SKU00137,2024-08-26,36,
SKU00137,2024-09-02,71,
SKU00137,2024-09-09,58,
SKU00137,2024-09-16,56,
SKU00137,2024-09-23,44,
SKU00137,2024-09-30,38,
SKU00137,2024-10-07,39,
SKU00137,2024-10-14,63,
SKU00137,2024-10-21,66,
SKU00137,2024-10-28,61,
SKU00137,2024-11-04,117,
SKU00137,2024-11-11,92,
SKU00137,2024-11-18,70,
SKU00137,2024-11-25,78,
SKU00137,2024-12-02,90,
SKU00137,2024-12-09,79,
SKU00137,2024-12-16,70,
SKU00137,2024-12-23,66,
SKU00137,2024-12-30,42,53.0
SKU00137,2025-01-06,40,53.0
SKU00137,2025-01-13,48,65.0
SKU00137,2025-01-20,18,37.0
SKU00137,2025-01-27,33,25.0
SKU00137,2025-02-03,48,43.0
SKU00137,2025-02-10,32,43.0
SKU00137,2025-02-17,43,35.0
SKU00137,2025-02-24,62,36.0
SKU00137,2025-03-03,67,56.0
SKU00137,2025-03-10,51,48.0
SKU00137,2025-03-17,61,32.0
SKU00137,2025-03-24,56,52.0
SKU00137,2025-03-31,56,41.0
SKU00137,2025-04-07,67,72.0
SKU00137,2025-04-14,47,47.0
SKU00137,2025-04-21,68,50.0
SKU00137,2025-04-28,69,64.0
SKU00137,2025-05-05,45,59.0
SKU00137,2025-05-12,38,61.0
SKU00137,2025-05-19,42,73.0
SKU00137,2025-05-26,58,50.0
SKU00137,2025-06-02,68,49.0
SKU00137,2025-06-09,57,41.0
SKU00137,2025-06-16,54,67.0
SKU00137,2025-06-23,67,37.0
SKU00137,2025-06-30,45,86.0
SKU00137,2025-07-07,57,47.0
SKU00137,2025-07-14,48,68.0
SKU00137,2025-07-21,59,57.0
SKU00137,2025-07-28,84,55.0
SKU00137,2025-08-04,66,49.0
SKU00137,2025-08-11,45,41.0
SKU00137,2025-08-18,52,37.0
SKU00137,2025-08-25,44,36.0
SKU00137,2025-09-01,88,71.0
SKU00137,2025-09-08,52,58.0
SKU00137,2025-09-15,49,56.0
SKU00137,2025-09-22,46,44.0
SKU00137,2025-09-29,52,38.0
SKU00137,2025-10-06,66,39.0
SKU00137,2025-10-13,66,63.0
SKU00137,2025-10-20,39,66.0
SKU00137,2025-10-27,70,61.0
SKU00137,2025-11-03,132,117.0
SKU00137,2025-11-10,94,92.0
SKU00137,2025-11-17,46,70.0
SKU00137,2025-11-24,104,78.0
SKU00137,2025-12-01,102,90.0
SKU00137,2025-12-08,103,79.0
SKU00137,2025-12-15,85,70.0
SKU00137,2025-12-22,99,66.0
SKU00137,2025-12-29,25,42.0
SKU00138,2024-01-01,41,
SKU00138,2024-01-08,64,
SKU00138,2024-01-15,35,
SKU00138,2024-01-22,54,
SKU00138,2024-01-29,52,
SKU00138,2024-02-05,81,
SKU00138,2024-02-12,37,
SKU00138,2024-02-19,67,
SKU00138,2024-02-26,55,
SKU00138,2024-03-04,56,
SKU00138,2024-03-11,44,
SKU00138,2024-03-18,61,
SKU00138,2024-03-25,72,
SKU00138,2024-04-01,48,
SKU00138,2024-04-08,34,
SKU00138,2024-04-15,71,
SKU00138,2024-04-22,70,
SKU00138,2024-04-29,46,
SKU00138,2024-05-06,73,
SKU00138,2024-05-13,40,
SKU00138,2024-05-20,46,
SKU00138,2024-05-27,42,
SKU00138,2024-06-03,52,
SKU00138,2024-06-10,48,
SKU00138,2024-06-17,74,
SKU00138,2024-06-24,34,
SKU00138,2024-07-01,46,
SKU00138,2024-07-08,51,
SKU00138,2024-07-15,70,
SKU00138,2024-07-22,61,
SKU00138,2024-07-29,39,
SKU00138,2024-08-05,56,
SKU00138,2024-08-12,56,
SKU00138,2024-08-19,65,
SKU00138,2024-08-26,38,
SKU00138,2024-09-02,54,
SKU00138,2024-09-09,42,
SKU00138,2024-09-16,73,
SKU00138,2024-09-23,32,
SKU00138,2024-09-30,75,
SKU00138,2024-10-07,45,
SKU00138,2024-10-14,76,
SKU00138,2024-10-21,53,
SKU00138,2024-10-28,92,
SKU00138,2024-11-04,103,
SKU00138,2024-11-11,117,
SKU00138,2024-11-18,64,
SKU00138,2024-11-25,118,
SKU00138,2024-12-02,75,
SKU00138,2024-12-09,79,
SKU00138,2024-12-16,72,
SKU00138,2024-12-23,75,
SKU00138,2024-12-30,37,41.0
SKU00138,2025-01-06,54,64.0
SKU00138,2025-01-13,39,35.0
SKU00138,2025-01-20,73,54.0
SKU00138,2025-01-27,28,52.0
SKU00138,2025-02-03,39,81.0
SKU00138,2025-02-10,42,37.0
SKU00138,2025-02-17,62,67.0
SKU00138,2025-02-24,60,55.0
SKU00138,2025-03-03,41,56.0
SKU00138,2025-03-10,71,44.0
SKU00138,2025-03-17,47,61.0
SKU00138,2025-03-24,35,72.0
SKU00138,2025-03-31,53,48.0
SKU00138,2025-04-07,50,34.0
SKU00138,2025-04-14,57,71.0
SKU00138,2025-04-21,49,70.0
SKU00138,2025-04-28,73,46.0
SKU00138,2025-05-05,82,73.0
SKU00138,2025-05-12,66,40.0
SKU00138,2025-05-19,54,46.0
SKU00138,2025-05-26,52,42.0
SKU00138,2025-06-02,48,52.0
SKU00138,2025-06-09,31,48.0
SKU00138,2025-06-16,52,74.0
SKU00138,2025-06-23,44,34.0
SKU00138,2025-06-30,30,46.0
SKU00138,2025-07-07,63,51.0
SKU00138,2025-07-14,39,70.0
SKU00138,2025-07-21,82,61.0
SKU00138,2025-07-28,66,39.0
SKU00138,2025-08-04,52,56.0
SKU00138,2025-08-11,57,56.0
SKU00138,2025-08-18,46,65.0
SKU00138,2025-08-25,48,38.0
SKU00138,2025-09-01,71,54.0
SKU00138,2025-09-08,55,42.0
SKU00138,2025-09-15,43,73.0
SKU00138,2025-09-22,68,32.0
SKU00138,2025-09-29,45,75.0
SKU00138,2025-10-06,45,45.0
SKU00138,2025-10-13,60,76.0
SKU00138,2025-10-20,44,53.0
SKU00138,2025-10-27,67,92.0
SKU00138,2025-11-03,100,103.0
SKU00138,2025-11-10,114,117.0
SKU00138,2025-11-17,88,64.0
SKU00138,2025-11-24,99,118.0
SKU00138,2025-12-01,93,75.0
SKU00138,2025-12-08,70,79.0
SKU00138,2025-12-15,80,72.0
SKU00138,2025-12-22,95,75.0
SKU00138,2025-12-29,19,37.0
SKU00139,2024-01-01,56,
SKU00139,2024-01-08,61,
SKU00139,2024-01-15,52,
SKU00139,2024-01-22,31,
SKU00139,2024-01-29,43,
SKU00139,2024-02-05,38,
SKU00139,2024-02-12,32,
SKU00139,2024-02-19,70,
SKU00139,2024-02-26,55,
SKU00139,2024-03-04,37,
SKU00139,2024-03-11,59,
SKU00139,2024-03-18,57,
SKU00139,2024-03-25,50,
SKU00139,2024-04-01,44,
SKU00139,2024-04-08,54,
SKU00139,2024-04-15,51,
SKU00139,2024-04-22,45,
SKU00139,2024-04-29,48,
SKU00139,2024-05-06,57,
SKU00139,2024-05-13,31,
SKU00139,2024-05-20,60,
SKU00139,2024-05-27,26,
SKU00139,2024-06-03,76,
SKU00139,2024-06-10,39,
SKU00139,2024-06-17,89,
SKU00139,2024-06-24,58,
SKU00139,2024-07-01,87,
SKU00139,2024-07-08,68,
SKU00139,2024-07-15,67,
SKU00139,2024-07-22,56,
SKU00139,2024-07-29,66,
SKU00139,2024-08-05,52,
SKU00139,2024-08-12,51,
SKU00139,2024-08-19,103,
SKU00139,2024-08-26,52,
SKU00139,2024-09-02,56,
SKU00139,2024-09-09,45,
SKU00139,2024-09-16,62,
SKU00139,2024-09-23,42,
SKU00139,2024-09-30,69,
SKU00139,2024-10-07,51,
SKU00139,2024-10-14,49,
SKU00139,2024-10-21,43,
SKU00139,2024-10-28,134,
SKU00139,2024-11-04,60,
SKU00139,2024-11-11,85,
SKU00139,2024-11-18,73,
SKU00139,2024-11-25,103,
SKU00139,2024-12-02,95,
SKU00139,2024-12-09,93,
SKU00139,2024-12-16,107,
SKU00139,2024-12-23,106,
SKU00139,2024-12-30,59,56.0
SKU00139,2025-01-06,58,61.0
SKU00139,2025-01-13,19,52.0
SKU00139,2025-01-20,42,31.0
SKU00139,2025-01-27,81,43.0
SKU00139,2025-02-03,62,38.0
SKU00139,2025-02-10,45,32.0
SKU00139,2025-02-17,28,70.0
SKU00139,2025-02-24,53,55.0
SKU00139,2025-03-03,49,37.0
SKU00139,2025-03-10,90,59.0
SKU00139,2025-03-17,73,57.0
SKU00139,2025-03-24,50,50.0
SKU00139,2025-03-31,65,44.0
SKU00139,2025-04-07,65,54.0
SKU00139,2025-04-14,73,51.0
SKU00139,2025-04-21,70,45.0
SKU00139,2025-04-28,61,48.0
SKU00139,2025-05-05,54,57.0
SKU00139,2025-05-12,58,31.0
SKU00139,2025-05-19,57,60.0
SKU00139,2025-05-26,65,26.0
SKU00139,2025-06-02,47,76.0
SKU00139,2025-06-09,74,39.0
SKU00139,2025-06-16,46,89.0
SKU00139,2025-06-23,39,58.0
SKU00139,2025-06-30,50,87.0
SKU00139,2025-07-07,86,68.0
SKU00139,2025-07-14,60,67.0
SKU00139,2025-07-21,67,56.0
SKU00139,2025-07-28,58,66.0
SKU00139,2025-08-04,40,52.0
SKU00139,2025-08-11,71,51.0
SKU00139,2025-08-18,67,103.0
SKU00139,2025-08-25,55,52.0
SKU00139,2025-09-01,58,56.0
SKU00139,2025-09-08,70,45.0
SKU00139,2025-09-15,62,62.0
SKU00139,2025-09-22,56,42.0
SKU00139,2025-09-29,47,69.0
SKU00139,2025-10-06,45,51.0
SKU00139,2025-10-13,66,49.0
SKU00139,2025-10-20,41,43.0
SKU00139,2025-10-27,74,134.0
SKU00139,2025-11-03,79,60.0
SKU00139,2025-11-10,81,85.0
SKU00139,2025-11-17,98,73.0
SKU00139,2025-11-24,56,103.0
SKU00139,2025-12-01,37,95.0
SKU00139,2025-12-08,78,93.0
SKU00139,2025-12-15,93,107.0
SKU00139,2025-12-22,104,106.0
SKU00139,2025-12-29,21,59.0
SKU00140,2024-01-01,32,
SKU00140,2024-01-08,57,
SKU00140,2024-01-15,49,
SKU00140,2024-01-22,31,
SKU00140,2024-01-29,40,
SKU00140,2024-02-05,46,
SKU00140,2024-02-12,45,
SKU00140,2024-02-19,47,
SKU00140,2024-02-26,57,
SKU00140,2024-03-04,57,
SKU00140,2024-03-11,59,
SKU00140,2024-03-18,70,
SKU00140,2024-03-25,64,
SKU00140,2024-04-01,34,
SKU00140,2024-04-08,75,
SKU00140,2024-04-15,30,
SKU00140,2024-04-22,62,
SKU00140,2024-04-29,66,
SKU00140,2024-05-06,70,
SKU00140,2024-05-13,40,
SKU00140,2024-05-20,30,
SKU00140,2024-05-27,54,
SKU00140,2024-06-03,42,
SKU00140,2024-06-10,55,
SKU00140,2024-06-17,69,
SKU00140,2024-06-24,45,
SKU00140,2024-07-01,50,
SKU00140,2024-07-08,47,
SKU00140,2024-07-15,71,
SKU00140,2024-07-22,46,
SKU00140,2024-07-29,64,
SKU00140,2024-08-05,50,
SKU00140,2024-08-12,69,
SKU00140,2024-08-19,75,
SKU00140,2024-08-26,57,
SKU00140,2024-09-02,42,
SKU00140,2024-09-09,46,
SKU00140,2024-09-16,83,
SKU00140,2024-09-23,57,
SKU00140,2024-09-30,36,
SKU00140,2024-10-07,66,
SKU00140,2024-10-14,21,
SKU00140,2024-10-21,61,
SKU00140,2024-10-28,60,
SKU00140,2024-11-04,124,
SKU00140,2024-11-11,66,
SKU00140,2024-11-18,89,
SKU00140,2024-11-25,137,
SKU00140,2024-12-02,68,
SKU00140,2024-12-09,68,
SKU00140,2024-12-16,73,
SKU00140,2024-12-23,71,
SKU00140,2024-12-30,75,32.0
SKU00140,2025-01-06,32,57.0
SKU00140,2025-01-13,50,49.0
SKU00140,2025-01-20,57,31.0
SKU00140,2025-01-27,47,40.0
SKU00140,2025-02-03,37,46.0
SKU00140,2025-02-10,45,45.0
SKU00140,2025-02-17,46,47.0
SKU00140,2025-02-24,32,57.0
SKU00140,2025-03-03,44,57.0
SKU00140,2025-03-10,52,59.0
SKU00140,2025-03-17,35,70.0
SKU00140,2025-03-24,47,64.0
SKU00140,2025-03-31,45,34.0
SKU00140,2025-04-07,94,75.0
SKU00140,2025-04-14,41,30.0
SKU00140,2025-04-21,35,62.0
SKU00140,2025-04-28,46,66.0
SKU00140,2025-05-05,58,70.0
SKU00140,2025-05-12,32,40.0
SKU00140,2025-05-19,31,30.0
SKU00140,2025-05-26,61,54.0
SKU00140,2025-06-02,46,42.0
SKU00140,2025-06-09,41,55.0
SKU00140,2025-06-16,61,69.0
SKU00140,2025-06-23,59,45.0
SKU00140,2025-06-30,62,50.0
SKU00140,2025-07-07,60,47.0
SKU00140,2025-07-14,62,71.0
SKU00140,2025-07-21,48,46.0
SKU00140,2025-07-28,30,64.0
SKU00140,2025-08-04,39,50.0
SKU00140,2025-08-11,56,69.0
SKU00140,2025-08-18,42,75.0
SKU00140,2025-08-25,63,57.0
SKU00140,2025-09-01,56,42.0
SKU00140,2025-09-08,43,46.0
SKU00140,2025-09-15,45,83.0
SKU00140,2025-09-22,67,57.0
SKU00140,2025-09-29,70,36.0
SKU00140,2025-10-06,43,66.0
SKU00140,2025-10-13,65,21.0
SKU00140,2025-10-20,76,61.0
SKU00140,2025-10-27,47,60.0
SKU00140,2025-11-03,63,124.0
SKU00140,2025-11-10,97,66.0
SKU00140,2025-11-17,84,89.0
SKU00140,2025-11-24,105,137.0
SKU00140,2025-12-01,115,68.0
SKU00140,2025-12-08,97,68.0
SKU00140,2025-12-15,75,73.0
SKU00140,2025-12-22,93,71.0
SKU00140,2025-12-29,47,75.0
SKU00141,2024-01-01,43,
SKU00141,2024-01-08,38,
SKU00141,2024-01-15,45,
SKU00141,2024-01-22,53,
SKU00141,2024-01-29,25,
SKU00141,2024-02-05,23,
SKU00141,2024-02-12,36,
SKU00141,2024-02-19,78,
SKU00141,2024-02-26,52,
SKU00141,2024-03-04,51,
SKU00141,2024-03-11,76,
SKU00141,2024-03-18,18,
SKU00141,2024-03-25,64,
SKU00141,2024-04-01,36,
SKU00141,2024-04-08,49,
SKU00141,2024-04-15,86,
SKU00141,2024-04-22,44,
SKU00141,2024-04-29,84,
SKU00141,2024-05-06,77,
SKU00141,2024-05-13,40,
SKU00141,2024-05-20,57,
SKU00141,2024-05-27,62,
SKU00141,2024-06-03,60,
SKU00141,2024-06-10,45,
SKU00141,2024-06-17,32,
SKU00141,2024-06-24,54,
SKU00141,2024-07-01,57,
SKU00141,2024-07-08,96,
SKU00141,2024-07-15,71,
SKU00141,2024-07-22,38,
SKU00141,2024-07-29,58,
SKU00141,2024-08-05,67,
SKU00141,2024-08-12,21,
SKU00141,2024-08-19,33,
SKU00141,2024-08-26,56,
SKU00141,2024-09-02,49,
SKU00141,2024-09-09,50,
SKU00141,2024-09-16,75,
SKU00141,2024-09-23,53,
SKU00141,2024-09-30,46,
SKU00141,2024-10-07,57,
SKU00141,2024-10-14,58,
SKU00141,2024-10-21,54,
SKU00141,2024-10-28,71,
SKU00141,2024-11-04,88,
SKU00141,2024-11-11,76,
SKU00141,2024-11-18,106,
SKU00141,2024-11-25,94,
SKU00141,2024-12-02,124,
SKU00141,2024-12-09,77,
SKU00141,2024-12-16,83,
SKU00141,2024-12-23,115,
SKU00141,2024-12-30,55,43.0
SKU00141,2025-01-06,36,38.0
SKU00141,2025-01-13,77,45.0
SKU00141,2025-01-20,63,53.0
SKU00141,2025-01-27,43,25.0
SKU00141,2025-02-03,58,23.0
SKU00141,2025-02-10,35,36.0
SKU00141,2025-02-17,38,78.0
SKU00141,2025-02-24,50,52.0
SKU00141,2025-03-03,74,51.0
SKU00141,2025-03-10,39,76.0
SKU00141,2025-03-17,46,18.0
SKU00141,2025-03-24,19,64.0
SKU00141,2025-03-31,36,36.0
SKU00141,2025-04-07,34,49.0
SKU00141,2025-04-14,78,86.0
SKU00141,2025-04-21,41,44.0
SKU00141,2025-04-28,75,84.0
SKU00141,2025-05-05,80,77.0
SKU00141,2025-05-12,45,40.0
SKU00141,2025-05-19,63,57.0
SKU00141,2025-05-26,46,62.0
SKU00141,2025-06-02,65,60.0
SKU00141,2025-06-09,80,45.0
SKU00141,2025-06-16,30,32.0
SKU00141,2025-06-23,57,54.0
SKU00141,2025-06-30,79,57.0
SKU00141,2025-07-07,55,96.0
SKU00141,2025-07-14,48,71.0
SKU00141,2025-07-21,42,38.0
SKU00141,2025-07-28,53,58.0
SKU00141,2025-08-04,58,67.0
SKU00141,2025-08-11,63,21.0
SKU00141,2025-08-18,45,33.0
SKU00141,2025-08-25,58,56.0
SKU00141,2025-09-01,53,49.0
SKU00141,2025-09-08,51,50.0
SKU00141,2025-09-15,52,75.0
SKU00141,2025-09-22,66,53.0
SKU00141,2025-09-29,69,46.0
SKU00141,2025-10-06,67,57.0
SKU00141,2025-10-13,60,58.0
SKU00141,2025-10-20,47,54.0
SKU00141,2025-10-27,105,71.0
SKU00141,2025-11-03,78,88.0
SKU00141,2025-11-10,64,76.0
SKU00141,2025-11-17,77,106.0
SKU00141,2025-11-24,78,94.0
SKU00141,2025-12-01,61,124.0
SKU00141,2025-12-08,75,77.0
SKU00141,2025-12-15,109,83.0
SKU00141,2025-12-22,68,115.0
SKU00141,2025-12-29,46,55.0
SKU00142,2024-01-01,47,
SKU00142,2024-01-08,18,
SKU00142,2024-01-15,50,
SKU00142,2024-01-22,36,
SKU00142,2024-01-29,37,
SKU00142,2024-02-05,47,
SKU00142,2024-02-12,59,
SKU00142,2024-02-19,47,
SKU00142,2024-02-26,37,
SKU00142,2024-03-04,72,
SKU00142,2024-03-11,44,
SKU00142,2024-03-18,44,
SKU00142,2024-03-25,36,
SKU00142,2024-04-01,79,
SKU00142,2024-04-08,33,
SKU00142,2024-04-15,58,
SKU00142,2024-04-22,51,
SKU00142,2024-04-29,82,
SKU00142,2024-05-06,59,
SKU00142,2024-05-13,79,
SKU00142,2024-05-20,45,
SKU00142,2024-05-27,52,
SKU00142,2024-06-03,53,
SKU00142,2024-06-10,62,
SKU00142,2024-06-17,38,
SKU00142,2024-06-24,27,
SKU00142,2024-07-01,50,
SKU00142,2024-07-08,75,
SKU00142,2024-07-15,54,
SKU00142,2024-07-22,86,
SKU00142,2024-07-29,69,
SKU00142,2024-08-05,40,
SKU00142,2024-08-12,62,
SKU00142,2024-08-19,57,
SKU00142,2024-08-26,42,
SKU00142,2024-09-02,54,
SKU00142,2024-09-09,36,
SKU00142,2024-09-16,46,
SKU00142,2024-09-23,53,
SKU00142,2024-09-30,50,
SKU00142,2024-10-07,68,
SKU00142,2024-10-14,55,
SKU00142,2024-10-21,57,
SKU00142,2024-10-28,48,
SKU00142,2024-11-04,67,
SKU00142,2024-11-11,80,
SKU00142,2024-11-18,69,
SKU00142,2024-11-25,83,
SKU00142,2024-12-02,63,
SKU00142,2024-12-09,127,
SKU00142,2024-12-16,88,
SKU00142,2024-12-23,137,
SKU00142,2024-12-30,102,47.0
SKU00142,2025-01-06,75,18.0
SKU00142,2025-01-13,42,50.0
SKU00142,2025-01-20,39,36.0
SKU00142,2025-01-27,63,37.0
SKU00142,2025-02-03,49,47.0
SKU00142,2025-02-10,39,59.0
SKU00142,2025-02-17,50,47.0
SKU00142,2025-02-24,64,37.0
SKU00142,2025-03-03,68,72.0
SKU00142,2025-03-10,53,44.0
SKU00142,2025-03-17,46,44.0
SKU00142,2025-03-24,59,36.0
SKU00142,2025-03-31,51,79.0
SKU00142,2025-04-07,77,33.0
SKU00142,2025-04-14,56,58.0
SKU00142,2025-04-21,78,51.0
SKU00142,2025-04-28,57,82.0
SKU00142,2025-05-05,56,59.0
SKU00142,2025-05-12,81,79.0
SKU00142,2025-05-19,61,45.0
SKU00142,2025-05-26,56,52.0
SKU00142,2025-06-02,58,53.0
SKU00142,2025-06-09,47,62.0
SKU00142,2025-06-16,47,38.0
SKU00142,2025-06-23,30,27.0
SKU00142,2025-06-30,56,50.0
SKU00142,2025-07-07,65,75.0
SKU00142,2025-07-14,49,54.0
SKU00142,2025-07-21,62,86.0
SKU00142,2025-07-28,50,69.0
SKU00142,2025-08-04,53,40.0
SKU00142,2025-08-11,37,62.0
SKU00142,2025-08-18,61,57.0
SKU00142,2025-08-25,59,42.0
SKU00142,2025-09-01,63,54.0
SKU00142,2025-09-08,69,36.0
SKU00142,2025-09-15,70,46.0
SKU00142,2025-09-22,63,53.0
SKU00142,2025-09-29,47,50.0
SKU00142,2025-10-06,47,68.0
SKU00142,2025-10-13,75,55.0
SKU00142,2025-10-20,56,57.0
SKU00142,2025-10-27,82,48.0
SKU00142,2025-11-03,106,67.0
SKU00142,2025-11-10,73,80.0
SKU00142,2025-11-17,84,69.0
SKU00142,2025-11-24,96,83.0
SKU00142,2025-12-01,95,63.0
SKU00142,2025-12-08,81,127.0
SKU00142,2025-12-15,69,88.0
SKU00142,2025-12-22,76,137.0
SKU00142,2025-12-29,44,102.0
SKU00143,2024-01-01,51,
SKU00143,2024-01-08,63,
SKU00143,2024-01-15,64,
SKU00143,2024-01-22,58,
SKU00143,2024-01-29,35,
SKU00143,2024-02-05,33,
SKU00143,2024-02-12,21,
SKU00143,2024-02-19,41,
SKU00143,2024-02-26,57,
SKU00143,2024-03-04,81,
SKU00143,2024-03-11,96,
SKU00143,2024-03-18,75,
SKU00143,2024-03-25,44,
SKU00143,2024-04-01,47,
SKU00143,2024-04-08,72,
SKU00143,2024-04-15,75,
SKU00143,2024-04-22,24,
SKU00143,2024-04-29,69,
SKU00143,2024-05-06,45,
SKU00143,2024-05-13,58,
SKU00143,2024-05-20,32,
SKU00143,2024-05-27,68,
SKU00143,2024-06-03,50,
SKU00143,2024-06-10,48,
SKU00143,2024-06-17,76,
SKU00143,2024-06-24,62,
SKU00143,2024-07-01,32,
SKU00143,2024-07-08,60,
SKU00143,2024-07-15,16,
SKU00143,2024-07-22,82,
SKU00143,2024-07-29,51,
SKU00143,2024-08-05,33,
SKU00143,2024-08-12,34,
SKU00143,2024-08-19,47,
SKU00143,2024-08-26,108,
SKU00143,2024-09-02,81,
SKU00143,2024-09-09,48,
SKU00143,2024-09-16,46,
SKU00143,2024-09-23,32,
SKU00143,2024-09-30,58,
SKU00143,2024-10-07,40,
SKU00143,2024-10-14,57,
SKU00143,2024-10-21,76,
SKU00143,2024-10-28,68,
SKU00143,2024-11-04,103,
SKU00143,2024-11-11,99,
SKU00143,2024-11-18,107,
SKU00143,2024-11-25,90,
SKU00143,2024-12-02,111,
SKU00143,2024-12-09,112,
SKU00143,2024-12-16,76,
SKU00143,2024-12-23,89,
SKU00143,2024-12-30,78,51.0
SKU00143,2025-01-06,57,63.0
SKU00143,2025-01-13,32,64.0
SKU00143,2025-01-20,40,58.0
SKU00143,2025-01-27,56,35.0
SKU00143,2025-02-03,30,33.0
SKU00143,2025-02-10,52,21.0
SKU00143,2025-02-17,40,41.0
SKU00143,2025-02-24,82,57.0
SKU00143,2025-03-03,24,81.0
SKU00143,2025-03-10,37,96.0
SKU00143,2025-03-17,58,75.0
SKU00143,2025-03-24,43,44.0
SKU00143,2025-03-31,40,47.0
SKU00143,2025-04-07,53,72.0
SKU00143,2025-04-14,33,75.0
SKU00143,2025-04-21,47,24.0
SKU00143,2025-04-28,55,69.0
SKU00143,2025-05-05,54,45.0
SKU00143,2025-05-12,51,58.0
SKU00143,2025-05-19,44,32.0
SKU00143,2025-05-26,58,68.0
SKU00143,2025-06-02,60,50.0
SKU00143,2025-06-09,54,48.0
SKU00143,2025-06-16,74,76.0
SKU00143,2025-06-23,47,62.0
SKU00143,2025-06-30,55,32.0
SKU00143,2025-07-07,41,60.0
SKU00143,2025-07-14,63,16.0
SKU00143,2025-07-21,54,82.0
SKU00143,2025-07-28,49,51.0
SKU00143,2025-08-04,54,33.0
SKU00143,2025-08-11,81,34.0
SKU00143,2025-08-18,54,47.0
SKU00143,2025-08-25,43,108.0
SKU00143,2025-09-01,54,81.0
SKU00143,2025-09-08,54,48.0
SKU00143,2025-09-15,44,46.0
SKU00143,2025-09-22,37,32.0
SKU00143,2025-09-29,59,58.0
SKU00143,2025-10-06,47,40.0
SKU00143,2025-10-13,43,57.0
SKU00143,2025-10-20,70,76.0
SKU00143,2025-10-27,59,68.0
SKU00143,2025-11-03,56,103.0
SKU00143,2025-11-10,83,99.0
SKU00143,2025-11-17,110,107.0
SKU00143,2025-11-24,73,90.0
SKU00143,2025-12-01,46,111.0
SKU00143,2025-12-08,101,112.0
SKU00143,2025-12-15,87,76.0
SKU00143,2025-12-22,103,89.0
SKU00143,2025-12-29,29,78.0
SKU00144,2024-01-01,54,
SKU00144,2024-01-08,32,
SKU00144,2024-01-15,51,
SKU00144,2024-01-22,58,
SKU00144,2024-01-29,61,
SKU00144,2024-02-05,28,
SKU00144,2024-02-12,30,
SKU00144,2024-02-19,68,
SKU00144,2024-02-26,69,
SKU00144,2024-03-04,45,
SKU00144,2024-03-11,55,
SKU00144,2024-03-18,66,
SKU00144,2024-03-25,23,
SKU00144,2024-04-01,40,
SKU00144,2024-04-08,37,
SKU00144,2024-04-15,64,
SKU00144,2024-04-22,61,
SKU00144,2024-04-29,43,
SKU00144,2024-05-06,52,
SKU00144,2024-05-13,39,
SKU00144,2024-05-20,59,
SKU00144,2024-05-27,61,
SKU00144,2024-06-03,71,
SKU00144,2024-06-10,56,
SKU00144,2024-06-17,59,
SKU00144,2024-06-24,78,
SKU00144,2024-07-01,57,
SKU00144,2024-07-08,61,
SKU00144,2024-07-15,70,
SKU00144,2024-07-22,60,
SKU00144,2024-07-29,39,
SKU00144,2024-08-05,82,
SKU00144,2024-08-12,59,
SKU00144,2024-08-19,49,
SKU00144,2024-08-26,40,
SKU00144,2024-09-02,73,
SKU00144,2024-09-09,49,
SKU00144,2024-09-16,62,
SKU00144,2024-09-23,32,
SKU00144,2024-09-30,37,
SKU00144,2024-10-07,98,
SKU00144,2024-10-14,90,
SKU00144,2024-10-21,54,
SKU00144,2024-10-28,81,
SKU00144,2024-11-04,89,
SKU00144,2024-11-11,91,
SKU00144,2024-11-18,80,
SKU00144,2024-11-25,86,
SKU00144,2024-12-02,75,
SKU00144,2024-12-09,106,
SKU00144,2024-12-16,68,
SKU00144,2024-12-23,43,
SKU00144,2024-12-30,50,54.0
SKU00144,2025-01-06,42,32.0
SKU00144,2025-01-13,39,51.0
SKU00144,2025-01-20,32,58.0
SKU00144,2025-01-27,25,61.0
SKU00144,2025-02-03,39,28.0
SKU00144,2025-02-10,64,30.0
SKU00144,2025-02-17,36,68.0
SKU00144,2025-02-24,71,69.0
SKU00144,2025-03-03,65,45.0
SKU00144,2025-03-10,56,55.0
SKU00144,2025-03-17,73,66.0
SKU00144,2025-03-24,32,23.0
SKU00144,2025-03-31,68,40.0
SKU00144,2025-04-07,65,37.0
SKU00144,2025-04-14,42,64.0
SKU00144,2025-04-21,44,61.0
SKU00144,2025-04-28,44,43.0
SKU00144,2025-05-05,54,52.0
SKU00144,2025-05-12,29,39.0
SKU00144,2025-05-19,36,59.0
SKU00144,2025-05-26,67,61.0
SKU00144,2025-06-02,80,71.0
SKU00144,2025-06-09,35,56.0
SKU00144,2025-06-16,105,59.0
SKU00144,2025-06-23,50,78.0
SKU00144,2025-06-30,28,57.0
SKU00144,2025-07-07,79,61.0
SKU00144,2025-07-14,37,70.0
SKU00144,2025-07-21,53,60.0
SKU00144,2025-07-28,87,39.0
SKU00144,2025-08-04,49,82.0
SKU00144,2025-08-11,55,59.0
SKU00144,2025-08-18,78,49.0
SKU00144,2025-08-25,44,40.0
SKU00144,2025-09-01,41,73.0
SKU00144,2025-09-08,67,49.0
SKU00144,2025-09-15,78,62.0
SKU00144,2025-09-22,39,32.0
SKU00144,2025-09-29,55,37.0
SKU00144,2025-10-06,44,98.0
SKU00144,2025-10-13,56,90.0
SKU00144,2025-10-20,58,54.0
SKU00144,2025-10-27,48,81.0
SKU00144,2025-11-03,84,89.0
SKU00144,2025-11-10,118,91.0
SKU00144,2025-11-17,123,80.0
SKU00144,2025-11-24,60,86.0
SKU00144,2025-12-01,85,75.0
SKU00144,2025-12-08,99,106.0
SKU00144,2025-12-15,97,68.0
SKU00144,2025-12-22,114,43.0
SKU00144,2025-12-29,31,50.0
SKU00145,2024-01-01,45,
SKU00145,2024-01-08,33,
SKU00145,2024-01-15,80,
SKU00145,2024-01-22,53,
SKU00145,2024-01-29,46,
SKU00145,2024-02-05,37,
SKU00145,2024-02-12,44,
SKU00145,2024-02-19,28,
SKU00145,2024-02-26,51,
SKU00145,2024-03-04,66,
SKU00145,2024-03-11,51,
SKU00145,2024-03-18,44,
SKU00145,2024-03-25,63,
SKU00145,2024-04-01,60,
SKU00145,2024-04-08,68,
SKU00145,2024-04-15,25,
SKU00145,2024-04-22,54,
SKU00145,2024-04-29,80,
SKU00145,2024-05-06,75,
SKU00145,2024-05-13,42,
SKU00145,2024-05-20,58,
SKU00145,2024-05-27,65,
SKU00145,2024-06-03,45,
SKU00145,2024-06-10,75,
SKU00145,2024-06-17,21,
SKU00145,2024-06-24,66,
SKU00145,2024-07-01,56,
SKU00145,2024-07-08,55,
SKU00145,2024-07-15,68,
SKU00145,2024-07-22,41,
SKU00145,2024-07-29,71,
SKU00145,2024-08-05,63,
SKU00145,2024-08-12,56,
SKU00145,2024-08-19,53,
SKU00145,2024-08-26,37,
SKU00145,2024-09-02,49,
SKU00145,2024-09-09,56,
SKU00145,2024-09-16,43,
SKU00145,2024-09-23,36,
SKU00145,2024-09-30,48,
SKU00145,2024-10-07,52,
SKU00145,2024-10-14,40,
SKU00145,2024-10-21,58,
SKU00145,2024-10-28,85,
SKU00145,2024-11-04,117,
SKU00145,2024-11-11,79,
SKU00145,2024-11-18,75,
SKU00145,2024-11-25,109,
SKU00145,2024-12-02,82,
SKU00145,2024-12-09,100,
SKU00145,2024-12-16,68,
SKU00145,2024-12-23,92,
SKU00145,2024-12-30,33,45.0
SKU00145,2025-01-06,32,33.0
SKU00145,2025-01-13,50,80.0
SKU00145,2025-01-20,36,53.0
SKU00145,2025-01-27,44,46.0
SKU00145,2025-02-03,57,37.0
SKU00145,2025-02-10,45,44.0
SKU00145,2025-02-17,31,28.0
SKU00145,2025-02-24,48,51.0
SKU00145,2025-03-03,62,66.0
SKU00145,2025-03-10,65,51.0
SKU00145,2025-03-17,69,44.0
SKU00145,2025-03-24,68,63.0
SKU00145,2025-03-31,64,60.0
SKU00145,2025-04-07,41,68.0
SKU00145,2025-04-14,41,25.0
SKU00145,2025-04-21,65,54.0
SKU00145,2025-04-28,19,80.0
SKU00145,2025-05-05,59,75.0
SKU00145,2025-05-12,73,42.0
SKU00145,2025-05-19,45,58.0
SKU00145,2025-05-26,74,65.0
SKU00145,2025-06-02,52,45.0
SKU00145,2025-06-09,47,75.0
SKU00145,2025-06-16,38,21.0
SKU00145,2025-06-23,47,66.0
SKU00145,2025-06-30,79,56.0
SKU00145,2025-07-07,38,55.0
SKU00145,2025-07-14,40,68.0
SKU00145,2025-07-21,35,41.0
SKU00145,2025-07-28,53,71.0
SKU00145,2025-08-04,55,63.0
SKU00145,2025-08-11,64,56.0
SKU00145,2025-08-18,83,53.0
SKU00145,2025-08-25,53,37.0
SKU00145,2025-09-01,58,49.0
SKU00145,2025-09-08,49,56.0
SKU00145,2025-09-15,47,43.0
SKU00145,2025-09-22,82,36.0
SKU00145,2025-09-29,65,48.0
SKU00145,2025-10-06,119,52.0
SKU00145,2025-10-13,35,40.0
SKU00145,2025-10-20,52,58.0
SKU00145,2025-10-27,67,85.0
SKU00145,2025-11-03,66,117.0
SKU00145,2025-11-10,90,79.0
SKU00145,2025-11-17,69,75.0
SKU00145,2025-11-24,76,109.0
SKU00145,2025-12-01,118,82.0
SKU00145,2025-12-08,97,100.0
SKU00145,2025-12-15,76,68.0
SKU00145,2025-12-22,130,92.0
SKU00145,2025-12-29,35,33.0
SKU00146,2024-01-01,56,
SKU00146,2024-01-08,53,
SKU00146,2024-01-15,44,
SKU00146,2024-01-22,70,
SKU00146,2024-01-29,29,
SKU00146,2024-02-05,63,
SKU00146,2024-02-12,48,
SKU00146,2024-02-19,59,
SKU00146,2024-02-26,36,
SKU00146,2024-03-04,33,
SKU00146,2024-03-11,29,
SKU00146,2024-03-18,27,
SKU00146,2024-03-25,63,
SKU00146,2024-04-01,49,
SKU00146,2024-04-08,71,
SKU00146,2024-04-15,57,
SKU00146,2024-04-22,48,
SKU00146,2024-04-29,54,
SKU00146,2024-05-06,64,
SKU00146,2024-05-13,61,
SKU00146,2024-05-20,56,
SKU00146,2024-05-27,60,
SKU00146,2024-06-03,86,
SKU00146,2024-06-10,27,
SKU00146,2024-06-17,77,
SKU00146,2024-06-24,34,
SKU00146,2024-07-01,38,
SKU00146,2024-07-08,42,
SKU00146,2024-07-15,80,
SKU00146,2024-07-22,33,
SKU00146,2024-07-29,46,
SKU00146,2024-08-05,48,
SKU00146,2024-08-12,53,
SKU00146,2024-08-19,36,
SKU00146,2024-08-26,62,
SKU00146,2024-09-02,67,
SKU00146,2024-09-09,42,
SKU00146,2024-09-16,47,
SKU00146,2024-09-23,42,
SKU00146,2024-09-30,34,
SKU00146,2024-10-07,76,
SKU00146,2024-10-14,60,
SKU00146,2024-10-21,77,
SKU00146,2024-10-28,59,
SKU00146,2024-11-04,83,
SKU00146,2024-11-11,87,
SKU00146,2024-11-18,89,
SKU00146,2024-11-25,122,
SKU00146,2024-12-02,81,
SKU00146,2024-12-09,86,
SKU00146,2024-12-16,116,
SKU00146,2024-12-23,65,
SKU00146,2024-12-30,57,56.0
SKU00146,2025-01-06,46,53.0
SKU00146,2025-01-13,51,44.0
SKU00146,2025-01-20,39,70.0
SKU00146,2025-01-27,85,29.0
SKU00146,2025-02-03,58,63.0
SKU00146,2025-02-10,40,48.0
SKU00146,2025-02-17,48,59.0
SKU00146,2025-02-24,69,36.0
SKU00146,2025-03-03,29,33.0
SKU00146,2025-03-10,51,29.0
SKU00146,2025-03-17,68,27.0
SKU00146,2025-03-24,33,63.0
SKU00146,2025-03-31,53,49.0
SKU00146,2025-04-07,52,71.0
SKU00146,2025-04-14,68,57.0
SKU00146,2025-04-21,62,48.0
SKU00146,2025-04-28,53,54.0
SKU00146,2025-05-05,40,64.0
SKU00146,2025-05-12,66,61.0
SKU00146,2025-05-19,64,56.0
SKU00146,2025-05-26,64,60.0
SKU00146,2025-06-02,71,86.0
SKU00146,2025-06-09,66,27.0
SKU00146,2025-06-16,72,77.0
SKU00146,2025-06-23,34,34.0
SKU00146,2025-06-30,51,38.0
SKU00146,2025-07-07,52,42.0
SKU00146,2025-07-14,70,80.0
SKU00146,2025-07-21,46,33.0
SKU00146,2025-07-28,75,46.0
SKU00146,2025-08-04,28,48.0
SKU00146,2025-08-11,38,53.0
SKU00146,2025-08-18,51,36.0
SKU00146,2025-08-25,45,62.0
SKU00146,2025-09-01,59,67.0
SKU00146,2025-09-08,43,42.0
SKU00146,2025-09-15,53,47.0
SKU00146,2025-09-22,76,42.0
SKU00146,2025-09-29,66,34.0
SKU00146,2025-10-06,66,76.0
SKU00146,2025-10-13,71,60.0
SKU00146,2025-10-20,31,77.0
SKU00146,2025-10-27,62,59.0
SKU00146,2025-11-03,63,83.0
SKU00146,2025-11-10,137,87.0
SKU00146,2025-11-17,69,89.0
SKU00146,2025-11-24,87,122.0
SKU00146,2025-12-01,76,81.0
SKU00146,2025-12-08,40,86.0
SKU00146,2025-12-15,87,116.0
SKU00146,2025-12-22,148,65.0
SKU00146,2025-12-29,30,57.0
SKU00147,2024-01-01,46,
SKU00147,2024-01-08,33,
SKU00147,2024-01-15,55,
SKU00147,2024-01-22,55,
SKU00147,2024-01-29,34,
SKU00147,2024-02-05,66,
SKU00147,2024-02-12,39,
SKU00147,2024-02-19,55,
SKU00147,2024-02-26,35,
SKU00147,2024-03-04,41,
SKU00147,2024-03-11,42,
SKU00147,2024-03-18,37,
SKU00147,2024-03-25,66,
SKU00147,2024-04-01,71,
SKU00147,2024-04-08,41,
SKU00147,2024-04-15,76,
SKU00147,2024-04-22,54,
SKU00147,2024-04-29,44,
SKU00147,2024-05-06,45,
SKU00147,2024-05-13,68,
SKU00147,2024-05-20,32,
SKU00147,2024-05-27,52,
SKU00147,2024-06-03,33,
SKU00147,2024-06-10,63,
SKU00147,2024-06-17,70,
SKU00147,2024-06-24,59,
SKU00147,2024-07-01,32,
SKU00147,2024-07-08,67,
SKU00147,2024-07-15,55,
SKU00147,2024-07-22,59,
SKU00147,2024-07-29,65,
SKU00147,2024-08-05,57,
SKU00147,2024-08-12,76,
SKU00147,2024-08-19,61,
SKU00147,2024-08-26,48,
SKU00147,2024-09-02,55,
SKU00147,2024-09-09,53,
SKU00147,2024-09-16,34,
SKU00147,2024-09-23,39,
SKU00147,2024-09-30,64,
SKU00147,2024-10-07,68,
SKU00147,2024-10-14,35,
SKU00147,2024-10-21,43,
SKU00147,2024-10-28,72,
SKU00147,2024-11-04,131,
SKU00147,2024-11-11,83,
SKU00147,2024-11-18,50,
SKU00147,2024-11-25,85,
SKU00147,2024-12-02,71,
SKU00147,2024-12-09,66,
SKU00147,2024-12-16,79,
SKU00147,2024-12-23,125,
SKU00147,2024-12-30,67,46.0
SKU00147,2025-01-06,8,33.0
SKU00147,2025-01-13,58,55.0
SKU00147,2025-01-20,76,55.0
SKU00147,2025-01-27,43,34.0
SKU00147,2025-02-03,43,66.0
SKU00147,2025-02-10,40,39.0
SKU00147,2025-02-17,47,55.0
SKU00147,2025-02-24,52,35.0
SKU00147,2025-03-03,52,41.0
SKU00147,2025-03-10,38,42.0
SKU00147,2025-03-17,72,37.0
SKU00147,2025-03-24,35,66.0
SKU00147,2025-03-31,59,71.0
SKU00147,2025-04-07,75,41.0
SKU00147,2025-04-14,38,76.0
SKU00147,2025-04-21,56,54.0
SKU00147,2025-04-28,51,44.0
SKU00147,2025-05-05,44,45.0
SKU00147,2025-05-12,63,68.0
SKU00147,2025-05-19,40,32.0
SKU00147,2025-05-26,102,52.0
SKU00147,2025-06-02,69,33.0
SKU00147,2025-06-09,34,63.0
SKU00147,2025-06-16,61,70.0
SKU00147,2025-06-23,55,59.0
SKU00147,2025-06-30,47,32.0
SKU00147,2025-07-07,39,67.0
SKU00147,2025-07-14,38,55.0
SKU00147,2025-07-21,52,59.0
SKU00147,2025-07-28,64,65.0
SKU00147,2025-08-04,75,57.0
SKU00147,2025-08-11,50,76.0
SKU00147,2025-08-18,75,61.0
SKU00147,2025-08-25,61,48.0
SKU00147,2025-09-01,63,55.0
SKU00147,2025-09-08,35,53.0
SKU00147,2025-09-15,53,34.0
SKU00147,2025-09-22,62,39.0
SKU00147,2025-09-29,57,64.0
SKU00147,2025-10-06,77,68.0
SKU00147,2025-10-13,40,35.0
SKU00147,2025-10-20,47,43.0
SKU00147,2025-10-27,62,72.0
SKU00147,2025-11-03,111,131.0
SKU00147,2025-11-10,64,83.0
SKU00147,2025-11-17,95,50.0
SKU00147,2025-11-24,95,85.0
SKU00147,2025-12-01,89,71.0
SKU00147,2025-12-08,85,66.0
SKU00147,2025-12-15,136,79.0
SKU00147,2025-12-22,120,125.0
SKU00147,2025-12-29,12,67.0
SKU00148,2024-01-01,36,
SKU00148,2024-01-08,35,
SKU00148,2024-01-15,44,
SKU00148,2024-01-22,38,
SKU00148,2024-01-29,38,
SKU00148,2024-02-05,37,
SKU00148,2024-02-12,23,
SKU00148,2024-02-19,55,
SKU00148,2024-02-26,71,
SKU00148,2024-03-04,43,
SKU00148,2024-03-11,83,
SKU00148,2024-03-18,58,
SKU00148,2024-03-25,43,
SKU00148,2024-04-01,52,
SKU00148,2024-04-08,66,
SKU00148,2024-04-15,86,
SKU00148,2024-04-22,76,
SKU00148,2024-04-29,76,
SKU00148,2024-05-06,40,
SKU00148,2024-05-13,63,
SKU00148,2024-05-20,47,
SKU00148,2024-05-27,53,
SKU00148,2024-06-03,46,
SKU00148,2024-06-10,33,
SKU00148,2024-06-17,91,
SKU00148,2024-06-24,44,
SKU00148,2024-07-01,55,
SKU00148,2024-07-08,41,
SKU00148,2024-07-15,63,
SKU00148,2024-07-22,51,
SKU00148,2024-07-29,29,
SKU00148,2024-08-05,28,
SKU00148,2024-08-12,74,
SKU00148,2024-08-19,69,
SKU00148,2024-08-26,45,
SKU00148,2024-09-02,73,
SKU00148,2024-09-09,52,
SKU00148,2024-09-16,59,
SKU00148,2024-09-23,43,
SKU00148,2024-09-30,66,
SKU00148,2024-10-07,64,
SKU00148,2024-10-14,59,
SKU00148,2024-10-21,53,
SKU00148,2024-10-28,60,
SKU00148,2024-11-04,66,
SKU00148,2024-11-11,71,
SKU00148,2024-11-18,78,
SKU00148,2024-11-25,100,
SKU00148,2024-12-02,100,
SKU00148,2024-12-09,77,
SKU00148,2024-12-16,93,
SKU00148,2024-12-23,92,
SKU00148,2024-12-30,35,36.0
SKU00148,2025-01-06,50,35.0
SKU00148,2025-01-13,46,44.0
SKU00148,2025-01-20,73,38.0
SKU00148,2025-01-27,77,38.0
SKU00148,2025-02-03,38,37.0
SKU00148,2025-02-10,49,23.0
SKU00148,2025-02-17,59,55.0
SKU00148,2025-02-24,50,71.0
SKU00148,2025-03-03,51,43.0
SKU00148,2025-03-10,65,83.0
SKU00148,2025-03-17,38,58.0
SKU00148,2025-03-24,70,43.0
SKU00148,2025-03-31,41,52.0
SKU00148,2025-04-07,53,66.0
SKU00148,2025-04-14,59,86.0
SKU00148,2025-04-21,56,76.0
SKU00148,2025-04-28,43,76.0
SKU00148,2025-05-05,87,40.0
SKU00148,2025-05-12,31,63.0
SKU00148,2025-05-19,87,47.0
SKU00148,2025-05-26,52,53.0
SKU00148,2025-06-02,80,46.0
SKU00148,2025-06-09,64,33.0
SKU00148,2025-06-16,72,91.0
SKU00148,2025-06-23,29,44.0
SKU00148,2025-06-30,33,55.0
SKU00148,2025-07-07,74,41.0
SKU00148,2025-07-14,89,63.0
SKU00148,2025-07-21,72,51.0
SKU00148,2025-07-28,63,29.0
SKU00148,2025-08-04,50,28.0
SKU00148,2025-08-11,35,74.0
SKU00148,2025-08-18,45,69.0
SKU00148,2025-08-25,84,45.0
SKU00148,2025-09-01,77,73.0
SKU00148,2025-09-08,41,52.0
SKU00148,2025-09-15,51,59.0
SKU00148,2025-09-22,53,43.0
SKU00148,2025-09-29,61,66.0
SKU00148,2025-10-06,55,64.0
SKU00148,2025-10-13,79,59.0
SKU00148,2025-10-20,57,53.0
SKU00148,2025-10-27,41,60.0
SKU00148,2025-11-03,94,66.0
SKU00148,2025-11-10,85,71.0
SKU00148,2025-11-17,77,78.0
SKU00148,2025-11-24,97,100.0
SKU00148,2025-12-01,95,100.0
SKU00148,2025-12-08,91,77.0
SKU00148,2025-12-15,68,93.0
SKU00148,2025-12-22,98,92.0
SKU00148,2025-12-29,46,35.0
SKU00149,2024-01-01,29,
SKU00149,2024-01-08,40,
SKU00149,2024-01-15,76,
SKU00149,2024-01-22,42,
SKU00149,2024-01-29,37,
SKU00149,2024-02-05,26,
SKU00149,2024-02-12,49,
SKU00149,2024-02-19,60,
SKU00149,2024-02-26,53,
SKU00149,2024-03-04,56,
SKU00149,2024-03-11,33,
SKU00149,2024-03-18,51,
SKU00149,2024-03-25,30,
SKU00149,2024-04-01,40,
SKU00149,2024-04-08,44,
SKU00149,2024-04-15,46,
SKU00149,2024-04-22,46,
SKU00149,2024-04-29,83,
SKU00149,2024-05-06,67,
SKU00149,2024-05-13,31,
SKU00149,2024-05-20,61,
SKU00149,2024-05-27,63,
SKU00149,2024-06-03,54,
SKU00149,2024-06-10,64,
SKU00149,2024-06-17,62,
SKU00149,2024-06-24,54,
SKU00149,2024-07-01,40,
SKU00149,2024-07-08,71,
SKU00149,2024-07-15,83,
SKU00149,2024-07-22,53,
SKU00149,2024-07-29,58,
SKU00149,2024-08-05,52,
SKU00149,2024-08-12,50,
SKU00149,2024-08-19,71,
SKU00149,2024-08-26,70,
SKU00149,2024-09-02,58,
SKU00149,2024-09-09,59,
SKU00149,2024-09-16,51,
SKU00149,2024-09-23,47,
SKU00149,2024-09-30,39,
SKU00149,2024-10-07,52,
SKU00149,2024-10-14,68,
SKU00149,2024-10-21,30,
SKU00149,2024-10-28,69,
SKU00149,2024-11-04,84,
SKU00149,2024-11-11,101,
SKU00149,2024-11-18,116,
SKU00149,2024-11-25,97,
SKU00149,2024-12-02,116,
SKU00149,2024-12-09,106,
SKU00149,2024-12-16,77,
SKU00149,2024-12-23,66,
SKU00149,2024-12-30,81,29.0
SKU00149,2025-01-06,51,40.0
SKU00149,2025-01-13,48,76.0
SKU00149,2025-01-20,30,42.0
SKU00149,2025-01-27,62,37.0
SKU00149,2025-02-03,75,26.0
SKU00149,2025-02-10,65,49.0
SKU00149,2025-02-17,31,60.0
SKU00149,2025-02-24,45,53.0
SKU00149,2025-03-03,45,56.0
SKU00149,2025-03-10,35,33.0
SKU00149,2025-03-17,34,51.0
SKU00149,2025-03-24,42,30.0
SKU00149,2025-03-31,41,40.0
SKU00149,2025-04-07,32,44.0
SKU00149,2025-04-14,40,46.0
SKU00149,2025-04-21,59,46.0
SKU00149,2025-04-28,104,83.0
SKU00149,2025-05-05,49,67.0
SKU00149,2025-05-12,71,31.0
SKU00149,2025-05-19,52,61.0
SKU00149,2025-05-26,75,63.0
SKU00149,2025-06-02,50,54.0
SKU00149,2025-06-09,107,64.0
SKU00149,2025-06-16,35,62.0
SKU00149,2025-06-23,69,54.0
SKU00149,2025-06-30,57,40.0
SKU00149,2025-07-07,42,71.0
SKU00149,2025-07-14,47,83.0
SKU00149,2025-07-21,50,53.0
SKU00149,2025-07-28,50,58.0
SKU00149,2025-08-04,81,52.0
SKU00149,2025-08-11,47,50.0
SKU00149,2025-08-18,57,71.0
SKU00149,2025-08-25,51,70.0
SKU00149,2025-09-01,46,58.0
SKU00149,2025-09-08,63,59.0
SKU00149,2025-09-15,39,51.0
SKU00149,2025-09-22,51,47.0
SKU00149,2025-09-29,19,39.0
SKU00149,2025-10-06,53,52.0
SKU00149,2025-10-13,56,68.0
SKU00149,2025-10-20,34,30.0
SKU00149,2025-10-27,50,69.0
SKU00149,2025-11-03,68,84.0
SKU00149,2025-11-10,94,101.0
SKU00149,2025-11-17,97,116.0
SKU00149,2025-11-24,77,97.0
SKU00149,2025-12-01,72,116.0
SKU00149,2025-12-08,80,106.0
SKU00149,2025-12-15,139,77.0
SKU00149,2025-12-22,97,66.0
SKU00149,2025-12-29,31,81.0
SKU00150,2024-01-01,61,
SKU00150,2024-01-08,37,
SKU00150,2024-01-15,32,
SKU00150,2024-01-22,45,
SKU00150,2024-01-29,56,
SKU00150,2024-02-05,60,
SKU00150,2024-02-12,28,
SKU00150,2024-02-19,39,
SKU00150,2024-02-26,20,
SKU00150,2024-03-04,46,
SKU00150,2024-03-11,67,
SKU00150,2024-03-18,60,
SKU00150,2024-03-25,22,
SKU00150,2024-04-01,45,
SKU00150,2024-04-08,33,
SKU00150,2024-04-15,37,
SKU00150,2024-04-22,38,
SKU00150,2024-04-29,63,
SKU00150,2024-05-06,61,
SKU00150,2024-05-13,47,
SKU00150,2024-05-20,64,
SKU00150,2024-05-27,85,
SKU00150,2024-06-03,74,
SKU00150,2024-06-10,25,
SKU00150,2024-06-17,44,
SKU00150,2024-06-24,71,
SKU00150,2024-07-01,52,
SKU00150,2024-07-08,66,
SKU00150,2024-07-15,49,
SKU00150,2024-07-22,47,
SKU00150,2024-07-29,24,
SKU00150,2024-08-05,33,
SKU00150,2024-08-12,37,
SKU00150,2024-08-19,45,
SKU00150,2024-08-26,55,
SKU00150,2024-09-02,50,
SKU00150,2024-09-09,56,
SKU00150,2024-09-16,41,
SKU00150,2024-09-23,53,
SKU00150,2024-09-30,94,
SKU00150,2024-10-07,57,
SKU00150,2024-10-14,49,
SKU00150,2024-10-21,52,
SKU00150,2024-10-28,77,
SKU00150,2024-11-04,80,
SKU00150,2024-11-11,48,
SKU00150,2024-11-18,90,
SKU00150,2024-11-25,87,
SKU00150,2024-12-02,90,
SKU00150,2024-12-09,62,
SKU00150,2024-12-16,79,
SKU00150,2024-12-23,153,
SKU00150,2024-12-30,55,61.0
SKU00150,2025-01-06,35,37.0
SKU00150,2025-01-13,55,32.0
SKU00150,2025-01-20,26,45.0
SKU00150,2025-01-27,40,56.0
SKU00150,2025-02-03,48,60.0
SKU00150,2025-02-10,49,28.0
SKU00150,2025-02-17,84,39.0
SKU00150,2025-02-24,54,20.0
SKU00150,2025-03-03,94,46.0
SKU00150,2025-03-10,49,67.0
SKU00150,2025-03-17,63,60.0
SKU00150,2025-03-24,47,22.0
SKU00150,2025-03-31,53,45.0
SKU00150,2025-04-07,50,33.0
SKU00150,2025-04-14,63,37.0
SKU00150,2025-04-21,67,38.0
SKU00150,2025-04-28,34,63.0
SKU00150,2025-05-05,59,61.0
SKU00150,2025-05-12,75,47.0
SKU00150,2025-05-19,58,64.0
SKU00150,2025-05-26,67,85.0
SKU00150,2025-06-02,95,74.0
SKU00150,2025-06-09,50,25.0
SKU00150,2025-06-16,64,44.0
SKU00150,2025-06-23,50,71.0
SKU00150,2025-06-30,66,52.0
SKU00150,2025-07-07,29,66.0
SKU00150,2025-07-14,36,49.0
SKU00150,2025-07-21,35,47.0
SKU00150,2025-07-28,72,24.0
SKU00150,2025-08-04,40,33.0
SKU00150,2025-08-11,84,37.0
SKU00150,2025-08-18,53,45.0
SKU00150,2025-08-25,55,55.0
SKU00150,2025-09-01,42,50.0
SKU00150,2025-09-08,58,56.0
SKU00150,2025-09-15,65,41.0
SKU00150,2025-09-22,63,53.0
SKU00150,2025-09-29,58,94.0
SKU00150,2025-10-06,69,57.0
SKU00150,2025-10-13,29,49.0
SKU00150,2025-10-20,57,52.0
SKU00150,2025-10-27,52,77.0
SKU00150,2025-11-03,73,80.0
SKU00150,2025-11-10,96,48.0
SKU00150,2025-11-17,87,90.0
SKU00150,2025-11-24,87,87.0
SKU00150,2025-12-01,81,90.0
SKU00150,2025-12-08,63,62.0
SKU00150,2025-12-15,82,79.0
SKU00150,2025-12-22,71,153.0
SKU00150,2025-12-29,50,55.0
SKU00151,2024-01-01,36,
SKU00151,2024-01-08,52,
SKU00151,2024-01-15,34,
SKU00151,2024-01-22,30,
SKU00151,2024-01-29,12,
SKU00151,2024-02-05,30,
SKU00151,2024-02-12,62,
SKU00151,2024-02-19,54,
SKU00151,2024-02-26,55,
SKU00151,2024-03-04,44,
SKU00151,2024-03-11,73,
SKU00151,2024-03-18,53,
SKU00151,2024-03-25,51,
SKU00151,2024-04-01,60,
SKU00151,2024-04-08,66,
SKU00151,2024-04-15,34,
SKU00151,2024-04-22,35,
SKU00151,2024-04-29,82,
SKU00151,2024-05-06,64,
SKU00151,2024-05-13,30,
SKU00151,2024-05-20,39,
SKU00151,2024-05-27,54,
SKU00151,2024-06-03,46,
SKU00151,2024-06-10,57,
SKU00151,2024-06-17,79,
SKU00151,2024-06-24,53,
SKU00151,2024-07-01,53,
SKU00151,2024-07-08,56,
SKU00151,2024-07-15,50,
SKU00151,2024-07-22,41,
SKU00151,2024-07-29,38,
SKU00151,2024-08-05,69,
SKU00151,2024-08-12,53,
SKU00151,2024-08-19,55,
SKU00151,2024-08-26,24,
SKU00151,2024-09-02,54,
SKU00151,2024-09-09,69,
SKU00151,2024-09-16,51,
SKU00151,2024-09-23,50,
SKU00151,2024-09-30,54,
SKU00151,2024-10-07,54,
SKU00151,2024-10-14,72,
SKU00151,2024-10-21,47,
SKU00151,2024-10-28,73,
SKU00151,2024-11-04,101,
SKU00151,2024-11-11,100,
SKU00151,2024-11-18,120,
SKU00151,2024-11-25,63,
SKU00151,2024-12-02,84,
SKU00151,2024-12-09,71,
SKU00151,2024-12-16,74,
SKU00151,2024-12-23,92,
SKU00151,2024-12-30,77,36.0
SKU00151,2025-01-06,86,52.0
SKU00151,2025-01-13,47,34.0
SKU00151,2025-01-20,46,30.0
SKU00151,2025-01-27,36,12.0
SKU00151,2025-02-03,32,30.0
SKU00151,2025-02-10,45,62.0
SKU00151,2025-02-17,41,54.0
SKU00151,2025-02-24,43,55.0
SKU00151,2025-03-03,40,44.0
SKU00151,2025-03-10,60,73.0
SKU00151,2025-03-17,49,53.0
SKU00151,2025-03-24,40,51.0
SKU00151,2025-03-31,48,60.0
SKU00151,2025-04-07,72,66.0
SKU00151,2025-04-14,62,34.0
SKU00151,2025-04-21,62,35.0
SKU00151,2025-04-28,73,82.0
SKU00151,2025-05-05,52,64.0
SKU00151,2025-05-12,88,30.0
SKU00151,2025-05-19,47,39.0
SKU00151,2025-05-26,57,54.0
SKU00151,2025-06-02,48,46.0
SKU00151,2025-06-09,84,57.0
SKU00151,2025-06-16,68,79.0
SKU00151,2025-06-23,54,53.0
SKU00151,2025-06-30,54,53.0
SKU00151,2025-07-07,48,56.0
SKU00151,2025-07-14,84,50.0
SKU00151,2025-07-21,33,41.0
SKU00151,2025-07-28,60,38.0
SKU00151,2025-08-04,52,69.0
SKU00151,2025-08-11,36,53.0
SKU00151,2025-08-18,44,55.0
SKU00151,2025-08-25,66,24.0
SKU00151,2025-09-01,42,54.0
SKU00151,2025-09-08,48,69.0
SKU00151,2025-09-15,61,51.0
SKU00151,2025-09-22,38,50.0
SKU00151,2025-09-29,45,54.0
SKU00151,2025-10-06,65,54.0
SKU00151,2025-10-13,56,72.0
SKU00151,2025-10-20,59,47.0
SKU00151,2025-10-27,62,73.0
SKU00151,2025-11-03,71,101.0
SKU00151,2025-11-10,111,100.0
SKU00151,2025-11-17,118,120.0
SKU00151,2025-11-24,87,63.0
SKU00151,2025-12-01,74,84.0
SKU00151,2025-12-08,93,71.0
SKU00151,2025-12-15,87,74.0
SKU00151,2025-12-22,65,92.0
SKU00151,2025-12-29,32,77.0
SKU00152,2024-01-01,36,
SKU00152,2024-01-08,53,
SKU00152,2024-01-15,58,
SKU00152,2024-01-22,24,
SKU00152,2024-01-29,20,
SKU00152,2024-02-05,55,
SKU00152,2024-02-12,31,
SKU00152,2024-02-19,35,
SKU00152,2024-02-26,43,
SKU00152,2024-03-04,52,
SKU00152,2024-03-11,39,
SKU00152,2024-03-18,42,
SKU00152,2024-03-25,99,
SKU00152,2024-04-01,38,
SKU00152,2024-04-08,43,
SKU00152,2024-04-15,70,
SKU00152,2024-04-22,53,
SKU00152,2024-04-29,80,
SKU00152,2024-05-06,49,
SKU00152,2024-05-13,35,
SKU00152,2024-05-20,63,
SKU00152,2024-05-27,55,
SKU00152,2024-06-03,41,
SKU00152,2024-06-10,84,
SKU00152,2024-06-17,59,
SKU00152,2024-06-24,48,
SKU00152,2024-07-01,37,
SKU00152,2024-07-08,72,
SKU00152,2024-07-15,48,
SKU00152,2024-07-22,55,
SKU00152,2024-07-29,42,
SKU00152,2024-08-05,60,
SKU00152,2024-08-12,46,
SKU00152,2024-08-19,37,
SKU00152,2024-08-26,65,
SKU00152,2024-09-02,39,
SKU00152,2024-09-09,47,
SKU00152,2024-09-16,38,
SKU00152,2024-09-23,52,
SKU00152,2024-09-30,62,
SKU00152,2024-10-07,52,
SKU00152,2024-10-14,51,
SKU00152,2024-10-21,74,
SKU00152,2024-10-28,68,
SKU00152,2024-11-04,94,
SKU00152,2024-11-11,106,
SKU00152,2024-11-18,71,
SKU00152,2024-11-25,99,
SKU00152,2024-12-02,84,
SKU00152,2024-12-09,91,
SKU00152,2024-12-16,109,
SKU00152,2024-12-23,73,
SKU00152,2024-12-30,72,36.0
SKU00152,2025-01-06,60,53.0
SKU00152,2025-01-13,44,58.0
SKU00152,2025-01-20,55,24.0
SKU00152,2025-01-27,43,20.0
SKU00152,2025-02-03,42,55.0
SKU00152,2025-02-10,64,31.0
SKU00152,2025-02-17,22,35.0
SKU00152,2025-02-24,59,43.0
SKU00152,2025-03-03,89,52.0
SKU00152,2025-03-10,25,39.0
SKU00152,2025-03-17,102,42.0
SKU00152,2025-03-24,41,99.0
SKU00152,2025-03-31,71,38.0
SKU00152,2025-04-07,32,43.0
SKU00152,2025-04-14,69,70.0
SKU00152,2025-04-21,77,53.0
SKU00152,2025-04-28,62,80.0
SKU00152,2025-05-05,44,49.0
SKU00152,2025-05-12,60,35.0
SKU00152,2025-05-19,44,63.0
SKU00152,2025-05-26,32,55.0
SKU00152,2025-06-02,10,41.0
SKU00152,2025-06-09,34,84.0
SKU00152,2025-06-16,52,59.0
SKU00152,2025-06-23,61,48.0
SKU00152,2025-06-30,44,37.0
SKU00152,2025-07-07,48,72.0
SKU00152,2025-07-14,59,48.0
SKU00152,2025-07-21,53,55.0
SKU00152,2025-07-28,54,42.0
SKU00152,2025-08-04,67,60.0
SKU00152,2025-08-11,60,46.0
SKU00152,2025-08-18,39,37.0
SKU00152,2025-08-25,65,65.0
SKU00152,2025-09-01,53,39.0
SKU00152,2025-09-08,42,47.0
SKU00152,2025-09-15,37,38.0
SKU00152,2025-09-22,75,52.0
SKU00152,2025-09-29,67,62.0
SKU00152,2025-10-06,49,52.0
SKU00152,2025-10-13,47,51.0
SKU00152,2025-10-20,63,74.0
SKU00152,2025-10-27,92,68.0
SKU00152,2025-11-03,124,94.0
SKU00152,2025-11-10,110,106.0
SKU00152,2025-11-17,71,71.0
SKU00152,2025-11-24,87,99.0
SKU00152,2025-12-01,72,84.0
SKU00152,2025-12-08,62,91.0
SKU00152,2025-12-15,88,109.0
SKU00152,2025-12-22,113,73.0
SKU00152,2025-12-29,29,72.0
SKU00153,2024-01-01,57,
SKU00153,2024-01-08,43,
SKU00153,2024-01-15,40,
SKU00153,2024-01-22,41,
SKU00153,2024-01-29,51,
SKU00153,2024-02-05,58,
SKU00153,2024-02-12,61,
SKU00153,2024-02-19,62,
SKU00153,2024-02-26,46,
SKU00153,2024-03-04,46,
SKU00153,2024-03-11,53,
SKU00153,2024-03-18,50,
SKU00153,2024-03-25,38,
SKU00153,2024-04-01,38,
SKU00153,2024-04-08,64,
SKU00153,2024-04-15,64,
SKU00153,2024-04-22,36,
SKU00153,2024-04-29,41,
SKU00153,2024-05-06,27,
SKU00153,2024-05-13,86,
SKU00153,2024-05-20,100,
SKU00153,2024-05-27,54,
SKU00153,2024-06-03,42,
SKU00153,2024-06-10,15,
SKU00153,2024-06-17,52,
SKU00153,2024-06-24,79,
SKU00153,2024-07-01,46,
SKU00153,2024-07-08,70,
SKU00153,2024-07-15,61,
SKU00153,2024-07-22,58,
SKU00153,2024-07-29,72,
SKU00153,2024-08-05,61,
SKU00153,2024-08-12,57,
SKU00153,2024-08-19,41,
SKU00153,2024-08-26,68,
SKU00153,2024-09-02,65,
SKU00153,2024-09-09,31,
SKU00153,2024-09-16,24,
SKU00153,2024-09-23,55,
SKU00153,2024-09-30,94,
SKU00153,2024-10-07,60,
SKU00153,2024-10-14,58,
SKU00153,2024-10-21,46,
SKU00153,2024-10-28,60,
SKU00153,2024-11-04,76,
SKU00153,2024-11-11,85,
SKU00153,2024-11-18,120,
SKU00153,2024-11-25,79,
SKU00153,2024-12-02,72,
SKU00153,2024-12-09,128,
SKU00153,2024-12-16,63,
SKU00153,2024-12-23,97,
SKU00153,2024-12-30,37,57.0
SKU00153,2025-01-06,19,43.0
SKU00153,2025-01-13,32,40.0
SKU00153,2025-01-20,45,41.0
SKU00153,2025-01-27,42,51.0
SKU00153,2025-02-03,89,58.0
SKU00153,2025-02-10,50,61.0
SKU00153,2025-02-17,29,62.0
SKU00153,2025-02-24,54,46.0
SKU00153,2025-03-03,52,46.0
SKU00153,2025-03-10,53,53.0
SKU00153,2025-03-17,61,50.0
SKU00153,2025-03-24,54,38.0
SKU00153,2025-03-31,59,38.0
SKU00153,2025-04-07,59,64.0
SKU00153,2025-04-14,53,64.0
SKU00153,2025-04-21,56,36.0
SKU00153,2025-04-28,75,41.0
SKU00153,2025-05-05,29,27.0
SKU00153,2025-05-12,37,86.0
SKU00153,2025-05-19,78,100.0
SKU00153,2025-05-26,32,54.0
SKU00153,2025-06-02,59,42.0
SKU00153,2025-06-09,31,15.0
SKU00153,2025-06-16,50,52.0
SKU00153,2025-06-23,92,79.0
SKU00153,2025-06-30,30,46.0
SKU00153,2025-07-07,64,70.0
SKU00153,2025-07-14,53,61.0
SKU00153,2025-07-21,55,58.0
SKU00153,2025-07-28,67,72.0
SKU00153,2025-08-04,56,61.0
SKU00153,2025-08-11,47,57.0
SKU00153,2025-08-18,39,41.0
SKU00153,2025-08-25,72,68.0
SKU00153,2025-09-01,37,65.0
SKU00153,2025-09-08,68,31.0
SKU00153,2025-09-15,95,24.0
SKU00153,2025-09-22,61,55.0
SKU00153,2025-09-29,41,94.0
SKU00153,2025-10-06,59,60.0
SKU00153,2025-10-13,51,58.0
SKU00153,2025-10-20,66,46.0
SKU00153,2025-10-27,60,60.0
SKU00153,2025-11-03,60,76.0
SKU00153,2025-11-10,47,85.0
SKU00153,2025-11-17,68,120.0
SKU00153,2025-11-24,92,79.0
SKU00153,2025-12-01,105,72.0
SKU00153,2025-12-08,72,128.0
SKU00153,2025-12-15,93,63.0
SKU00153,2025-12-22,92,97.0
SKU00153,2025-12-29,33,37.0
SKU00154,2024-01-01,70,
SKU00154,2024-01-08,38,
SKU00154,2024-01-15,46,
SKU00154,2024-01-22,67,
SKU00154,2024-01-29,68,
SKU00154,2024-02-05,48,
SKU00154,2024-02-12,36,
SKU00154,2024-02-19,33,
SKU00154,2024-02-26,52,
SKU00154,2024-03-04,80,
SKU00154,2024-03-11,94,
SKU00154,2024-03-18,72,
SKU00154,2024-03-25,19,
SKU00154,2024-04-01,33,
SKU00154,2024-04-08,41,
SKU00154,2024-04-15,60,
SKU00154,2024-04-22,37,
SKU00154,2024-04-29,64,
SKU00154,2024-05-06,68,
SKU00154,2024-05-13,68,
SKU00154,2024-05-20,51,
SKU00154,2024-05-27,69,
SKU00154,2024-06-03,38,
SKU00154,2024-06-10,89,
SKU00154,2024-06-17,47,
SKU00154,2024-06-24,47,
SKU00154,2024-07-01,52,
SKU00154,2024-07-08,103,
SKU00154,2024-07-15,51,
SKU00154,2024-07-22,60,
SKU00154,2024-07-29,82,
SKU00154,2024-08-05,70,
SKU00154,2024-08-12,53,
SKU00154,2024-08-19,32,
SKU00154,2024-08-26,41,
SKU00154,2024-09-02,69,
SKU00154,2024-09-09,35,
SKU00154,2024-09-16,72,
SKU00154,2024-09-23,72,
SKU00154,2024-09-30,46,
SKU00154,2024-10-07,49,
SKU00154,2024-10-14,16,
SKU00154,2024-10-21,46,
SKU00154,2024-10-28,68,
SKU00154,2024-11-04,96,
SKU00154,2024-11-11,74,
SKU00154,2024-11-18,68,
SKU00154,2024-11-25,48,
SKU00154,2024-12-02,72,
SKU00154,2024-12-09,93,
SKU00154,2024-12-16,115,
SKU00154,2024-12-23,70,
SKU00154,2024-12-30,67,70.0
SKU00154,2025-01-06,44,38.0
SKU00154,2025-01-13,30,46.0
SKU00154,2025-01-20,74,67.0
SKU00154,2025-01-27,39,68.0
SKU00154,2025-02-03,13,48.0
SKU00154,2025-02-10,63,36.0
SKU00154,2025-02-17,52,33.0
SKU00154,2025-02-24,54,52.0
SKU00154,2025-03-03,57,80.0
SKU00154,2025-03-10,43,94.0
SKU00154,2025-03-17,58,72.0
SKU00154,2025-03-24,57,19.0
SKU00154,2025-03-31,61,33.0
SKU00154,2025-04-07,83,41.0
SKU00154,2025-04-14,54,60.0
SKU00154,2025-04-21,38,37.0
SKU00154,2025-04-28,31,64.0
SKU00154,2025-05-05,36,68.0
SKU00154,2025-05-12,39,68.0
SKU00154,2025-05-19,44,51.0
SKU00154,2025-05-26,68,69.0
SKU00154,2025-06-02,61,38.0
SKU00154,2025-06-09,66,89.0
SKU00154,2025-06-16,79,47.0
SKU00154,2025-06-23,67,47.0
SKU00154,2025-06-30,61,52.0
SKU00154,2025-07-07,40,103.0
SKU00154,2025-07-14,93,51.0
SKU00154,2025-07-21,52,60.0
SKU00154,2025-07-28,50,82.0
SKU00154,2025-08-04,60,70.0
SKU00154,2025-08-11,46,53.0
SKU00154,2025-08-18,44,32.0
SKU00154,2025-08-25,37,41.0
SKU00154,2025-09-01,112,69.0
SKU00154,2025-09-08,68,35.0
SKU00154,2025-09-15,42,72.0
SKU00154,2025-09-22,38,72.0
SKU00154,2025-09-29,66,46.0
SKU00154,2025-10-06,72,49.0
SKU00154,2025-10-13,79,16.0
SKU00154,2025-10-20,61,46.0
SKU00154,2025-10-27,107,68.0
SKU00154,2025-11-03,91,96.0
SKU00154,2025-11-10,113,74.0
SKU00154,2025-11-17,66,68.0
SKU00154,2025-11-24,65,48.0
SKU00154,2025-12-01,98,72.0
SKU00154,2025-12-08,64,93.0
SKU00154,2025-12-15,141,115.0
SKU00154,2025-12-22,71,70.0
SKU00154,2025-12-29,38,67.0
SKU00155,2024-01-01,52,
SKU00155,2024-01-08,39,
SKU00155,2024-01-15,43,
SKU00155,2024-01-22,43,
SKU00155,2024-01-29,40,
SKU00155,2024-02-05,54,
SKU00155,2024-02-12,34,
SKU00155,2024-02-19,32,
SKU00155,2024-02-26,57,
SKU00155,2024-03-04,38,
SKU00155,2024-03-11,65,
SKU00155,2024-03-18,55,
SKU00155,2024-03-25,65,
SKU00155,2024-04-01,56,
SKU00155,2024-04-08,46,
SKU00155,2024-04-15,77,
SKU00155,2024-04-22,59,
SKU00155,2024-04-29,36,
SKU00155,2024-05-06,41,
SKU00155,2024-05-13,35,
SKU00155,2024-05-20,84,
SKU00155,2024-05-27,56,
SKU00155,2024-06-03,51,
SKU00155,2024-06-10,38,
SKU00155,2024-06-17,49,
SKU00155,2024-06-24,64,
SKU00155,2024-07-01,49,
SKU00155,2024-07-08,70,
SKU00155,2024-07-15,65,
SKU00155,2024-07-22,58,
SKU00155,2024-07-29,64,
SKU00155,2024-08-05,76,
SKU00155,2024-08-12,59,
SKU00155,2024-08-19,57,
SKU00155,2024-08-26,33,
SKU00155,2024-09-02,59,
SKU00155,2024-09-09,26,
SKU00155,2024-09-16,36,
SKU00155,2024-09-23,68,
SKU00155,2024-09-30,47,
SKU00155,2024-10-07,43,
SKU00155,2024-10-14,38,
SKU00155,2024-10-21,65,
SKU00155,2024-10-28,56,
SKU00155,2024-11-04,46,
SKU00155,2024-11-11,83,
SKU00155,2024-11-18,126,
SKU00155,2024-11-25,119,
SKU00155,2024-12-02,58,
SKU00155,2024-12-09,63,
SKU00155,2024-12-16,70,
SKU00155,2024-12-23,89,
SKU00155,2024-12-30,59,52.0
SKU00155,2025-01-06,22,39.0
SKU00155,2025-01-13,59,43.0
SKU00155,2025-01-20,28,43.0
SKU00155,2025-01-27,43,40.0
SKU00155,2025-02-03,41,54.0
SKU00155,2025-02-10,38,34.0
SKU00155,2025-02-17,57,32.0
SKU00155,2025-02-24,26,57.0
SKU00155,2025-03-03,53,38.0
SKU00155,2025-03-10,32,65.0
SKU00155,2025-03-17,44,55.0
SKU00155,2025-03-24,70,65.0
SKU00155,2025-03-31,35,56.0
SKU00155,2025-04-07,52,46.0
SKU00155,2025-04-14,30,77.0
SKU00155,2025-04-21,49,59.0
SKU00155,2025-04-28,93,36.0
SKU00155,2025-05-05,53,41.0
SKU00155,2025-05-12,38,35.0
SKU00155,2025-05-19,74,84.0
SKU00155,2025-05-26,54,56.0
SKU00155,2025-06-02,41,51.0
SKU00155,2025-06-09,60,38.0
SKU00155,2025-06-16,31,49.0
SKU00155,2025-06-23,66,64.0
SKU00155,2025-06-30,79,49.0
SKU00155,2025-07-07,40,70.0
SKU00155,2025-07-14,34,65.0
SKU00155,2025-07-21,36,58.0
SKU00155,2025-07-28,51,64.0
SKU00155,2025-08-04,56,76.0
SKU00155,2025-08-11,85,59.0
SKU00155,2025-08-18,56,57.0
SKU00155,2025-08-25,51,33.0
SKU00155,2025-09-01,68,59.0
SKU00155,2025-09-08,47,26.0
SKU00155,2025-09-15,53,36.0
SKU00155,2025-09-22,67,68.0
SKU00155,2025-09-29,31,47.0
SKU00155,2025-10-06,48,43.0
SKU00155,2025-10-13,80,38.0
SKU00155,2025-10-20,54,65.0
SKU00155,2025-10-27,37,56.0
SKU00155,2025-11-03,129,46.0
SKU00155,2025-11-10,118,83.0
SKU00155,2025-11-17,56,126.0
SKU00155,2025-11-24,88,119.0
SKU00155,2025-12-01,53,58.0
SKU00155,2025-12-08,93,63.0
SKU00155,2025-12-15,87,70.0
SKU00155,2025-12-22,93,89.0
SKU00155,2025-12-29,18,59.0
SKU00156,2024-01-01,52,
SKU00156,2024-01-08,55,
SKU00156,2024-01-15,55,
SKU00156,2024-01-22,44,
SKU00156,2024-01-29,39,
SKU00156,2024-02-05,61,
SKU00156,2024-02-12,31,
SKU00156,2024-02-19,21,
SKU00156,2024-02-26,59,
SKU00156,2024-03-04,33,
SKU00156,2024-03-11,67,
SKU00156,2024-03-18,63,
SKU00156,2024-03-25,54,
SKU00156,2024-04-01,22,
SKU00156,2024-04-08,75,
SKU00156,2024-04-15,36,
SKU00156,2024-04-22,66,
SKU00156,2024-04-29,60,
SKU00156,2024-05-06,51,
SKU00156,2024-05-13,52,
SKU00156,2024-05-20,59,
SKU00156,2024-05-27,27,
SKU00156,2024-06-03,102,
SKU00156,2024-06-10,49,
SKU00156,2024-06-17,46,
SKU00156,2024-06-24,56,
SKU00156,2024-07-01,38,
SKU00156,2024-07-08,40,
SKU00156,2024-07-15,48,
SKU00156,2024-07-22,68,
SKU00156,2024-07-29,60,
SKU00156,2024-08-05,65,
SKU00156,2024-08-12,46,
SKU00156,2024-08-19,70,
SKU00156,2024-08-26,50,
SKU00156,2024-09-02,32,
SKU00156,2024-09-09,77,
SKU00156,2024-09-16,45,
SKU00156,2024-09-23,87,
SKU00156,2024-09-30,34,
SKU00156,2024-10-07,41,
SKU00156,2024-10-14,68,
SKU00156,2024-10-21,43,
SKU00156,2024-10-28,50,
SKU00156,2024-11-04,58,
SKU00156,2024-11-11,80,
SKU00156,2024-11-18,84,
SKU00156,2024-11-25,81,
SKU00156,2024-12-02,82,
SKU00156,2024-12-09,131,
SKU00156,2024-12-16,99,
SKU00156,2024-12-23,104,
SKU00156,2024-12-30,38,52.0
SKU00156,2025-01-06,47,55.0
SKU00156,2025-01-13,39,55.0
SKU00156,2025-01-20,35,44.0
SKU00156,2025-01-27,31,39.0
SKU00156,2025-02-03,46,61.0
SKU00156,2025-02-10,42,31.0
SKU00156,2025-02-17,26,21.0
SKU00156,2025-02-24,57,59.0
SKU00156,2025-03-03,50,33.0
SKU00156,2025-03-10,64,67.0
SKU00156,2025-03-17,59,63.0
SKU00156,2025-03-24,26,54.0
SKU00156,2025-03-31,55,22.0
SKU00156,2025-04-07,53,75.0
SKU00156,2025-04-14,52,36.0
SKU00156,2025-04-21,79,66.0
SKU00156,2025-04-28,66,60.0
SKU00156,2025-05-05,58,51.0
SKU00156,2025-05-12,52,52.0
SKU00156,2025-05-19,77,59.0
SKU00156,2025-05-26,64,27.0
SKU00156,2025-06-02,65,102.0
SKU00156,2025-06-09,76,49.0
SKU00156,2025-06-16,37,46.0
SKU00156,2025-06-23,69,56.0
SKU00156,2025-06-30,52,38.0
SKU00156,2025-07-07,47,40.0
SKU00156,2025-07-14,72,48.0
SKU00156,2025-07-21,83,68.0
SKU00156,2025-07-28,62,60.0
SKU00156,2025-08-04,64,65.0
SKU00156,2025-08-11,69,46.0
SKU00156,2025-08-18,69,70.0
SKU00156,2025-08-25,60,50.0
SKU00156,2025-09-01,71,32.0
SKU00156,2025-09-08,38,77.0
SKU00156,2025-09-15,59,45.0
SKU00156,2025-09-22,23,87.0
SKU00156,2025-09-29,85,34.0
SKU00156,2025-10-06,56,41.0
SKU00156,2025-10-13,76,68.0
SKU00156,2025-10-20,75,43.0
SKU00156,2025-10-27,48,50.0
SKU00156,2025-11-03,88,58.0
SKU00156,2025-11-10,92,80.0
SKU00156,2025-11-17,86,84.0
SKU00156,2025-11-24,80,81.0
SKU00156,2025-12-01,101,82.0
SKU00156,2025-12-08,95,131.0
SKU00156,2025-12-15,121,99.0
SKU00156,2025-12-22,106,104.0
SKU00156,2025-12-29,38,38.0
SKU00157,2024-01-01,29,
SKU00157,2024-01-08,33,
SKU00157,2024-01-15,19,
SKU00157,2024-01-22,59,
SKU00157,2024-01-29,67,
SKU00157,2024-02-05,38,
SKU00157,2024-02-12,38,
SKU00157,2024-02-19,38,
SKU00157,2024-02-26,35,
SKU00157,2024-03-04,87,
SKU00157,2024-03-11,42,
SKU00157,2024-03-18,24,
SKU00157,2024-03-25,49,
SKU00157,2024-04-01,51,
SKU00157,2024-04-08,47,
SKU00157,2024-04-15,29,
SKU00157,2024-04-22,58,
SKU00157,2024-04-29,52,
SKU00157,2024-05-06,51,
SKU00157,2024-05-13,55,
SKU00157,2024-05-20,39,
SKU00157,2024-05-27,77,
SKU00157,2024-06-03,33,
SKU00157,2024-06-10,53,
SKU00157,2024-06-17,51,
SKU00157,2024-06-24,46,
SKU00157,2024-07-01,40,
SKU00157,2024-07-08,54,
SKU00157,2024-07-15,57,
SKU00157,2024-07-22,60,
SKU00157,2024-07-29,59,
SKU00157,2024-08-05,40,
SKU00157,2024-08-12,54,
SKU00157,2024-08-19,81,
SKU00157,2024-08-26,66,
SKU00157,2024-09-02,47,
SKU00157,2024-09-09,39,
SKU00157,2024-09-16,42,
SKU00157,2024-09-23,46,
SKU00157,2024-09-30,58,
SKU00157,2024-10-07,58,
SKU00157,2024-10-14,39,
SKU00157,2024-10-21,61,
SKU00157,2024-10-28,88,
SKU00157,2024-11-04,85,
SKU00157,2024-11-11,95,
SKU00157,2024-11-18,91,
SKU00157,2024-11-25,66,
SKU00157,2024-12-02,77,
SKU00157,2024-12-09,72,
SKU00157,2024-12-16,85,
SKU00157,2024-12-23,75,
SKU00157,2024-12-30,50,29.0
SKU00157,2025-01-06,54,33.0
SKU00157,2025-01-13,44,19.0
SKU00157,2025-01-20,50,59.0
SKU00157,2025-01-27,39,67.0
SKU00157,2025-02-03,55,38.0
SKU00157,2025-02-10,45,38.0
SKU00157,2025-02-17,23,38.0
SKU00157,2025-02-24,30,35.0
SKU00157,2025-03-03,63,87.0
SKU00157,2025-03-10,48,42.0
SKU00157,2025-03-17,30,24.0
SKU00157,2025-03-24,49,49.0
SKU00157,2025-03-31,59,51.0
SKU00157,2025-04-07,51,47.0
SKU00157,2025-04-14,89,29.0
SKU00157,2025-04-21,56,58.0
SKU00157,2025-04-28,74,52.0
SKU00157,2025-05-05,46,51.0
SKU00157,2025-05-12,56,55.0
SKU00157,2025-05-19,62,39.0
SKU00157,2025-05-26,51,77.0
SKU00157,2025-06-02,36,33.0
SKU00157,2025-06-09,49,53.0
SKU00157,2025-06-16,75,51.0
SKU00157,2025-06-23,65,46.0
SKU00157,2025-06-30,45,40.0
SKU00157,2025-07-07,55,54.0
SKU00157,2025-07-14,91,57.0
SKU00157,2025-07-21,42,60.0
SKU00157,2025-07-28,43,59.0
SKU00157,2025-08-04,36,40.0
SKU00157,2025-08-11,69,54.0
SKU00157,2025-08-18,55,81.0
SKU00157,2025-08-25,79,66.0
SKU00157,2025-09-01,60,47.0
SKU00157,2025-09-08,34,39.0
SKU00157,2025-09-15,75,42.0
SKU00157,2025-09-22,38,46.0
SKU00157,2025-09-29,88,58.0
SKU00157,2025-10-06,60,58.0
SKU00157,2025-10-13,48,39.0
SKU00157,2025-10-20,47,61.0
SKU00157,2025-10-27,50,88.0
SKU00157,2025-11-03,91,85.0
SKU00157,2025-11-10,67,95.0
SKU00157,2025-11-17,89,91.0
SKU00157,2025-11-24,126,66.0
SKU00157,2025-12-01,53,77.0
SKU00157,2025-12-08,80,72.0
SKU00157,2025-12-15,63,85.0
SKU00157,2025-12-22,90,75.0
SKU00157,2025-12-29,35,50.0
SKU00158,2024-01-01,44,
SKU00158,2024-01-08,45,
SKU00158,2024-01-15,28,
SKU00158,2024-01-22,38,
SKU00158,2024-01-29,34,
SKU00158,2024-02-05,52,
SKU00158,2024-02-12,59,
SKU00158,2024-02-19,53,
SKU00158,2024-02-26,44,
SKU00158,2024-03-04,59,
SKU00158,2024-03-11,61,
SKU00158,2024-03-18,58,
SKU00158,2024-03-25,78,
SKU00158,2024-04-01,54,
SKU00158,2024-04-08,47,
SKU00158,2024-04-15,46,
SKU00158,2024-04-22,67,
SKU00158,2024-04-29,56,
SKU00158,2024-05-06,46,
SKU00158,2024-05-13,48,
SKU00158,2024-05-20,53,
SKU00158,2024-05-27,62,
SKU00158,2024-06-03,36,
SKU00158,2024-06-10,37,
SKU00158,2024-06-17,40,
SKU00158,2024-06-24,51,
SKU00158,2024-07-01,109,
SKU00158,2024-07-08,29,
SKU00158,2024-07-15,73,
SKU00158,2024-07-22,43,
SKU00158,2024-07-29,42,
SKU00158,2024-08-05,62,
SKU00158,2024-08-12,48,
SKU00158,2024-08-19,60,
SKU00158,2024-08-26,53,
SKU00158,2024-09-02,74,
SKU00158,2024-09-09,95,
SKU00158,2024-09-16,50,
SKU00158,2024-09-23,56,
SKU00158,2024-09-30,43,
SKU00158,2024-10-07,55,
SKU00158,2024-10-14,37,
SKU00158,2024-10-21,54,
SKU00158,2024-10-28,77,
SKU00158,2024-11-04,85,
SKU00158,2024-11-11,81,
SKU00158,2024-11-18,89,
SKU00158,2024-11-25,87,
SKU00158,2024-12-02,84,
SKU00158,2024-12-09,76,
SKU00158,2024-12-16,68,
SKU00158,2024-12-23,68,
SKU00158,2024-12-30,46,44.0
SKU00158,2025-01-06,44,45.0
SKU00158,2025-01-13,34,28.0
SKU00158,2025-01-20,29,38.0
SKU00158,2025-01-27,48,34.0
SKU00158,2025-02-03,60,52.0
SKU00158,2025-02-10,46,59.0
SKU00158,2025-02-17,25,53.0
SKU00158,2025-02-24,64,44.0
SKU00158,2025-03-03,41,59.0
SKU00158,2025-03-10,66,61.0
SKU00158,2025-03-17,60,58.0
SKU00158,2025-03-24,63,78.0
SKU00158,2025-03-31,51,54.0
SKU00158,2025-04-07,51,47.0
SKU00158,2025-04-14,61,46.0
SKU00158,2025-04-21,66,67.0
SKU00158,2025-04-28,64,56.0
SKU00158,2025-05-05,41,46.0
SKU00158,2025-05-12,63,48.0
SKU00158,2025-05-19,58,53.0
SKU00158,2025-05-26,34,62.0
SKU00158,2025-06-02,59,36.0
SKU00158,2025-06-09,38,37.0
SKU00158,2025-06-16,22,40.0
SKU00158,2025-06-23,41,51.0
SKU00158,2025-06-30,37,109.0
SKU00158,2025-07-07,38,29.0
SKU00158,2025-07-14,84,73.0
SKU00158,2025-07-21,74,43.0
SKU00158,2025-07-28,47,42.0
SKU00158,2025-08-04,61,62.0
SKU00158,2025-08-11,61,48.0
SKU00158,2025-08-18,38,60.0
SKU00158,2025-08-25,52,53.0
SKU00158,2025-09-01,60,74.0
SKU00158,2025-09-08,53,95.0
SKU00158,2025-09-15,57,50.0
SKU00158,2025-09-22,39,56.0
SKU00158,2025-09-29,53,43.0
SKU00158,2025-10-06,59,55.0
SKU00158,2025-10-13,53,37.0
SKU00158,2025-10-20,39,54.0
SKU00158,2025-10-27,82,77.0
SKU00158,2025-11-03,76,85.0
SKU00158,2025-11-10,108,81.0
SKU00158,2025-11-17,80,89.0
SKU00158,2025-11-24,97,87.0
SKU00158,2025-12-01,80,84.0
SKU00158,2025-12-08,102,76.0
SKU00158,2025-12-15,101,68.0
SKU00158,2025-12-22,80,68.0
SKU00158,2025-12-29,42,46.0
SKU00159,2024-01-01,34,
SKU00159,2024-01-08,18,
SKU00159,2024-01-15,55,
SKU00159,2024-01-22,38,
SKU00159,2024-01-29,21,
SKU00159,2024-02-05,52,
SKU00159,2024-02-12,48,
SKU00159,2024-02-19,49,
SKU00159,2024-02-26,62,
SKU00159,2024-03-04,27,
SKU00159,2024-03-11,57,
SKU00159,2024-03-18,28,
SKU00159,2024-03-25,71,
SKU00159,2024-04-01,68,
SKU00159,2024-04-08,67,
SKU00159,2024-04-15,76,
SKU00159,2024-04-22,44,
SKU00159,2024-04-29,66,
SKU00159,2024-05-06,78,
SKU00159,2024-05-13,38,
SKU00159,2024-05-20,52,
SKU00159,2024-05-27,61,
SKU00159,2024-06-03,62,
SKU00159,2024-06-10,73,
SKU00159,2024-06-17,57,
SKU00159,2024-06-24,62,
SKU00159,2024-07-01,57,
SKU00159,2024-07-08,77,
SKU00159,2024-07-15,46,
SKU00159,2024-07-22,27,
SKU00159,2024-07-29,67,
SKU00159,2024-08-05,44,
SKU00159,2024-08-12,55,
SKU00159,2024-08-19,38,
SKU00159,2024-08-26,63,
SKU00159,2024-09-02,93,
SKU00159,2024-09-09,38,
SKU00159,2024-09-16,57,
SKU00159,2024-09-23,52,
SKU00159,2024-09-30,54,
SKU00159,2024-10-07,37,
SKU00159,2024-10-14,30,
SKU00159,2024-10-21,59,
SKU00159,2024-10-28,34,
SKU00159,2024-11-04,97,
SKU00159,2024-11-11,142,
SKU00159,2024-11-18,93,
SKU00159,2024-11-25,66,
SKU00159,2024-12-02,64,
SKU00159,2024-12-09,76,
SKU00159,2024-12-16,76,
SKU00159,2024-12-23,105,
SKU00159,2024-12-30,60,34.0
SKU00159,2025-01-06,58,18.0
SKU00159,2025-01-13,46,55.0
SKU00159,2025-01-20,54,38.0
SKU00159,2025-01-27,40,21.0
SKU00159,2025-02-03,38,52.0
SKU00159,2025-02-10,44,48.0
SKU00159,2025-02-17,62,49.0
SKU00159,2025-02-24,65,62.0
SKU00159,2025-03-03,56,27.0
SKU00159,2025-03-10,78,57.0
SKU00159,2025-03-17,78,28.0
SKU00159,2025-03-24,84,71.0
SKU00159,2025-03-31,25,68.0
SKU00159,2025-04-07,73,67.0
SKU00159,2025-04-14,86,76.0
SKU00159,2025-04-21,45,44.0
SKU00159,2025-04-28,33,66.0
SKU00159,2025-05-05,55,78.0
SKU00159,2025-05-12,56,38.0
SKU00159,2025-05-19,50,52.0
SKU00159,2025-05-26,76,61.0
SKU00159,2025-06-02,43,62.0
SKU00159,2025-06-09,72,73.0
SKU00159,2025-06-16,35,57.0
SKU00159,2025-06-23,34,62.0
SKU00159,2025-06-30,64,57.0
SKU00159,2025-07-07,61,77.0
SKU00159,2025-07-14,71,46.0
SKU00159,2025-07-21,77,27.0
SKU00159,2025-07-28,58,67.0
SKU00159,2025-08-04,77,44.0
SKU00159,2025-08-11,49,55.0
SKU00159,2025-08-18,36,38.0
SKU00159,2025-08-25,88,63.0
SKU00159,2025-09-01,64,93.0
SKU00159,2025-09-08,38,38.0
SKU00159,2025-09-15,70,57.0
SKU00159,2025-09-22,54,52.0
SKU00159,2025-09-29,77,54.0
SKU00159,2025-10-06,39,37.0
SKU00159,2025-10-13,68,30.0
SKU00159,2025-10-20,38,59.0
SKU00159,2025-10-27,56,34.0
SKU00159,2025-11-03,72,97.0
SKU00159,2025-11-10,88,142.0
SKU00159,2025-11-17,109,93.0
SKU00159,2025-11-24,86,66.0
SKU00159,2025-12-01,87,64.0
SKU00159,2025-12-08,81,76.0
SKU00159,2025-12-15,52,76.0
SKU00159,2025-12-22,101,105.0
SKU00159,2025-12-29,29,60.0
SKU00160,2024-01-01,61,
SKU00160,2024-01-08,40,
SKU00160,2024-01-15,48,
SKU00160,2024-01-22,53,
SKU00160,2024-01-29,73,
SKU00160,2024-02-05,24,
SKU00160,2024-02-12,64,
SKU00160,2024-02-19,29,
SKU00160,2024-02-26,37,
SKU00160,2024-03-04,72,
SKU00160,2024-03-11,67,
SKU00160,2024-03-18,37,
SKU00160,2024-03-25,56,
SKU00160,2024-04-01,38,
SKU00160,2024-04-08,52,
SKU00160,2024-04-15,55,
SKU00160,2024-04-22,60,
SKU00160,2024-04-29,55,
SKU00160,2024-05-06,40,
SKU00160,2024-05-13,98,
SKU00160,2024-05-20,81,
SKU00160,2024-05-27,92,
SKU00160,2024-06-03,47,
SKU00160,2024-06-10,32,
SKU00160,2024-06-17,48,
SKU00160,2024-06-24,67,
SKU00160,2024-07-01,70,
SKU00160,2024-07-08,53,
SKU00160,2024-07-15,26,
SKU00160,2024-07-22,83,
SKU00160,2024-07-29,55,
SKU00160,2024-08-05,65,
SKU00160,2024-08-12,34,
SKU00160,2024-08-19,59,
SKU00160,2024-08-26,45,
SKU00160,2024-09-02,83,
SKU00160,2024-09-09,76,
SKU00160,2024-09-16,35,
SKU00160,2024-09-23,90,
SKU00160,2024-09-30,60,
SKU00160,2024-10-07,47,
SKU00160,2024-10-14,27,
SKU00160,2024-10-21,50,
SKU00160,2024-10-28,71,
SKU00160,2024-11-04,102,
SKU00160,2024-11-11,70,
SKU00160,2024-11-18,45,
SKU00160,2024-11-25,84,
SKU00160,2024-12-02,91,
SKU00160,2024-12-09,74,
SKU00160,2024-12-16,72,
SKU00160,2024-12-23,92,
SKU00160,2024-12-30,50,61.0
SKU00160,2025-01-06,35,40.0
SKU00160,2025-01-13,31,48.0
SKU00160,2025-01-20,69,53.0
SKU00160,2025-01-27,47,73.0
SKU00160,2025-02-03,68,24.0
SKU00160,2025-02-10,24,64.0
SKU00160,2025-02-17,41,29.0
SKU00160,2025-02-24,29,37.0
SKU00160,2025-03-03,38,72.0
SKU00160,2025-03-10,32,67.0
SKU00160,2025-03-17,31,37.0
SKU00160,2025-03-24,62,56.0
SKU00160,2025-03-31,61,38.0
SKU00160,2025-04-07,58,52.0
SKU00160,2025-04-14,67,55.0
SKU00160,2025-04-21,57,60.0
SKU00160,2025-04-28,45,55.0
SKU00160,2025-05-05,47,40.0
SKU00160,2025-05-12,73,98.0
SKU00160,2025-05-19,46,81.0
SKU00160,2025-05-26,46,92.0
SKU00160,2025-06-02,30,47.0
SKU00160,2025-06-09,68,32.0
SKU00160,2025-06-16,46,48.0
SKU00160,2025-06-23,50,67.0
SKU00160,2025-06-30,62,70.0
SKU00160,2025-07-07,71,53.0
SKU00160,2025-07-14,59,26.0
SKU00160,2025-07-21,45,83.0
SKU00160,2025-07-28,31,55.0
SKU00160,2025-08-04,73,65.0
SKU00160,2025-08-11,32,34.0
SKU00160,2025-08-18,61,59.0
SKU00160,2025-08-25,61,45.0
SKU00160,2025-09-01,35,83.0
SKU00160,2025-09-08,71,76.0
SKU00160,2025-09-15,57,35.0
SKU00160,2025-09-22,60,90.0
SKU00160,2025-09-29,47,60.0
SKU00160,2025-10-06,47,47.0
SKU00160,2025-10-13,32,27.0
SKU00160,2025-10-20,47,50.0
SKU00160,2025-10-27,78,71.0
SKU00160,2025-11-03,57,102.0
SKU00160,2025-11-10,87,70.0
SKU00160,2025-11-17,64,45.0
SKU00160,2025-11-24,80,84.0
SKU00160,2025-12-01,88,91.0
SKU00160,2025-12-08,43,74.0
SKU00160,2025-12-15,79,72.0
SKU00160,2025-12-22,143,92.0
SKU00160,2025-12-29,31,50.0
SKU00161,2024-01-01,45,
SKU00161,2024-01-08,54,
SKU00161,2024-01-15,92,
SKU00161,2024-01-22,30,
SKU00161,2024-01-29,39,
SKU00161,2024-02-05,48,
SKU00161,2024-02-12,49,
SKU00161,2024-02-19,56,
SKU00161,2024-02-26,78,
SKU00161,2024-03-04,33,
SKU00161,2024-03-11,38,
SKU00161,2024-03-18,41,
SKU00161,2024-03-25,30,
SKU00161,2024-04-01,47,
SKU00161,2024-04-08,74,
SKU00161,2024-04-15,57,
SKU00161,2024-04-22,67,
SKU00161,2024-04-29,48,
SKU00161,2024-05-06,75,
SKU00161,2024-05-13,72,
SKU00161,2024-05-20,63,
SKU00161,2024-05-27,70,
SKU00161,2024-06-03,61,
SKU00161,2024-06-10,63,
SKU00161,2024-06-17,42,
SKU00161,2024-06-24,45,
SKU00161,2024-07-01,56,
SKU00161,2024-07-08,66,
SKU00161,2024-07-15,60,
SKU00161,2024-07-22,58,
SKU00161,2024-07-29,52,
SKU00161,2024-08-05,29,
SKU00161,2024-08-12,35,
SKU00161,2024-08-19,71,
SKU00161,2024-08-26,37,
SKU00161,2024-09-02,41,
SKU00161,2024-09-09,27,
SKU00161,2024-09-16,42,
SKU00161,2024-09-23,60,
SKU00161,2024-09-30,55,
SKU00161,2024-10-07,53,
SKU00161,2024-10-14,48,
SKU00161,2024-10-21,57,
SKU00161,2024-10-28,67,
SKU00161,2024-11-04,91,
SKU00161,2024-11-11,71,
SKU00161,2024-11-18,68,
SKU00161,2024-11-25,89,
SKU00161,2024-12-02,87,
SKU00161,2024-12-09,87,
SKU00161,2024-12-16,119,
SKU00161,2024-12-23,97,
SKU00161,2024-12-30,47,45.0
SKU00161,2025-01-06,36,54.0
SKU00161,2025-01-13,42,92.0
SKU00161,2025-01-20,19,30.0
SKU00161,2025-01-27,36,39.0
SKU00161,2025-02-03,38,48.0
SKU00161,2025-02-10,47,49.0
SKU00161,2025-02-17,48,56.0
SKU00161,2025-02-24,59,78.0
SKU00161,2025-03-03,51,33.0
SKU00161,2025-03-10,36,38.0
SKU00161,2025-03-17,53,41.0
SKU00161,2025-03-24,35,30.0
SKU00161,2025-03-31,47,47.0
SKU00161,2025-04-07,60,74.0
SKU00161,2025-04-14,59,57.0
SKU00161,2025-04-21,41,67.0
SKU00161,2025-04-28,49,48.0
SKU00161,2025-05-05,70,75.0
SKU00161,2025-05-12,45,72.0
SKU00161,2025-05-19,56,63.0
SKU00161,2025-05-26,57,70.0
SKU00161,2025-06-02,66,61.0
SKU00161,2025-06-09,53,63.0
SKU00161,2025-06-16,73,42.0
SKU00161,2025-06-23,45,45.0
SKU00161,2025-06-30,62,56.0
SKU00161,2025-07-07,58,66.0
SKU00161,2025-07-14,59,60.0
SKU00161,2025-07-21,51,58.0
SKU00161,2025-07-28,43,52.0
SKU00161,2025-08-04,61,29.0
SKU00161,2025-08-11,61,35.0
SKU00161,2025-08-18,34,71.0
SKU00161,2025-08-25,45,37.0
SKU00161,2025-09-01,32,41.0
SKU00161,2025-09-08,77,27.0
SKU00161,2025-09-15,56,42.0
SKU00161,2025-09-22,44,60.0
SKU00161,2025-09-29,61,55.0
SKU00161,2025-10-06,49,53.0
SKU00161,2025-10-13,26,48.0
SKU00161,2025-10-20,66,57.0
SKU00161,2025-10-27,72,67.0
SKU00161,2025-11-03,111,91.0
SKU00161,2025-11-10,91,71.0
SKU00161,2025-11-17,63,68.0
SKU00161,2025-11-24,59,89.0
SKU00161,2025-12-01,123,87.0
SKU00161,2025-12-08,124,87.0
SKU00161,2025-12-15,87,119.0
SKU00161,2025-12-22,48,97.0
SKU00161,2025-12-29,25,47.0
SKU00162,2024-01-01,30,
SKU00162,2024-01-08,44,
SKU00162,2024-01-15,69,
SKU00162,2024-01-22,31,
SKU00162,2024-01-29,73,
SKU00162,2024-02-05,36,
SKU00162,2024-02-12,28,
SKU00162,2024-02-19,51,
SKU00162,2024-02-26,62,
SKU00162,2024-03-04,49,
SKU00162,2024-03-11,71,
SKU00162,2024-03-18,51,
SKU00162,2024-03-25,35,
SKU00162,2024-04-01,54,
SKU00162,2024-04-08,57,
SKU00162,2024-04-15,46,
SKU00162,2024-04-22,74,
SKU00162,2024-04-29,42,
SKU00162,2024-05-06,55,
SKU00162,2024-05-13,54,
SKU00162,2024-05-20,46,
SKU00162,2024-05-27,48,
SKU00162,2024-06-03,32,
SKU00162,2024-06-10,55,
SKU00162,2024-06-17,69,
SKU00162,2024-06-24,54,
SKU00162,2024-07-01,44,
SKU00162,2024-07-08,33,
SKU00162,2024-07-15,43,
SKU00162,2024-07-22,70,
SKU00162,2024-07-29,50,
SKU00162,2024-08-05,37,
SKU00162,2024-08-12,35,
SKU00162,2024-08-19,47,
SKU00162,2024-08-26,47,
SKU00162,2024-09-02,50,
SKU00162,2024-09-09,56,
SKU00162,2024-09-16,40,
SKU00162,2024-09-23,52,
SKU00162,2024-09-30,70,
SKU00162,2024-10-07,52,
SKU00162,2024-10-14,45,
SKU00162,2024-10-21,50,
SKU00162,2024-10-28,90,
SKU00162,2024-11-04,68,
SKU00162,2024-11-11,82,
SKU00162,2024-11-18,89,
SKU00162,2024-11-25,91,
SKU00162,2024-12-02,85,
SKU00162,2024-12-09,51,
SKU00162,2024-12-16,77,
SKU00162,2024-12-23,100,
SKU00162,2024-12-30,50,30.0
SKU00162,2025-01-06,28,44.0
SKU00162,2025-01-13,60,69.0
SKU00162,2025-01-20,40,31.0
SKU00162,2025-01-27,29,73.0
SKU00162,2025-02-03,48,36.0
SKU00162,2025-02-10,61,28.0
SKU00162,2025-02-17,41,51.0
SKU00162,2025-02-24,44,62.0
SKU00162,2025-03-03,61,49.0
SKU00162,2025-03-10,65,71.0
SKU00162,2025-03-17,68,51.0
SKU00162,2025-03-24,53,35.0
SKU00162,2025-03-31,39,54.0
SKU00162,2025-04-07,52,57.0
SKU00162,2025-04-14,91,46.0
SKU00162,2025-04-21,38,74.0
SKU00162,2025-04-28,53,42.0
SKU00162,2025-05-05,53,55.0
SKU00162,2025-05-12,51,54.0
SKU00162,2025-05-19,46,46.0
SKU00162,2025-05-26,42,48.0
SKU00162,2025-06-02,54,32.0
SKU00162,2025-06-09,31,55.0
SKU00162,2025-06-16,41,69.0
SKU00162,2025-06-23,49,54.0
SKU00162,2025-06-30,71,44.0
SKU00162,2025-07-07,59,33.0
SKU00162,2025-07-14,49,43.0
SKU00162,2025-07-21,48,70.0
SKU00162,2025-07-28,39,50.0
SKU00162,2025-08-04,47,37.0
SKU00162,2025-08-11,44,35.0
SKU00162,2025-08-18,67,47.0
SKU00162,2025-08-25,60,47.0
SKU00162,2025-09-01,47,50.0
SKU00162,2025-09-08,79,56.0
SKU00162,2025-09-15,32,40.0
SKU00162,2025-09-22,60,52.0
SKU00162,2025-09-29,70,70.0
SKU00162,2025-10-06,52,52.0
SKU00162,2025-10-13,34,45.0
SKU00162,2025-10-20,62,50.0
SKU00162,2025-10-27,62,90.0
SKU00162,2025-11-03,110,68.0
SKU00162,2025-11-10,59,82.0
SKU00162,2025-11-17,107,89.0
SKU00162,2025-11-24,67,91.0
SKU00162,2025-12-01,84,85.0
SKU00162,2025-12-08,70,51.0
SKU00162,2025-12-15,80,77.0
SKU00162,2025-12-22,86,100.0
SKU00162,2025-12-29,76,50.0
SKU00163,2024-01-01,47,
SKU00163,2024-01-08,47,
SKU00163,2024-01-15,57,
SKU00163,2024-01-22,34,
SKU00163,2024-01-29,58,
SKU00163,2024-02-05,11,
SKU00163,2024-02-12,35,
SKU00163,2024-02-19,42,
SKU00163,2024-02-26,47,
SKU00163,2024-03-04,28,
SKU00163,2024-03-11,60,
SKU00163,2024-03-18,60,
SKU00163,2024-03-25,35,
SKU00163,2024-04-01,27,
SKU00163,2024-04-08,67,
SKU00163,2024-04-15,36,
SKU00163,2024-04-22,47,
SKU00163,2024-04-29,32,
SKU00163,2024-05-06,62,
SKU00163,2024-05-13,48,
SKU00163,2024-05-20,40,
SKU00163,2024-05-27,63,
SKU00163,2024-06-03,35,
SKU00163,2024-06-10,40,
SKU00163,2024-06-17,54,
SKU00163,2024-06-24,66,
SKU00163,2024-07-01,18,
SKU00163,2024-07-08,22,
SKU00163,2024-07-15,49,
SKU00163,2024-07-22,91,
SKU00163,2024-07-29,43,
SKU00163,2024-08-05,54,
SKU00163,2024-08-12,40,
SKU00163,2024-08-19,53,
SKU00163,2024-08-26,72,
SKU00163,2024-09-02,67,
SKU00163,2024-09-09,48,
SKU00163,2024-09-16,54,
SKU00163,2024-09-23,38,
SKU00163,2024-09-30,61,
SKU00163,2024-10-07,55,
SKU00163,2024-10-14,87,
SKU00163,2024-10-21,45,
SKU00163,2024-10-28,88,
SKU00163,2024-11-04,93,
SKU00163,2024-11-11,72,
SKU00163,2024-11-18,99,
SKU00163,2024-11-25,79,
SKU00163,2024-12-02,96,
SKU00163,2024-12-09,83,
SKU00163,2024-12-16,102,
SKU00163,2024-12-23,71,
SKU00163,2024-12-30,70,47.0
SKU00163,2025-01-06,35,47.0
SKU00163,2025-01-13,46,57.0
SKU00163,2025-01-20,71,34.0
SKU00163,2025-01-27,35,58.0
SKU00163,2025-02-03,62,11.0
SKU00163,2025-02-10,41,35.0
SKU00163,2025-02-17,65,42.0
SKU00163,2025-02-24,42,47.0
SKU00163,2025-03-03,36,28.0
SKU00163,2025-03-10,67,60.0
SKU00163,2025-03-17,72,60.0
SKU00163,2025-03-24,54,35.0
SKU00163,2025-03-31,57,27.0
SKU00163,2025-04-07,62,67.0
SKU00163,2025-04-14,51,36.0
SKU00163,2025-04-21,21,47.0
SKU00163,2025-04-28,37,32.0
SKU00163,2025-05-05,73,62.0
SKU00163,2025-05-12,67,48.0
SKU00163,2025-05-19,52,40.0
SKU00163,2025-05-26,41,63.0
SKU00163,2025-06-02,42,35.0
SKU00163,2025-06-09,30,40.0
SKU00163,2025-06-16,51,54.0
SKU00163,2025-06-23,60,66.0
SKU00163,2025-06-30,64,18.0
SKU00163,2025-07-07,74,22.0
SKU00163,2025-07-14,40,49.0
SKU00163,2025-07-21,55,91.0
SKU00163,2025-07-28,52,43.0
SKU00163,2025-08-04,49,54.0
SKU00163,2025-08-11,52,40.0
SKU00163,2025-08-18,40,53.0
SKU00163,2025-08-25,49,72.0
SKU00163,2025-09-01,80,67.0
SKU00163,2025-09-08,76,48.0
SKU00163,2025-09-15,33,54.0
SKU00163,2025-09-22,58,38.0
SKU00163,2025-09-29,54,61.0
SKU00163,2025-10-06,72,55.0
SKU00163,2025-10-13,94,87.0
SKU00163,2025-10-20,51,45.0
SKU00163,2025-10-27,50,88.0
SKU00163,2025-11-03,79,93.0
SKU00163,2025-11-10,64,72.0
SKU00163,2025-11-17,127,99.0
SKU00163,2025-11-24,53,79.0
SKU00163,2025-12-01,106,96.0
SKU00163,2025-12-08,113,83.0
SKU00163,2025-12-15,95,102.0
SKU00163,2025-12-22,145,71.0
SKU00163,2025-12-29,34,70.0
SKU00164,2024-01-01,38,
SKU00164,2024-01-08,27,
SKU00164,2024-01-15,63,
SKU00164,2024-01-22,22,
SKU00164,2024-01-29,81,
SKU00164,2024-02-05,40,
SKU00164,2024-02-12,43,
SKU00164,2024-02-19,31,
SKU00164,2024-02-26,64,
SKU00164,2024-03-04,75,
SKU00164,2024-03-11,53,
SKU00164,2024-03-18,72,
SKU00164,2024-03-25,49,
SKU00164,2024-04-01,50,
SKU00164,2024-04-08,38,
SKU00164,2024-04-15,54,
SKU00164,2024-04-22,57,
SKU00164,2024-04-29,77,
SKU00164,2024-05-06,47,
SKU00164,2024-05-13,82,
SKU00164,2024-05-20,67,
SKU00164,2024-05-27,66,
SKU00164,2024-06-03,34,
SKU00164,2024-06-10,55,
SKU00164,2024-06-17,40,
SKU00164,2024-06-24,46,
SKU00164,2024-07-01,81,
SKU00164,2024-07-08,49,
SKU00164,2024-07-15,51,
SKU00164,2024-07-22,80,
SKU00164,2024-07-29,27,
SKU00164,2024-08-05,55,
SKU00164,2024-08-12,55,
SKU00164,2024-08-19,84,
SKU00164,2024-08-26,27,
SKU00164,2024-09-02,44,
SKU00164,2024-09-09,50,
SKU00164,2024-09-16,32,
SKU00164,2024-09-23,25,
SKU00164,2024-09-30,42,
SKU00164,2024-10-07,56,
SKU00164,2024-10-14,32,
SKU00164,2024-10-21,67,
SKU00164,2024-10-28,76,
SKU00164,2024-11-04,126,
SKU00164,2024-11-11,115,
SKU00164,2024-11-18,55,
SKU00164,2024-11-25,118,
SKU00164,2024-12-02,103,
SKU00164,2024-12-09,72,
SKU00164,2024-12-16,93,
SKU00164,2024-12-23,105,
SKU00164,2024-12-30,76,38.0
SKU00164,2025-01-06,47,27.0
SKU00164,2025-01-13,42,63.0
SKU00164,2025-01-20,47,22.0
SKU00164,2025-01-27,44,81.0
SKU00164,2025-02-03,52,40.0
SKU00164,2025-02-10,71,43.0
SKU00164,2025-02-17,44,31.0
SKU00164,2025-02-24,73,64.0
SKU00164,2025-03-03,61,75.0
SKU00164,2025-03-10,43,53.0
SKU00164,2025-03-17,80,72.0
SKU00164,2025-03-24,82,49.0
SKU00164,2025-03-31,64,50.0
SKU00164,2025-04-07,61,38.0
SKU00164,2025-04-14,27,54.0
SKU00164,2025-04-21,43,57.0
SKU00164,2025-04-28,56,77.0
SKU00164,2025-05-05,63,47.0
SKU00164,2025-05-12,44,82.0
SKU00164,2025-05-19,70,67.0
SKU00164,2025-05-26,74,66.0
SKU00164,2025-06-02,64,34.0
SKU00164,2025-06-09,69,55.0
SKU00164,2025-06-16,51,40.0
SKU00164,2025-06-23,64,46.0
SKU00164,2025-06-30,50,81.0
SKU00164,2025-07-07,58,49.0
SKU00164,2025-07-14,61,51.0
SKU00164,2025-07-21,80,80.0
SKU00164,2025-07-28,71,27.0
SKU00164,2025-08-04,46,55.0
SKU00164,2025-08-11,62,55.0
SKU00164,2025-08-18,30,84.0
SKU00164,2025-08-25,47,27.0
SKU00164,2025-09-01,39,44.0
SKU00164,2025-09-08,59,50.0
SKU00164,2025-09-15,58,32.0
SKU00164,2025-09-22,57,25.0
SKU00164,2025-09-29,73,42.0
SKU00164,2025-10-06,39,56.0
SKU00164,2025-10-13,67,32.0
SKU00164,2025-10-20,25,67.0
SKU00164,2025-10-27,67,76.0
SKU00164,2025-11-03,67,126.0
SKU00164,2025-11-10,134,115.0
SKU00164,2025-11-17,106,55.0
SKU00164,2025-11-24,87,118.0
SKU00164,2025-12-01,78,103.0
SKU00164,2025-12-08,95,72.0
SKU00164,2025-12-15,119,93.0
SKU00164,2025-12-22,92,105.0
SKU00164,2025-12-29,22,76.0
SKU00165,2024-01-01,14,
SKU00165,2024-01-08,25,
SKU00165,2024-01-15,37,
SKU00165,2024-01-22,36,
SKU00165,2024-01-29,72,
SKU00165,2024-02-05,27,
SKU00165,2024-02-12,45,
SKU00165,2024-02-19,47,
SKU00165,2024-02-26,30,
SKU00165,2024-03-04,52,
SKU00165,2024-03-11,85,
SKU00165,2024-03-18,66,
SKU00165,2024-03-25,30,
SKU00165,2024-04-01,46,
SKU00165,2024-04-08,82,
SKU00165,2024-04-15,49,
SKU00165,2024-04-22,64,
SKU00165,2024-04-29,85,
SKU00165,2024-05-06,70,
SKU00165,2024-05-13,52,
SKU00165,2024-05-20,46,
SKU00165,2024-05-27,56,
SKU00165,2024-06-03,42,
SKU00165,2024-06-10,39,
SKU00165,2024-06-17,29,
SKU00165,2024-06-24,59,
SKU00165,2024-07-01,57,
SKU00165,2024-07-08,32,
SKU00165,2024-07-15,66,
SKU00165,2024-07-22,60,
SKU00165,2024-07-29,37,
SKU00165,2024-08-05,43,
SKU00165,2024-08-12,39,
SKU00165,2024-08-19,77,
SKU00165,2024-08-26,63,
SKU00165,2024-09-02,62,
SKU00165,2024-09-09,36,
SKU00165,2024-09-16,58,
SKU00165,2024-09-23,77,
SKU00165,2024-09-30,58,
SKU00165,2024-10-07,43,
SKU00165,2024-10-14,20,
SKU00165,2024-10-21,58,
SKU00165,2024-10-28,49,
SKU00165,2024-11-04,120,
SKU00165,2024-11-11,100,
SKU00165,2024-11-18,98,
SKU00165,2024-11-25,109,
SKU00165,2024-12-02,95,
SKU00165,2024-12-09,95,
SKU00165,2024-12-16,66,
SKU00165,2024-12-23,99,
SKU00165,2024-12-30,90,14.0
SKU00165,2025-01-06,42,25.0
SKU00165,2025-01-13,58,37.0
SKU00165,2025-01-20,38,36.0
SKU00165,2025-01-27,43,72.0
SKU00165,2025-02-03,49,27.0
SKU00165,2025-02-10,46,45.0
SKU00165,2025-02-17,55,47.0
SKU00165,2025-02-24,80,30.0
SKU00165,2025-03-03,34,52.0
SKU00165,2025-03-10,33,85.0
SKU00165,2025-03-17,100,66.0
SKU00165,2025-03-24,39,30.0
SKU00165,2025-03-31,48,46.0
SKU00165,2025-04-07,44,82.0
SKU00165,2025-04-14,73,49.0
SKU00165,2025-04-21,63,64.0
SKU00165,2025-04-28,36,85.0
SKU00165,2025-05-05,48,70.0
SKU00165,2025-05-12,49,52.0
SKU00165,2025-05-19,35,46.0
SKU00165,2025-05-26,64,56.0
SKU00165,2025-06-02,33,42.0
SKU00165,2025-06-09,56,39.0
SKU00165,2025-06-16,42,29.0
SKU00165,2025-06-23,42,59.0
SKU00165,2025-06-30,56,57.0
SKU00165,2025-07-07,43,32.0
SKU00165,2025-07-14,46,66.0
SKU00165,2025-07-21,33,60.0
SKU00165,2025-07-28,64,37.0
SKU00165,2025-08-04,76,43.0
SKU00165,2025-08-11,69,39.0
SKU00165,2025-08-18,62,77.0
SKU00165,2025-08-25,76,63.0
SKU00165,2025-09-01,70,62.0
SKU00165,2025-09-08,52,36.0
SKU00165,2025-09-15,94,58.0
SKU00165,2025-09-22,49,77.0
SKU00165,2025-09-29,52,58.0
SKU00165,2025-10-06,43,43.0
SKU00165,2025-10-13,45,20.0
SKU00165,2025-10-20,49,58.0
SKU00165,2025-10-27,38,49.0
SKU00165,2025-11-03,76,120.0
SKU00165,2025-11-10,67,100.0
SKU00165,2025-11-17,103,98.0
SKU00165,2025-11-24,63,109.0
SKU00165,2025-12-01,94,95.0
SKU00165,2025-12-08,71,95.0
SKU00165,2025-12-15,131,66.0
SKU00165,2025-12-22,91,99.0
SKU00165,2025-12-29,27,90.0
SKU00166,2024-01-01,31,
SKU00166,2024-01-08,78,
SKU00166,2024-01-15,44,
SKU00166,2024-01-22,32,
SKU00166,2024-01-29,45,
SKU00166,2024-02-05,22,
SKU00166,2024-02-12,48,
SKU00166,2024-02-19,92,
SKU00166,2024-02-26,27,
SKU00166,2024-03-04,85,
SKU00166,2024-03-11,41,
SKU00166,2024-03-18,73,
SKU00166,2024-03-25,36,
SKU00166,2024-04-01,60,
SKU00166,2024-04-08,56,
SKU00166,2024-04-15,65,
SKU00166,2024-04-22,70,
SKU00166,2024-04-29,56,
SKU00166,2024-05-06,76,
SKU00166,2024-05-13,49,
SKU00166,2024-05-20,64,
SKU00166,2024-05-27,65,
SKU00166,2024-06-03,34,
SKU00166,2024-06-10,40,
SKU00166,2024-06-17,32,
SKU00166,2024-06-24,56,
SKU00166,2024-07-01,68,
SKU00166,2024-07-08,29,
SKU00166,2024-07-15,44,
SKU00166,2024-07-22,50,
SKU00166,2024-07-29,44,
SKU00166,2024-08-05,66,
SKU00166,2024-08-12,26,
SKU00166,2024-08-19,64,
SKU00166,2024-08-26,54,
SKU00166,2024-09-02,58,
SKU00166,2024-09-09,84,
SKU00166,2024-09-16,45,
SKU00166,2024-09-23,48,
SKU00166,2024-09-30,46,
SKU00166,2024-10-07,80,
SKU00166,2024-10-14,86,
SKU00166,2024-10-21,41,
SKU00166,2024-10-28,95,
SKU00166,2024-11-04,53,
SKU00166,2024-11-11,92,
SKU00166,2024-11-18,114,
SKU00166,2024-11-25,101,
SKU00166,2024-12-02,76,
SKU00166,2024-12-09,66,
SKU00166,2024-12-16,61,
SKU00166,2024-12-23,95,
SKU00166,2024-12-30,52,31.0
SKU00166,2025-01-06,38,78.0
SKU00166,2025-01-13,46,44.0
SKU00166,2025-01-20,37,32.0
SKU00166,2025-01-27,21,45.0
SKU00166,2025-02-03,49,22.0
SKU00166,2025-02-10,52,48.0
SKU00166,2025-02-17,39,92.0
SKU00166,2025-02-24,45,27.0
SKU00166,2025-03-03,48,85.0
SKU00166,2025-03-10,82,41.0
SKU00166,2025-03-17,36,73.0
SKU00166,2025-03-24,81,36.0
SKU00166,2025-03-31,19,60.0
SKU00166,2025-04-07,59,56.0
SKU00166,2025-04-14,65,65.0
SKU00166,2025-04-21,48,70.0
SKU00166,2025-04-28,51,56.0
SKU00166,2025-05-05,40,76.0
SKU00166,2025-05-12,74,49.0
SKU00166,2025-05-19,55,64.0
SKU00166,2025-05-26,67,65.0
SKU00166,2025-06-02,42,34.0
SKU00166,2025-06-09,37,40.0
SKU00166,2025-06-16,28,32.0
SKU00166,2025-06-23,52,56.0
SKU00166,2025-06-30,72,68.0
SKU00166,2025-07-07,52,29.0
SKU00166,2025-07-14,80,44.0
SKU00166,2025-07-21,60,50.0
SKU00166,2025-07-28,62,44.0
SKU00166,2025-08-04,70,66.0
SKU00166,2025-08-11,80,26.0
SKU00166,2025-08-18,58,64.0
SKU00166,2025-08-25,42,54.0
SKU00166,2025-09-01,51,58.0
SKU00166,2025-09-08,40,84.0
SKU00166,2025-09-15,54,45.0
SKU00166,2025-09-22,75,48.0
SKU00166,2025-09-29,83,46.0
SKU00166,2025-10-06,66,80.0
SKU00166,2025-10-13,32,86.0
SKU00166,2025-10-20,89,41.0
SKU00166,2025-10-27,66,95.0
SKU00166,2025-11-03,128,53.0
SKU00166,2025-11-10,102,92.0
SKU00166,2025-11-17,105,114.0
SKU00166,2025-11-24,119,101.0
SKU00166,2025-12-01,77,76.0
SKU00166,2025-12-08,72,66.0
SKU00166,2025-12-15,55,61.0
SKU00166,2025-12-22,113,95.0
SKU00166,2025-12-29,31,52.0
SKU00167,2024-01-01,51,
SKU00167,2024-01-08,25,
SKU00167,2024-01-15,40,
SKU00167,2024-01-22,32,
SKU00167,2024-01-29,38,
SKU00167,2024-02-05,47,
SKU00167,2024-02-12,56,
SKU00167,2024-02-19,44,
SKU00167,2024-02-26,33,
SKU00167,2024-03-04,86,
SKU00167,2024-03-11,50,
SKU00167,2024-03-18,85,
SKU00167,2024-03-25,44,
SKU00167,2024-04-01,55,
SKU00167,2024-04-08,55,
SKU00167,2024-04-15,78,
SKU00167,2024-04-22,67,
SKU00167,2024-04-29,24,
SKU00167,2024-05-06,55,
SKU00167,2024-05-13,49,
SKU00167,2024-05-20,92,
SKU00167,2024-05-27,48,
SKU00167,2024-06-03,51,
SKU00167,2024-06-10,35,
SKU00167,2024-06-17,54,
SKU00167,2024-06-24,43,
SKU00167,2024-07-01,54,
SKU00167,2024-07-08,70,
SKU00167,2024-07-15,50,
SKU00167,2024-07-22,50,
SKU00167,2024-07-29,77,
SKU00167,2024-08-05,29,
SKU00167,2024-08-12,51,
SKU00167,2024-08-19,80,
SKU00167,2024-08-26,94,
SKU00167,2024-09-02,77,
SKU00167,2024-09-09,73,
SKU00167,2024-09-16,52,
SKU00167,2024-09-23,73,
SKU00167,2024-09-30,52,
SKU00167,2024-10-07,59,
SKU00167,2024-10-14,55,
SKU00167,2024-10-21,42,
SKU00167,2024-10-28,50,
SKU00167,2024-11-04,88,
SKU00167,2024-11-11,70,
SKU00167,2024-11-18,77,
SKU00167,2024-11-25,61,
SKU00167,2024-12-02,76,
SKU00167,2024-12-09,103,
SKU00167,2024-12-16,91,
SKU00167,2024-12-23,94,
SKU00167,2024-12-30,45,51.0
SKU00167,2025-01-06,42,25.0
SKU00167,2025-01-13,44,40.0
SKU00167,2025-01-20,29,32.0
SKU00167,2025-01-27,58,38.0
SKU00167,2025-02-03,41,47.0
SKU00167,2025-02-10,68,56.0
SKU00167,2025-02-17,37,44.0
SKU00167,2025-02-24,59,33.0
SKU00167,2025-03-03,49,86.0
SKU00167,2025-03-10,51,50.0
SKU00167,2025-03-17,61,85.0
SKU00167,2025-03-24,46,44.0
SKU00167,2025-03-31,64,55.0
SKU00167,2025-04-07,46,55.0
SKU00167,2025-04-14,52,78.0
SKU00167,2025-04-21,57,67.0
SKU00167,2025-04-28,73,24.0
SKU00167,2025-05-05,49,55.0
SKU00167,2025-05-12,60,49.0
SKU00167,2025-05-19,30,92.0
SKU00167,2025-05-26,39,48.0
SKU00167,2025-06-02,52,51.0
SKU00167,2025-06-09,70,35.0
SKU00167,2025-06-16,61,54.0
SKU00167,2025-06-23,83,43.0
SKU00167,2025-06-30,59,54.0
SKU00167,2025-07-07,61,70.0
SKU00167,2025-07-14,69,50.0
SKU00167,2025-07-21,49,50.0
SKU00167,2025-07-28,47,77.0
SKU00167,2025-08-04,45,29.0
SKU00167,2025-08-11,74,51.0
SKU00167,2025-08-18,41,80.0
SKU00167,2025-08-25,62,94.0
SKU00167,2025-09-01,58,77.0
SKU00167,2025-09-08,61,73.0
SKU00167,2025-09-15,53,52.0
SKU00167,2025-09-22,44,73.0
SKU00167,2025-09-29,38,52.0
SKU00167,2025-10-06,59,59.0
SKU00167,2025-10-13,58,55.0
SKU00167,2025-10-20,64,42.0
SKU00167,2025-10-27,75,50.0
SKU00167,2025-11-03,91,88.0
SKU00167,2025-11-10,89,70.0
SKU00167,2025-11-17,86,77.0
SKU00167,2025-11-24,88,61.0
SKU00167,2025-12-01,113,76.0
SKU00167,2025-12-08,86,103.0
SKU00167,2025-12-15,52,91.0
SKU00167,2025-12-22,74,94.0
SKU00167,2025-12-29,21,45.0
SKU00168,2024-01-01,41,
SKU00168,2024-01-08,52,
SKU00168,2024-01-15,42,
SKU00168,2024-01-22,43,
SKU00168,2024-01-29,38,
SKU00168,2024-02-05,44,
SKU00168,2024-02-12,27,
SKU00168,2024-02-19,55,
SKU00168,2024-02-26,38,
SKU00168,2024-03-04,58,
SKU00168,2024-03-11,42,
SKU00168,2024-03-18,38,
SKU00168,2024-03-25,47,
SKU00168,2024-04-01,61,
SKU00168,2024-04-08,40,
SKU00168,2024-04-15,49,
SKU00168,2024-04-22,75,
SKU00168,2024-04-29,102,
SKU00168,2024-05-06,42,
SKU00168,2024-05-13,74,
SKU00168,2024-05-20,57,
SKU00168,2024-05-27,27,
SKU00168,2024-06-03,57,
SKU00168,2024-06-10,72,
SKU00168,2024-06-17,44,
SKU00168,2024-06-24,61,
SKU00168,2024-07-01,78,
SKU00168,2024-07-08,42,
SKU00168,2024-07-15,70,
SKU00168,2024-07-22,45,
SKU00168,2024-07-29,50,
SKU00168,2024-08-05,75,
SKU00168,2024-08-12,63,
SKU00168,2024-08-19,54,
SKU00168,2024-08-26,50,
SKU00168,2024-09-02,67,
SKU00168,2024-09-09,48,
SKU00168,2024-09-16,63,
SKU00168,2024-09-23,51,
SKU00168,2024-09-30,50,
SKU00168,2024-10-07,49,
SKU00168,2024-10-14,40,
SKU00168,2024-10-21,82,
SKU00168,2024-10-28,50,
SKU00168,2024-11-04,45,
SKU00168,2024-11-11,72,
SKU00168,2024-11-18,77,
SKU00168,2024-11-25,94,
SKU00168,2024-12-02,98,
SKU00168,2024-12-09,123,
SKU00168,2024-12-16,95,
SKU00168,2024-12-23,86,
SKU00168,2024-12-30,62,41.0
SKU00168,2025-01-06,40,52.0
SKU00168,2025-01-13,66,42.0
SKU00168,2025-01-20,42,43.0
SKU00168,2025-01-27,82,38.0
SKU00168,2025-02-03,37,44.0
SKU00168,2025-02-10,26,27.0
SKU00168,2025-02-17,54,55.0
SKU00168,2025-02-24,71,38.0
SKU00168,2025-03-03,72,58.0
SKU00168,2025-03-10,32,42.0
SKU00168,2025-03-17,45,38.0
SKU00168,2025-03-24,76,47.0
SKU00168,2025-03-31,60,61.0
SKU00168,2025-04-07,59,40.0
SKU00168,2025-04-14,84,49.0
SKU00168,2025-04-21,59,75.0
SKU00168,2025-04-28,50,102.0
SKU00168,2025-05-05,82,42.0
SKU00168,2025-05-12,66,74.0
SKU00168,2025-05-19,46,57.0
SKU00168,2025-05-26,41,27.0
SKU00168,2025-06-02,63,57.0
SKU00168,2025-06-09,52,72.0
SKU00168,2025-06-16,54,44.0
SKU00168,2025-06-23,83,61.0
SKU00168,2025-06-30,53,78.0
SKU00168,2025-07-07,48,42.0
SKU00168,2025-07-14,87,70.0
SKU00168,2025-07-21,27,45.0
SKU00168,2025-07-28,34,50.0
SKU00168,2025-08-04,45,75.0
SKU00168,2025-08-11,77,63.0
SKU00168,2025-08-18,48,54.0
SKU00168,2025-08-25,62,50.0
SKU00168,2025-09-01,81,67.0
SKU00168,2025-09-08,76,48.0
SKU00168,2025-09-15,47,63.0
SKU00168,2025-09-22,53,51.0
SKU00168,2025-09-29,58,50.0
SKU00168,2025-10-06,55,49.0
SKU00168,2025-10-13,58,40.0
SKU00168,2025-10-20,37,82.0
SKU00168,2025-10-27,58,50.0
SKU00168,2025-11-03,67,45.0
SKU00168,2025-11-10,96,72.0
SKU00168,2025-11-17,140,77.0
SKU00168,2025-11-24,114,94.0
SKU00168,2025-12-01,87,98.0
SKU00168,2025-12-08,137,123.0
SKU00168,2025-12-15,72,95.0
SKU00168,2025-12-22,60,86.0
SKU00168,2025-12-29,35,62.0
SKU00169,2024-01-01,67,
SKU00169,2024-01-08,30,
SKU00169,2024-01-15,23,
SKU00169,2024-01-22,33,
SKU00169,2024-01-29,28,
SKU00169,2024-02-05,55,
SKU00169,2024-02-12,70,
SKU00169,2024-02-19,37,
SKU00169,2024-02-26,61,
SKU00169,2024-03-04,43,
SKU00169,2024-03-11,35,
SKU00169,2024-03-18,41,
SKU00169,2024-03-25,106,
SKU00169,2024-04-01,40,
SKU00169,2024-04-08,46,
SKU00169,2024-04-15,73,
SKU00169,2024-04-22,63,
SKU00169,2024-04-29,51,
SKU00169,2024-05-06,69,
SKU00169,2024-05-13,35,
SKU00169,2024-05-20,42,
SKU00169,2024-05-27,46,
SKU00169,2024-06-03,51,
SKU00169,2024-06-10,67,
SKU00169,2024-06-17,41,
SKU00169,2024-06-24,73,
SKU00169,2024-07-01,63,
SKU00169,2024-07-08,64,
SKU00169,2024-07-15,60,
SKU00169,2024-07-22,36,
SKU00169,2024-07-29,72,
SKU00169,2024-08-05,20,
SKU00169,2024-08-12,93,
SKU00169,2024-08-19,48,
SKU00169,2024-08-26,61,
SKU00169,2024-09-02,64,
SKU00169,2024-09-09,83,
SKU00169,2024-09-16,59,
SKU00169,2024-09-23,70,
SKU00169,2024-09-30,52,
SKU00169,2024-10-07,40,
SKU00169,2024-10-14,35,
SKU00169,2024-10-21,51,
SKU00169,2024-10-28,91,
SKU00169,2024-11-04,100,
SKU00169,2024-11-11,84,
SKU00169,2024-11-18,69,
SKU00169,2024-11-25,90,
SKU00169,2024-12-02,106,
SKU00169,2024-12-09,110,
SKU00169,2024-12-16,79,
SKU00169,2024-12-23,92,
SKU00169,2024-12-30,87,67.0
SKU00169,2025-01-06,62,30.0
SKU00169,2025-01-13,61,23.0
SKU00169,2025-01-20,28,33.0
SKU00169,2025-01-27,38,28.0
SKU00169,2025-02-03,49,55.0
SKU00169,2025-02-10,72,70.0
SKU00169,2025-02-17,33,37.0
SKU00169,2025-02-24,58,61.0
SKU00169,2025-03-03,58,43.0
SKU00169,2025-03-10,42,35.0
SKU00169,2025-03-17,38,41.0
SKU00169,2025-03-24,51,106.0
SKU00169,2025-03-31,45,40.0
SKU00169,2025-04-07,32,46.0
SKU00169,2025-04-14,55,73.0
SKU00169,2025-04-21,42,63.0
SKU00169,2025-04-28,50,51.0
SKU00169,2025-05-05,27,69.0
SKU00169,2025-05-12,90,35.0
SKU00169,2025-05-19,49,42.0
SKU00169,2025-05-26,56,46.0
SKU00169,2025-06-02,77,51.0
SKU00169,2025-06-09,71,67.0
SKU00169,2025-06-16,37,41.0
SKU00169,2025-06-23,77,73.0
SKU00169,2025-06-30,47,63.0
SKU00169,2025-07-07,77,64.0
SKU00169,2025-07-14,51,60.0
SKU00169,2025-07-21,50,36.0
SKU00169,2025-07-28,32,72.0
SKU00169,2025-08-04,43,20.0
SKU00169,2025-08-11,58,93.0
SKU00169,2025-08-18,49,48.0
SKU00169,2025-08-25,53,61.0
SKU00169,2025-09-01,59,64.0
SKU00169,2025-09-08,42,83.0
SKU00169,2025-09-15,44,59.0
SKU00169,2025-09-22,16,70.0
SKU00169,2025-09-29,35,52.0
SKU00169,2025-10-06,66,40.0
SKU00169,2025-10-13,53,35.0
SKU00169,2025-10-20,76,51.0
SKU00169,2025-10-27,58,91.0
SKU00169,2025-11-03,44,100.0
SKU00169,2025-11-10,73,84.0
SKU00169,2025-11-17,102,69.0
SKU00169,2025-11-24,83,90.0
SKU00169,2025-12-01,82,106.0
SKU00169,2025-12-08,97,110.0
SKU00169,2025-12-15,94,79.0
SKU00169,2025-12-22,71,92.0
SKU00169,2025-12-29,57,87.0
SKU00170,2024-01-01,49,
SKU00170,2024-01-08,27,
SKU00170,2024-01-15,30,
SKU00170,2024-01-22,38,
SKU00170,2024-01-29,33,
SKU00170,2024-02-05,28,
SKU00170,2024-02-12,41,
SKU00170,2024-02-19,35,
SKU00170,2024-02-26,61,
SKU00170,2024-03-04,60,
SKU00170,2024-03-11,51,
SKU00170,2024-03-18,69,
SKU00170,2024-03-25,52,
SKU00170,2024-04-01,43,
SKU00170,2024-04-08,58,
SKU00170,2024-04-15,63,
SKU00170,2024-04-22,58,
SKU00170,2024-04-29,64,
SKU00170,2024-05-06,47,
SKU00170,2024-05-13,40,
SKU00170,2024-05-20,97,
SKU00170,2024-05-27,48,
SKU00170,2024-06-03,39,
SKU00170,2024-06-10,46,
SKU00170,2024-06-17,49,
SKU00170,2024-06-24,45,
SKU00170,2024-07-01,36,
SKU00170,2024-07-08,41,
SKU00170,2024-07-15,47,
SKU00170,2024-07-22,58,
SKU00170,2024-07-29,72,
SKU00170,2024-08-05,61,
SKU00170,2024-08-12,75,
SKU00170,2024-08-19,72,
SKU00170,2024-08-26,47,
SKU00170,2024-09-02,41,
SKU00170,2024-09-09,68,
SKU00170,2024-09-16,30,
SKU00170,2024-09-23,43,
SKU00170,2024-09-30,56,
SKU00170,2024-10-07,60,
SKU00170,2024-10-14,41,
SKU00170,2024-10-21,52,
SKU00170,2024-10-28,66,
SKU00170,2024-11-04,100,
SKU00170,2024-11-11,58,
SKU00170,2024-11-18,107,
SKU00170,2024-11-25,108,
SKU00170,2024-12-02,60,
SKU00170,2024-12-09,127,
SKU00170,2024-12-16,116,
SKU00170,2024-12-23,103,
SKU00170,2024-12-30,82,49.0
SKU00170,2025-01-06,42,27.0
SKU00170,2025-01-13,39,30.0
SKU00170,2025-01-20,67,38.0
SKU00170,2025-01-27,24,33.0
SKU00170,2025-02-03,56,28.0
SKU00170,2025-02-10,57,41.0
SKU00170,2025-02-17,35,35.0
SKU00170,2025-02-24,66,61.0
SKU00170,2025-03-03,74,60.0
SKU00170,2025-03-10,49,51.0
SKU00170,2025-03-17,23,69.0
SKU00170,2025-03-24,57,52.0
SKU00170,2025-03-31,41,43.0
SKU00170,2025-04-07,56,58.0
SKU00170,2025-04-14,53,63.0
SKU00170,2025-04-21,72,58.0
SKU00170,2025-04-28,68,64.0
SKU00170,2025-05-05,27,47.0
SKU00170,2025-05-12,66,40.0
SKU00170,2025-05-19,89,97.0
SKU00170,2025-05-26,47,48.0
SKU00170,2025-06-02,48,39.0
SKU00170,2025-06-09,47,46.0
SKU00170,2025-06-16,65,49.0
SKU00170,2025-06-23,56,45.0
SKU00170,2025-06-30,67,36.0
SKU00170,2025-07-07,78,41.0
SKU00170,2025-07-14,47,47.0
SKU00170,2025-07-21,46,58.0
SKU00170,2025-07-28,69,72.0
SKU00170,2025-08-04,38,61.0
SKU00170,2025-08-11,37,75.0
SKU00170,2025-08-18,55,72.0
SKU00170,2025-08-25,68,47.0
SKU00170,2025-09-01,51,41.0
SKU00170,2025-09-08,43,68.0
SKU00170,2025-09-15,57,30.0
SKU00170,2025-09-22,69,43.0
SKU00170,2025-09-29,45,56.0
SKU00170,2025-10-06,50,60.0
SKU00170,2025-10-13,71,41.0
SKU00170,2025-10-20,71,52.0
SKU00170,2025-10-27,43,66.0
SKU00170,2025-11-03,80,100.0
SKU00170,2025-11-10,87,58.0
SKU00170,2025-11-17,69,107.0
SKU00170,2025-11-24,68,108.0
SKU00170,2025-12-01,106,60.0
SKU00170,2025-12-08,76,127.0
SKU00170,2025-12-15,56,116.0
SKU00170,2025-12-22,91,103.0
SKU00170,2025-12-29,22,82.0
SKU00171,2024-01-01,63,
SKU00171,2024-01-08,44,
SKU00171,2024-01-15,50,
SKU00171,2024-01-22,46,
SKU00171,2024-01-29,46,
SKU00171,2024-02-05,45,
SKU00171,2024-02-12,36,
SKU00171,2024-02-19,30,
SKU00171,2024-02-26,58,
SKU00171,2024-03-04,24,
SKU00171,2024-03-11,45,
SKU00171,2024-03-18,62,
SKU00171,2024-03-25,61,
SKU00171,2024-04-01,34,
SKU00171,2024-04-08,69,
SKU00171,2024-04-15,38,
SKU00171,2024-04-22,22,
SKU00171,2024-04-29,34,
SKU00171,2024-05-06,37,
SKU00171,2024-05-13,24,
SKU00171,2024-05-20,83,
SKU00171,2024-05-27,47,
SKU00171,2024-06-03,48,
SKU00171,2024-06-10,54,
SKU00171,2024-06-17,61,
SKU00171,2024-06-24,56,
SKU00171,2024-07-01,58,
SKU00171,2024-07-08,67,
SKU00171,2024-07-15,54,
SKU00171,2024-07-22,45,
SKU00171,2024-07-29,53,
SKU00171,2024-08-05,51,
SKU00171,2024-08-12,49,
SKU00171,2024-08-19,36,
SKU00171,2024-08-26,42,
SKU00171,2024-09-02,69,
SKU00171,2024-09-09,50,
SKU00171,2024-09-16,76,
SKU00171,2024-09-23,92,
SKU00171,2024-09-30,52,
SKU00171,2024-10-07,39,
SKU00171,2024-10-14,75,
SKU00171,2024-10-21,76,
SKU00171,2024-10-28,68,
SKU00171,2024-11-04,85,
SKU00171,2024-11-11,89,
SKU00171,2024-11-18,129,
SKU00171,2024-11-25,103,
SKU00171,2024-12-02,107,
SKU00171,2024-12-09,120,
SKU00171,2024-12-16,70,
SKU00171,2024-12-23,103,
SKU00171,2024-12-30,49,63.0
SKU00171,2025-01-06,45,44.0
SKU00171,2025-01-13,26,50.0
SKU00171,2025-01-20,40,46.0
SKU00171,2025-01-27,32,46.0
SKU00171,2025-02-03,61,45.0
SKU00171,2025-02-10,47,36.0
SKU00171,2025-02-17,30,30.0
SKU00171,2025-02-24,29,58.0
SKU00171,2025-03-03,39,24.0
SKU00171,2025-03-10,30,45.0
SKU00171,2025-03-17,52,62.0
SKU00171,2025-03-24,37,61.0
SKU00171,2025-03-31,35,34.0
SKU00171,2025-04-07,50,69.0
SKU00171,2025-04-14,57,38.0
SKU00171,2025-04-21,34,22.0
SKU00171,2025-04-28,59,34.0
SKU00171,2025-05-05,64,37.0
SKU00171,2025-05-12,59,24.0
SKU00171,2025-05-19,70,83.0
SKU00171,2025-05-26,47,47.0
SKU00171,2025-06-02,49,48.0
SKU00171,2025-06-09,32,54.0
SKU00171,2025-06-16,32,61.0
SKU00171,2025-06-23,54,56.0
SKU00171,2025-06-30,37,58.0
SKU00171,2025-07-07,63,67.0
SKU00171,2025-07-14,62,54.0
SKU00171,2025-07-21,66,45.0
SKU00171,2025-07-28,38,53.0
SKU00171,2025-08-04,46,51.0
SKU00171,2025-08-11,29,49.0
SKU00171,2025-08-18,63,36.0
SKU00171,2025-08-25,45,42.0
SKU00171,2025-09-01,37,69.0
SKU00171,2025-09-08,74,50.0
SKU00171,2025-09-15,42,76.0
SKU00171,2025-09-22,75,92.0
SKU00171,2025-09-29,53,52.0
SKU00171,2025-10-06,47,39.0
SKU00171,2025-10-13,53,75.0
SKU00171,2025-10-20,61,76.0
SKU00171,2025-10-27,74,68.0
SKU00171,2025-11-03,66,85.0
SKU00171,2025-11-10,82,89.0
SKU00171,2025-11-17,89,129.0
SKU00171,2025-11-24,67,103.0
SKU00171,2025-12-01,100,107.0
SKU00171,2025-12-08,89,120.0
SKU00171,2025-12-15,66,70.0
SKU00171,2025-12-22,73,103.0
SKU00171,2025-12-29,27,49.0
SKU00172,2024-01-01,62,
SKU00172,2024-01-08,40,
SKU00172,2024-01-15,42,
SKU00172,2024-01-22,57,
SKU00172,2024-01-29,47,
SKU00172,2024-02-05,50,
SKU00172,2024-02-12,32,
SKU00172,2024-02-19,34,
SKU00172,2024-02-26,55,
SKU00172,2024-03-04,53,
SKU00172,2024-03-11,65,
SKU00172,2024-03-18,28,
SKU00172,2024-03-25,81,
SKU00172,2024-04-01,45,
SKU00172,2024-04-08,74,
SKU00172,2024-04-15,20,
SKU00172,2024-04-22,42,
SKU00172,2024-04-29,37,
SKU00172,2024-05-06,37,
SKU00172,2024-05-13,26,
SKU00172,2024-05-20,69,
SKU00172,2024-05-27,43,
SKU00172,2024-06-03,84,
SKU00172,2024-06-10,67,
SKU00172,2024-06-17,45,
SKU00172,2024-06-24,68,
SKU00172,2024-07-01,51,
SKU00172,2024-07-08,50,
SKU00172,2024-07-15,26,
SKU00172,2024-07-22,67,
SKU00172,2024-07-29,34,
SKU00172,2024-08-05,73,
SKU00172,2024-08-12,50,
SKU00172,2024-08-19,65,
SKU00172,2024-08-26,72,
SKU00172,2024-09-02,78,
SKU00172,2024-09-09,41,
SKU00172,2024-09-16,62,
SKU00172,2024-09-23,82,
SKU00172,2024-09-30,45,
SKU00172,2024-10-07,57,
SKU00172,2024-10-14,60,
SKU00172,2024-10-21,66,
SKU00172,2024-10-28,98,
SKU00172,2024-11-04,72,
SKU00172,2024-11-11,55,
SKU00172,2024-11-18,76,
SKU00172,2024-11-25,98,
SKU00172,2024-12-02,132,
SKU00172,2024-12-09,98,
SKU00172,2024-12-16,58,
SKU00172,2024-12-23,114,
SKU00172,2024-12-30,65,62.0
SKU00172,2025-01-06,58,40.0
SKU00172,2025-01-13,88,42.0
SKU00172,2025-01-20,51,57.0
SKU00172,2025-01-27,71,47.0
SKU00172,2025-02-03,20,50.0
SKU00172,2025-02-10,42,32.0
SKU00172,2025-02-17,59,34.0
SKU00172,2025-02-24,31,55.0
SKU00172,2025-03-03,43,53.0
SKU00172,2025-03-10,47,65.0
SKU00172,2025-03-17,40,28.0
SKU00172,2025-03-24,48,81.0
SKU00172,2025-03-31,62,45.0
SKU00172,2025-04-07,51,74.0
SKU00172,2025-04-14,87,20.0
SKU00172,2025-04-21,55,42.0
SKU00172,2025-04-28,64,37.0
SKU00172,2025-05-05,25,37.0
SKU00172,2025-05-12,49,26.0
SKU00172,2025-05-19,66,69.0
SKU00172,2025-05-26,58,43.0
SKU00172,2025-06-02,50,84.0
SKU00172,2025-06-09,77,67.0
SKU00172,2025-06-16,41,45.0
SKU00172,2025-06-23,50,68.0
SKU00172,2025-06-30,73,51.0
SKU00172,2025-07-07,48,50.0
SKU00172,2025-07-14,23,26.0
SKU00172,2025-07-21,87,67.0
SKU00172,2025-07-28,37,34.0
SKU00172,2025-08-04,66,73.0
SKU00172,2025-08-11,71,50.0
SKU00172,2025-08-18,53,65.0
SKU00172,2025-08-25,40,72.0
SKU00172,2025-09-01,46,78.0
SKU00172,2025-09-08,61,41.0
SKU00172,2025-09-15,48,62.0
SKU00172,2025-09-22,88,82.0
SKU00172,2025-09-29,65,45.0
SKU00172,2025-10-06,52,57.0
SKU00172,2025-10-13,59,60.0
SKU00172,2025-10-20,42,66.0
SKU00172,2025-10-27,46,98.0
SKU00172,2025-11-03,156,72.0
SKU00172,2025-11-10,96,55.0
SKU00172,2025-11-17,86,76.0
SKU00172,2025-11-24,92,98.0
SKU00172,2025-12-01,90,132.0
SKU00172,2025-12-08,75,98.0
SKU00172,2025-12-15,70,58.0
SKU00172,2025-12-22,89,114.0
SKU00172,2025-12-29,19,65.0
SKU00173,2024-01-01,46,
SKU00173,2024-01-08,26,
SKU00173,2024-01-15,48,
SKU00173,2024-01-22,49,
SKU00173,2024-01-29,55,
SKU00173,2024-02-05,31,
SKU00173,2024-02-12,39,
SKU00173,2024-02-19,25,
SKU00173,2024-02-26,84,
SKU00173,2024-03-04,43,
SKU00173,2024-03-11,52,
SKU00173,2024-03-18,48,
SKU00173,2024-03-25,67,
SKU00173,2024-04-01,41,
SKU00173,2024-04-08,63,
SKU00173,2024-04-15,88,
SKU00173,2024-04-22,46,
SKU00173,2024-04-29,53,
SKU00173,2024-05-06,62,
SKU00173,2024-05-13,39,
SKU00173,2024-05-20,54,
SKU00173,2024-05-27,64,
SKU00173,2024-06-03,62,
SKU00173,2024-06-10,49,
SKU00173,2024-06-17,57,
SKU00173,2024-06-24,44,
SKU00173,2024-07-01,48,
SKU00173,2024-07-08,46,
SKU00173,2024-07-15,56,
SKU00173,2024-07-22,52,
SKU00173,2024-07-29,45,
SKU00173,2024-08-05,47,
SKU00173,2024-08-12,48,
SKU00173,2024-08-19,19,
SKU00173,2024-08-26,46,
SKU00173,2024-09-02,71,
SKU00173,2024-09-09,78,
SKU00173,2024-09-16,56,
SKU00173,2024-09-23,55,
SKU00173,2024-09-30,49,
SKU00173,2024-10-07,66,
SKU00173,2024-10-14,34,
SKU00173,2024-10-21,62,
SKU00173,2024-10-28,78,
SKU00173,2024-11-04,73,
SKU00173,2024-11-11,65,
SKU00173,2024-11-18,72,
SKU00173,2024-11-25,81,
SKU00173,2024-12-02,77,
SKU00173,2024-12-09,128,
SKU00173,2024-12-16,71,
SKU00173,2024-12-23,88,
SKU00173,2024-12-30,42,46.0
SKU00173,2025-01-06,29,26.0
SKU00173,2025-01-13,52,48.0
SKU00173,2025-01-20,51,49.0
SKU00173,2025-01-27,30,55.0
SKU00173,2025-02-03,44,31.0
SKU00173,2025-02-10,57,39.0
SKU00173,2025-02-17,47,25.0
SKU00173,2025-02-24,38,84.0
SKU00173,2025-03-03,82,43.0
SKU00173,2025-03-10,18,52.0
SKU00173,2025-03-17,49,48.0
SKU00173,2025-03-24,36,67.0
SKU00173,2025-03-31,57,41.0
SKU00173,2025-04-07,68,63.0
SKU00173,2025-04-14,104,88.0
SKU00173,2025-04-21,53,46.0
SKU00173,2025-04-28,30,53.0
SKU00173,2025-05-05,101,62.0
SKU00173,2025-05-12,51,39.0
SKU00173,2025-05-19,50,54.0
SKU00173,2025-05-26,36,64.0
SKU00173,2025-06-02,29,62.0
SKU00173,2025-06-09,56,49.0
SKU00173,2025-06-16,65,57.0
SKU00173,2025-06-23,63,44.0
SKU00173,2025-06-30,43,48.0
SKU00173,2025-07-07,70,46.0
SKU00173,2025-07-14,35,56.0
SKU00173,2025-07-21,48,52.0
SKU00173,2025-07-28,52,45.0
SKU00173,2025-08-04,67,47.0
SKU00173,2025-08-11,48,48.0
SKU00173,2025-08-18,62,19.0
SKU00173,2025-08-25,52,46.0
SKU00173,2025-09-01,58,71.0
SKU00173,2025-09-08,65,78.0
SKU00173,2025-09-15,54,56.0
SKU00173,2025-09-22,55,55.0
SKU00173,2025-09-29,49,49.0
SKU00173,2025-10-06,59,66.0
SKU00173,2025-10-13,69,34.0
SKU00173,2025-10-20,34,62.0
SKU00173,2025-10-27,62,78.0
SKU00173,2025-11-03,59,73.0
SKU00173,2025-11-10,63,65.0
SKU00173,2025-11-17,80,72.0
SKU00173,2025-11-24,89,81.0
SKU00173,2025-12-01,110,77.0
SKU00173,2025-12-08,132,128.0
SKU00173,2025-12-15,95,71.0
SKU00173,2025-12-22,50,88.0
SKU00173,2025-12-29,23,42.0
SKU00174,2024-01-01,59,
SKU00174,2024-01-08,57,
SKU00174,2024-01-15,52,
SKU00174,2024-01-22,68,
SKU00174,2024-01-29,47,
SKU00174,2024-02-05,35,
SKU00174,2024-02-12,26,
SKU00174,2024-02-19,21,
SKU00174,2024-02-26,52,
SKU00174,2024-03-04,40,
SKU00174,2024-03-11,65,
SKU00174,2024-03-18,25,
SKU00174,2024-03-25,50,
SKU00174,2024-04-01,35,
SKU00174,2024-04-08,58,
SKU00174,2024-04-15,51,
SKU00174,2024-04-22,40,
SKU00174,2024-04-29,73,
SKU00174,2024-05-06,49,
SKU00174,2024-05-13,80,
SKU00174,2024-05-20,64,
SKU00174,2024-05-27,51,
SKU00174,2024-06-03,57,
SKU00174,2024-06-10,60,
SKU00174,2024-06-17,38,
SKU00174,2024-06-24,62,
SKU00174,2024-07-01,35,
SKU00174,2024-07-08,49,
SKU00174,2024-07-15,48,
SKU00174,2024-07-22,54,
SKU00174,2024-07-29,59,
SKU00174,2024-08-05,78,
SKU00174,2024-08-12,46,
SKU00174,2024-08-19,44,
SKU00174,2024-08-26,35,
SKU00174,2024-09-02,62,
SKU00174,2024-09-09,84,
SKU00174,2024-09-16,57,
SKU00174,2024-09-23,36,
SKU00174,2024-09-30,38,
SKU00174,2024-10-07,65,
SKU00174,2024-10-14,83,
SKU00174,2024-10-21,64,
SKU00174,2024-10-28,81,
SKU00174,2024-11-04,105,
SKU00174,2024-11-11,83,
SKU00174,2024-11-18,101,
SKU00174,2024-11-25,128,
SKU00174,2024-12-02,101,
SKU00174,2024-12-09,92,
SKU00174,2024-12-16,83,
SKU00174,2024-12-23,89,
SKU00174,2024-12-30,66,59.0
SKU00174,2025-01-06,30,57.0
SKU00174,2025-01-13,35,52.0
SKU00174,2025-01-20,25,68.0
SKU00174,2025-01-27,51,47.0
SKU00174,2025-02-03,37,35.0
SKU00174,2025-02-10,33,26.0
SKU00174,2025-02-17,74,21.0
SKU00174,2025-02-24,50,52.0
SKU00174,2025-03-03,35,40.0
SKU00174,2025-03-10,77,65.0
SKU00174,2025-03-17,27,25.0
SKU00174,2025-03-24,70,50.0
SKU00174,2025-03-31,76,35.0
SKU00174,2025-04-07,50,58.0
SKU00174,2025-04-14,58,51.0
SKU00174,2025-04-21,72,40.0
SKU00174,2025-04-28,53,73.0
SKU00174,2025-05-05,50,49.0
SKU00174,2025-05-12,39,80.0
SKU00174,2025-05-19,60,64.0
SKU00174,2025-05-26,51,51.0
SKU00174,2025-06-02,72,57.0
SKU00174,2025-06-09,51,60.0
SKU00174,2025-06-16,35,38.0
SKU00174,2025-06-23,46,62.0
SKU00174,2025-06-30,70,35.0
SKU00174,2025-07-07,34,49.0
SKU00174,2025-07-14,50,48.0
SKU00174,2025-07-21,70,54.0
SKU00174,2025-07-28,58,59.0
SKU00174,2025-08-04,48,78.0
SKU00174,2025-08-11,57,46.0
SKU00174,2025-08-18,32,44.0
SKU00174,2025-08-25,58,35.0
SKU00174,2025-09-01,96,62.0
SKU00174,2025-09-08,90,84.0
SKU00174,2025-09-15,71,57.0
SKU00174,2025-09-22,84,36.0
SKU00174,2025-09-29,68,38.0
SKU00174,2025-10-06,75,65.0
SKU00174,2025-10-13,27,83.0
SKU00174,2025-10-20,30,64.0
SKU00174,2025-10-27,62,81.0
SKU00174,2025-11-03,88,105.0
SKU00174,2025-11-10,94,83.0
SKU00174,2025-11-17,70,101.0
SKU00174,2025-11-24,69,128.0
SKU00174,2025-12-01,92,101.0
SKU00174,2025-12-08,96,92.0
SKU00174,2025-12-15,50,83.0
SKU00174,2025-12-22,94,89.0
SKU00174,2025-12-29,44,66.0
SKU00175,2024-01-01,47,
SKU00175,2024-01-08,54,
SKU00175,2024-01-15,48,
SKU00175,2024-01-22,43,
SKU00175,2024-01-29,50,
SKU00175,2024-02-05,38,
SKU00175,2024-02-12,57,
SKU00175,2024-02-19,17,
SKU00175,2024-02-26,46,
SKU00175,2024-03-04,51,
SKU00175,2024-03-11,19,
SKU00175,2024-03-18,46,
SKU00175,2024-03-25,52,
SKU00175,2024-04-01,50,
SKU00175,2024-04-08,60,
SKU00175,2024-04-15,54,
SKU00175,2024-04-22,41,
SKU00175,2024-04-29,24,
SKU00175,2024-05-06,26,
SKU00175,2024-05-13,37,
SKU00175,2024-05-20,50,
SKU00175,2024-05-27,53,
SKU00175,2024-06-03,40,
SKU00175,2024-06-10,29,
SKU00175,2024-06-17,66,
SKU00175,2024-06-24,54,
SKU00175,2024-07-01,21,
SKU00175,2024-07-08,83,
SKU00175,2024-07-15,55,
SKU00175,2024-07-22,73,
SKU00175,2024-07-29,29,
SKU00175,2024-08-05,47,
SKU00175,2024-08-12,35,
SKU00175,2024-08-19,47,
SKU00175,2024-08-26,54,
SKU00175,2024-09-02,48,
SKU00175,2024-09-09,31,
SKU00175,2024-09-16,59,
SKU00175,2024-09-23,59,
SKU00175,2024-09-30,34,
SKU00175,2024-10-07,51,
SKU00175,2024-10-14,56,
SKU00175,2024-10-21,29,
SKU00175,2024-10-28,54,
SKU00175,2024-11-04,83,
SKU00175,2024-11-11,100,
SKU00175,2024-11-18,82,
SKU00175,2024-11-25,46,
SKU00175,2024-12-02,120,
SKU00175,2024-12-09,95,
SKU00175,2024-12-16,95,
SKU00175,2024-12-23,77,
SKU00175,2024-12-30,56,47.0
SKU00175,2025-01-06,47,54.0
SKU00175,2025-01-13,60,48.0
SKU00175,2025-01-20,46,43.0
SKU00175,2025-01-27,57,50.0
SKU00175,2025-02-03,45,38.0
SKU00175,2025-02-10,69,57.0
SKU00175,2025-02-17,46,17.0
SKU00175,2025-02-24,52,46.0
SKU00175,2025-03-03,52,51.0
SKU00175,2025-03-10,83,19.0
SKU00175,2025-03-17,68,46.0
SKU00175,2025-03-24,57,52.0
SKU00175,2025-03-31,62,50.0
SKU00175,2025-04-07,43,60.0
SKU00175,2025-04-14,45,54.0
SKU00175,2025-04-21,68,41.0
SKU00175,2025-04-28,57,24.0
SKU00175,2025-05-05,62,26.0
SKU00175,2025-05-12,61,37.0
SKU00175,2025-05-19,71,50.0
SKU00175,2025-05-26,70,53.0
SKU00175,2025-06-02,35,40.0
SKU00175,2025-06-09,67,29.0
SKU00175,2025-06-16,44,66.0
SKU00175,2025-06-23,49,54.0
SKU00175,2025-06-30,45,21.0
SKU00175,2025-07-07,67,83.0
SKU00175,2025-07-14,38,55.0
SKU00175,2025-07-21,58,73.0
SKU00175,2025-07-28,63,29.0
SKU00175,2025-08-04,64,47.0
SKU00175,2025-08-11,33,35.0
SKU00175,2025-08-18,47,47.0
SKU00175,2025-08-25,39,54.0
SKU00175,2025-09-01,46,48.0
SKU00175,2025-09-08,45,31.0
SKU00175,2025-09-15,43,59.0
SKU00175,2025-09-22,57,59.0
SKU00175,2025-09-29,50,34.0
SKU00175,2025-10-06,32,51.0
SKU00175,2025-10-13,43,56.0
SKU00175,2025-10-20,89,29.0
SKU00175,2025-10-27,93,54.0
SKU00175,2025-11-03,76,83.0
SKU00175,2025-11-10,87,100.0
SKU00175,2025-11-17,61,82.0
SKU00175,2025-11-24,108,46.0
SKU00175,2025-12-01,51,120.0
SKU00175,2025-12-08,127,95.0
SKU00175,2025-12-15,78,95.0
SKU00175,2025-12-22,86,77.0
SKU00175,2025-12-29,23,56.0
SKU00176,2024-01-01,35,
SKU00176,2024-01-08,45,
SKU00176,2024-01-15,10,
SKU00176,2024-01-22,57,
SKU00176,2024-01-29,36,
SKU00176,2024-02-05,63,
SKU00176,2024-02-12,47,
SKU00176,2024-02-19,30,
SKU00176,2024-02-26,63,
SKU00176,2024-03-04,58,
SKU00176,2024-03-11,59,
SKU00176,2024-03-18,52,
SKU00176,2024-03-25,26,
SKU00176,2024-04-01,34,
SKU00176,2024-04-08,74,
SKU00176,2024-04-15,73,
SKU00176,2024-04-22,44,
SKU00176,2024-04-29,71,
SKU00176,2024-05-06,47,
SKU00176,2024-05-13,46,
SKU00176,2024-05-20,38,
SKU00176,2024-05-27,37,
SKU00176,2024-06-03,58,
SKU00176,2024-06-10,77,
SKU00176,2024-06-17,44,
SKU00176,2024-06-24,71,
SKU00176,2024-07-01,30,
SKU00176,2024-07-08,69,
SKU00176,2024-07-15,38,
SKU00176,2024-07-22,57,
SKU00176,2024-07-29,49,
SKU00176,2024-08-05,62,
SKU00176,2024-08-12,36,
SKU00176,2024-08-19,65,
SKU00176,2024-08-26,59,
SKU00176,2024-09-02,42,
SKU00176,2024-09-09,54,
SKU00176,2024-09-16,49,
SKU00176,2024-09-23,50,
SKU00176,2024-09-30,51,
SKU00176,2024-10-07,57,
SKU00176,2024-10-14,69,
SKU00176,2024-10-21,69,
SKU00176,2024-10-28,80,
SKU00176,2024-11-04,96,
SKU00176,2024-11-11,105,
SKU00176,2024-11-18,65,
SKU00176,2024-11-25,66,
SKU00176,2024-12-02,100,
SKU00176,2024-12-09,92,
SKU00176,2024-12-16,95,
SKU00176,2024-12-23,112,
SKU00176,2024-12-30,37,35.0
SKU00176,2025-01-06,40,45.0
SKU00176,2025-01-13,23,10.0
SKU00176,2025-01-20,70,57.0
SKU00176,2025-01-27,39,36.0
SKU00176,2025-02-03,63,63.0
SKU00176,2025-02-10,42,47.0
SKU00176,2025-02-17,47,30.0
SKU00176,2025-02-24,54,63.0
SKU00176,2025-03-03,34,58.0
SKU00176,2025-03-10,74,59.0
SKU00176,2025-03-17,87,52.0
SKU00176,2025-03-24,34,26.0
SKU00176,2025-03-31,63,34.0
SKU00176,2025-04-07,70,74.0
SKU00176,2025-04-14,85,73.0
SKU00176,2025-04-21,49,44.0
SKU00176,2025-04-28,59,71.0
SKU00176,2025-05-05,50,47.0
SKU00176,2025-05-12,50,46.0
SKU00176,2025-05-19,60,38.0
SKU00176,2025-05-26,80,37.0
SKU00176,2025-06-02,52,58.0
SKU00176,2025-06-09,27,77.0
SKU00176,2025-06-16,40,44.0
SKU00176,2025-06-23,86,71.0
SKU00176,2025-06-30,75,30.0
SKU00176,2025-07-07,63,69.0
SKU00176,2025-07-14,63,38.0
SKU00176,2025-07-21,79,57.0
SKU00176,2025-07-28,70,49.0
SKU00176,2025-08-04,58,62.0
SKU00176,2025-08-11,39,36.0
SKU00176,2025-08-18,68,65.0
SKU00176,2025-08-25,67,59.0
SKU00176,2025-09-01,33,42.0
SKU00176,2025-09-08,58,54.0
SKU00176,2025-09-15,63,49.0
SKU00176,2025-09-22,39,50.0
SKU00176,2025-09-29,46,51.0
SKU00176,2025-10-06,70,57.0
SKU00176,2025-10-13,30,69.0
SKU00176,2025-10-20,43,69.0
SKU00176,2025-10-27,67,80.0
SKU00176,2025-11-03,70,96.0
SKU00176,2025-11-10,126,105.0
SKU00176,2025-11-17,92,65.0
SKU00176,2025-11-24,91,66.0
SKU00176,2025-12-01,104,100.0
SKU00176,2025-12-08,69,92.0
SKU00176,2025-12-15,131,95.0
SKU00176,2025-12-22,88,112.0
SKU00176,2025-12-29,37,37.0
SKU00177,2024-01-01,35,
SKU00177,2024-01-08,55,
SKU00177,2024-01-15,22,
SKU00177,2024-01-22,53,
SKU00177,2024-01-29,54,
SKU00177,2024-02-05,45,
SKU00177,2024-02-12,49,
SKU00177,2024-02-19,64,
SKU00177,2024-02-26,34,
SKU00177,2024-03-04,39,
SKU00177,2024-03-11,58,
SKU00177,2024-03-18,53,
SKU00177,2024-03-25,55,
SKU00177,2024-04-01,51,
SKU00177,2024-04-08,26,
SKU00177,2024-04-15,68,
SKU00177,2024-04-22,58,
SKU00177,2024-04-29,56,
SKU00177,2024-05-06,35,
SKU00177,2024-05-13,65,
SKU00177,2024-05-20,82,
SKU00177,2024-05-27,51,
SKU00177,2024-06-03,40,
SKU00177,2024-06-10,48,
SKU00177,2024-06-17,72,
SKU00177,2024-06-24,37,
SKU00177,2024-07-01,95,
SKU00177,2024-07-08,42,
SKU00177,2024-07-15,56,
SKU00177,2024-07-22,63,
SKU00177,2024-07-29,30,
SKU00177,2024-08-05,64,
SKU00177,2024-08-12,49,
SKU00177,2024-08-19,50,
SKU00177,2024-08-26,62,
SKU00177,2024-09-02,37,
SKU00177,2024-09-09,76,
SKU00177,2024-09-16,31,
SKU00177,2024-09-23,43,
SKU00177,2024-09-30,55,
SKU00177,2024-10-07,51,
SKU00177,2024-10-14,59,
SKU00177,2024-10-21,58,
SKU00177,2024-10-28,95,
SKU00177,2024-11-04,64,
SKU00177,2024-11-11,56,
SKU00177,2024-11-18,72,
SKU00177,2024-11-25,89,
SKU00177,2024-12-02,118,
SKU00177,2024-12-09,107,
SKU00177,2024-12-16,91,
SKU00177,2024-12-23,62,
SKU00177,2024-12-30,21,35.0
SKU00177,2025-01-06,41,55.0
SKU00177,2025-01-13,34,22.0
SKU00177,2025-01-20,43,53.0
SKU00177,2025-01-27,59,54.0
SKU00177,2025-02-03,61,45.0
SKU00177,2025-02-10,34,49.0
SKU00177,2025-02-17,35,64.0
SKU00177,2025-02-24,78,34.0
SKU00177,2025-03-03,69,39.0
SKU00177,2025-03-10,46,58.0
SKU00177,2025-03-17,73,53.0
SKU00177,2025-03-24,41,55.0
SKU00177,2025-03-31,79,51.0
SKU00177,2025-04-07,55,26.0
SKU00177,2025-04-14,55,68.0
SKU00177,2025-04-21,36,58.0
SKU00177,2025-04-28,50,56.0
SKU00177,2025-05-05,53,35.0
SKU00177,2025-05-12,68,65.0
SKU00177,2025-05-19,62,82.0
SKU00177,2025-05-26,55,51.0
SKU00177,2025-06-02,54,40.0
SKU00177,2025-06-09,52,48.0
SKU00177,2025-06-16,81,72.0
SKU00177,2025-06-23,71,37.0
SKU00177,2025-06-30,65,95.0
SKU00177,2025-07-07,57,42.0
SKU00177,2025-07-14,36,56.0
SKU00177,2025-07-21,85,63.0
SKU00177,2025-07-28,64,30.0
SKU00177,2025-08-04,40,64.0
SKU00177,2025-08-11,66,49.0
SKU00177,2025-08-18,78,50.0
SKU00177,2025-08-25,43,62.0
SKU00177,2025-09-01,39,37.0
SKU00177,2025-09-08,37,76.0
SKU00177,2025-09-15,57,31.0
SKU00177,2025-09-22,37,43.0
SKU00177,2025-09-29,46,55.0
SKU00177,2025-10-06,13,51.0
SKU00177,2025-10-13,48,59.0
SKU00177,2025-10-20,52,58.0
SKU00177,2025-10-27,44,95.0
SKU00177,2025-11-03,72,64.0
SKU00177,2025-11-10,108,56.0
SKU00177,2025-11-17,76,72.0
SKU00177,2025-11-24,97,89.0
SKU00177,2025-12-01,120,118.0
SKU00177,2025-12-08,85,107.0
SKU00177,2025-12-15,92,91.0
SKU00177,2025-12-22,93,62.0
SKU00177,2025-12-29,27,21.0
SKU00178,2024-01-01,34,
SKU00178,2024-01-08,59,
SKU00178,2024-01-15,54,
SKU00178,2024-01-22,64,
SKU00178,2024-01-29,67,
SKU00178,2024-02-05,58,
SKU00178,2024-02-12,55,
SKU00178,2024-02-19,59,
SKU00178,2024-02-26,45,
SKU00178,2024-03-04,30,
SKU00178,2024-03-11,57,
SKU00178,2024-03-18,62,
SKU00178,2024-03-25,34,
SKU00178,2024-04-01,57,
SKU00178,2024-04-08,45,
SKU00178,2024-04-15,50,
SKU00178,2024-04-22,35,
SKU00178,2024-04-29,65,
SKU00178,2024-05-06,26,
SKU00178,2024-05-13,59,
SKU00178,2024-05-20,34,
SKU00178,2024-05-27,47,
SKU00178,2024-06-03,54,
SKU00178,2024-06-10,38,
SKU00178,2024-06-17,35,
SKU00178,2024-06-24,48,
SKU00178,2024-07-01,79,
SKU00178,2024-07-08,83,
SKU00178,2024-07-15,89,
SKU00178,2024-07-22,31,
SKU00178,2024-07-29,74,
SKU00178,2024-08-05,61,
SKU00178,2024-08-12,56,
SKU00178,2024-08-19,36,
SKU00178,2024-08-26,37,
SKU00178,2024-09-02,90,
SKU00178,2024-09-09,63,
SKU00178,2024-09-16,74,
SKU00178,2024-09-23,85,
SKU00178,2024-09-30,63,
SKU00178,2024-10-07,58,
SKU00178,2024-10-14,38,
SKU00178,2024-10-21,48,
SKU00178,2024-10-28,80,
SKU00178,2024-11-04,123,
SKU00178,2024-11-11,91,
SKU00178,2024-11-18,88,
SKU00178,2024-11-25,91,
SKU00178,2024-12-02,77,
SKU00178,2024-12-09,72,
SKU00178,2024-12-16,78,
SKU00178,2024-12-23,88,
SKU00178,2024-12-30,34,34.0
SKU00178,2025-01-06,46,59.0
SKU00178,2025-01-13,61,54.0
SKU00178,2025-01-20,50,64.0
SKU00178,2025-01-27,28,67.0
SKU00178,2025-02-03,51,58.0
SKU00178,2025-02-10,17,55.0
SKU00178,2025-02-17,52,59.0
SKU00178,2025-02-24,40,45.0
SKU00178,2025-03-03,29,30.0
SKU00178,2025-03-10,46,57.0
SKU00178,2025-03-17,88,62.0
SKU00178,2025-03-24,82,34.0
SKU00178,2025-03-31,39,57.0
SKU00178,2025-04-07,64,45.0
SKU00178,2025-04-14,27,50.0
SKU00178,2025-04-21,43,35.0
SKU00178,2025-04-28,78,65.0
SKU00178,2025-05-05,52,26.0
SKU00178,2025-05-12,52,59.0
SKU00178,2025-05-19,52,34.0
SKU00178,2025-05-26,35,47.0
SKU00178,2025-06-02,60,54.0
SKU00178,2025-06-09,41,38.0
SKU00178,2025-06-16,60,35.0
SKU00178,2025-06-23,88,48.0
SKU00178,2025-06-30,80,79.0
SKU00178,2025-07-07,33,83.0
SKU00178,2025-07-14,61,89.0
SKU00178,2025-07-21,59,31.0
SKU00178,2025-07-28,49,74.0
SKU00178,2025-08-04,60,61.0
SKU00178,2025-08-11,56,56.0
SKU00178,2025-08-18,89,36.0
SKU00178,2025-08-25,51,37.0
SKU00178,2025-09-01,37,90.0
SKU00178,2025-09-08,43,63.0
SKU00178,2025-09-15,42,74.0
SKU00178,2025-09-22,51,85.0
SKU00178,2025-09-29,82,63.0
SKU00178,2025-10-06,64,58.0
SKU00178,2025-10-13,26,38.0
SKU00178,2025-10-20,47,48.0
SKU00178,2025-10-27,92,80.0
SKU00178,2025-11-03,86,123.0
SKU00178,2025-11-10,102,91.0
SKU00178,2025-11-17,118,88.0
SKU00178,2025-11-24,127,91.0
SKU00178,2025-12-01,79,77.0
SKU00178,2025-12-08,90,72.0
SKU00178,2025-12-15,99,78.0
SKU00178,2025-12-22,94,88.0
SKU00178,2025-12-29,15,34.0
SKU00179,2024-01-01,27,
SKU00179,2024-01-08,53,
SKU00179,2024-01-15,44,
SKU00179,2024-01-22,53,
SKU00179,2024-01-29,36,
SKU00179,2024-02-05,59,
SKU00179,2024-02-12,31,
SKU00179,2024-02-19,20,
SKU00179,2024-02-26,53,
SKU00179,2024-03-04,64,
SKU00179,2024-03-11,44,
SKU00179,2024-03-18,59,
SKU00179,2024-03-25,58,
SKU00179,2024-04-01,51,
SKU00179,2024-04-08,43,
SKU00179,2024-04-15,22,
SKU00179,2024-04-22,43,
SKU00179,2024-04-29,54,
SKU00179,2024-05-06,23,
SKU00179,2024-05-13,49,
SKU00179,2024-05-20,54,
SKU00179,2024-05-27,53,
SKU00179,2024-06-03,42,
SKU00179,2024-06-10,57,
SKU00179,2024-06-17,47,
SKU00179,2024-06-24,52,
SKU00179,2024-07-01,51,
SKU00179,2024-07-08,48,
SKU00179,2024-07-15,50,
SKU00179,2024-07-22,56,
SKU00179,2024-07-29,37,
SKU00179,2024-08-05,45,
SKU00179,2024-08-12,49,
SKU00179,2024-08-19,54,
SKU00179,2024-08-26,44,
SKU00179,2024-09-02,57,
SKU00179,2024-09-09,58,
SKU00179,2024-09-16,66,
SKU00179,2024-09-23,80,
SKU00179,2024-09-30,45,
SKU00179,2024-10-07,61,
SKU00179,2024-10-14,12,
SKU00179,2024-10-21,64,
SKU00179,2024-10-28,88,
SKU00179,2024-11-04,61,
SKU00179,2024-11-11,94,
SKU00179,2024-11-18,96,
SKU00179,2024-11-25,107,
SKU00179,2024-12-02,102,
SKU00179,2024-12-09,90,
SKU00179,2024-12-16,86,
SKU00179,2024-12-23,101,
SKU00179,2024-12-30,68,27.0
SKU00179,2025-01-06,16,53.0
SKU00179,2025-01-13,27,44.0
SKU00179,2025-01-20,44,53.0
SKU00179,2025-01-27,51,36.0
SKU00179,2025-02-03,34,59.0
SKU00179,2025-02-10,38,31.0
SKU00179,2025-02-17,75,20.0
SKU00179,2025-02-24,49,53.0
SKU00179,2025-03-03,38,64.0
SKU00179,2025-03-10,71,44.0
SKU00179,2025-03-17,55,59.0
SKU00179,2025-03-24,46,58.0
SKU00179,2025-03-31,51,51.0
SKU00179,2025-04-07,43,43.0
SKU00179,2025-04-14,57,22.0
SKU00179,2025-04-21,40,43.0
SKU00179,2025-04-28,36,54.0
SKU00179,2025-05-05,54,23.0
SKU00179,2025-05-12,82,49.0
SKU00179,2025-05-19,32,54.0
SKU00179,2025-05-26,82,53.0
SKU00179,2025-06-02,43,42.0
SKU00179,2025-06-09,40,57.0
SKU00179,2025-06-16,48,47.0
SKU00179,2025-06-23,46,52.0
SKU00179,2025-06-30,58,51.0
SKU00179,2025-07-07,53,48.0
SKU00179,2025-07-14,55,50.0
SKU00179,2025-07-21,36,56.0
SKU00179,2025-07-28,81,37.0
SKU00179,2025-08-04,26,45.0
SKU00179,2025-08-11,44,49.0
SKU00179,2025-08-18,47,54.0
SKU00179,2025-08-25,36,44.0
SKU00179,2025-09-01,69,57.0
SKU00179,2025-09-08,28,58.0
SKU00179,2025-09-15,34,66.0
SKU00179,2025-09-22,77,80.0
SKU00179,2025-09-29,77,45.0
SKU00179,2025-10-06,42,61.0
SKU00179,2025-10-13,35,12.0
SKU00179,2025-10-20,76,64.0
SKU00179,2025-10-27,70,88.0
SKU00179,2025-11-03,81,61.0
SKU00179,2025-11-10,131,94.0
SKU00179,2025-11-17,92,96.0
SKU00179,2025-11-24,81,107.0
SKU00179,2025-12-01,96,102.0
SKU00179,2025-12-08,69,90.0
SKU00179,2025-12-15,76,86.0
SKU00179,2025-12-22,87,101.0
SKU00179,2025-12-29,24,68.0
SKU00180,2024-01-01,32,
SKU00180,2024-01-08,63,
SKU00180,2024-01-15,46,
SKU00180,2024-01-22,57,
SKU00180,2024-01-29,52,
SKU00180,2024-02-05,25,
SKU00180,2024-02-12,65,
SKU00180,2024-02-19,42,
SKU00180,2024-02-26,11,
SKU00180,2024-03-04,56,
SKU00180,2024-03-11,54,
SKU00180,2024-03-18,78,
SKU00180,2024-03-25,71,
SKU00180,2024-04-01,63,
SKU00180,2024-04-08,59,
SKU00180,2024-04-15,69,
SKU00180,2024-04-22,49,
SKU00180,2024-04-29,55,
SKU00180,2024-05-06,69,
SKU00180,2024-05-13,61,
SKU00180,2024-05-20,82,
SKU00180,2024-05-27,71,
SKU00180,2024-06-03,58,
SKU00180,2024-06-10,73,
SKU00180,2024-06-17,26,
SKU00180,2024-06-24,57,
SKU00180,2024-07-01,52,
SKU00180,2024-07-08,58,
SKU00180,2024-07-15,30,
SKU00180,2024-07-22,56,
SKU00180,2024-07-29,54,
SKU00180,2024-08-05,55,
SKU00180,2024-08-12,59,
SKU00180,2024-08-19,36,
SKU00180,2024-08-26,44,
SKU00180,2024-09-02,47,
SKU00180,2024-09-09,56,
SKU00180,2024-09-16,45,
SKU00180,2024-09-23,62,
SKU00180,2024-09-30,50,
SKU00180,2024-10-07,49,
SKU00180,2024-10-14,88,
SKU00180,2024-10-21,64,
SKU00180,2024-10-28,93,
SKU00180,2024-11-04,91,
SKU00180,2024-11-11,93,
SKU00180,2024-11-18,82,
SKU00180,2024-11-25,77,
SKU00180,2024-12-02,131,
SKU00180,2024-12-09,110,
SKU00180,2024-12-16,78,
SKU00180,2024-12-23,98,
SKU00180,2024-12-30,64,32.0
SKU00180,2025-01-06,64,63.0
SKU00180,2025-01-13,49,46.0
SKU00180,2025-01-20,44,57.0
SKU00180,2025-01-27,29,52.0
SKU00180,2025-02-03,39,25.0
SKU00180,2025-02-10,90,65.0
SKU00180,2025-02-17,30,42.0
SKU00180,2025-02-24,46,11.0
SKU00180,2025-03-03,31,56.0
SKU00180,2025-03-10,52,54.0
SKU00180,2025-03-17,79,78.0
SKU00180,2025-03-24,43,71.0
SKU00180,2025-03-31,47,63.0
SKU00180,2025-04-07,62,59.0
SKU00180,2025-04-14,76,69.0
SKU00180,2025-04-21,56,49.0
SKU00180,2025-04-28,44,55.0
SKU00180,2025-05-05,40,69.0
SKU00180,2025-05-12,78,61.0
SKU00180,2025-05-19,55,82.0
SKU00180,2025-05-26,74,71.0
SKU00180,2025-06-02,57,58.0
SKU00180,2025-06-09,72,73.0
SKU00180,2025-06-16,63,26.0
SKU00180,2025-06-23,14,57.0
SKU00180,2025-06-30,65,52.0
SKU00180,2025-07-07,41,58.0
SKU00180,2025-07-14,45,30.0
SKU00180,2025-07-21,71,56.0
SKU00180,2025-07-28,39,54.0
SKU00180,2025-08-04,66,55.0
SKU00180,2025-08-11,61,59.0
SKU00180,2025-08-18,72,36.0
SKU00180,2025-08-25,51,44.0
SKU00180,2025-09-01,42,47.0
SKU00180,2025-09-08,68,56.0
SKU00180,2025-09-15,53,45.0
SKU00180,2025-09-22,60,62.0
SKU00180,2025-09-29,55,50.0
SKU00180,2025-10-06,52,49.0
SKU00180,2025-10-13,69,88.0
SKU00180,2025-10-20,43,64.0
SKU00180,2025-10-27,73,93.0
SKU00180,2025-11-03,96,91.0
SKU00180,2025-11-10,70,93.0
SKU00180,2025-11-17,77,82.0
SKU00180,2025-11-24,86,77.0
SKU00180,2025-12-01,84,131.0
SKU00180,2025-12-08,56,110.0
SKU00180,2025-12-15,67,78.0
SKU00180,2025-12-22,82,98.0
SKU00180,2025-12-29,20,64.0
SKU00181,2024-01-01,44,
SKU00181,2024-01-08,51,
SKU00181,2024-01-15,47,
SKU00181,2024-01-22,49,
SKU00181,2024-01-29,33,
SKU00181,2024-02-05,54,
SKU00181,2024-02-12,23,
SKU00181,2024-02-19,52,
SKU00181,2024-02-26,52,
SKU00181,2024-03-04,86,
SKU00181,2024-03-11,61,
SKU00181,2024-03-18,45,
SKU00181,2024-03-25,46,
SKU00181,2024-04-01,60,
SKU00181,2024-04-08,50,
SKU00181,2024-04-15,39,
SKU00181,2024-04-22,78,
SKU00181,2024-04-29,54,
SKU00181,2024-05-06,46,
SKU00181,2024-05-13,56,
SKU00181,2024-05-20,50,
SKU00181,2024-05-27,45,
SKU00181,2024-06-03,26,
SKU00181,2024-06-10,37,
SKU00181,2024-06-17,49,
SKU00181,2024-06-24,75,
SKU00181,2024-07-01,69,
SKU00181,2024-07-08,66,
SKU00181,2024-07-15,70,
SKU00181,2024-07-22,53,
SKU00181,2024-07-29,43,
SKU00181,2024-08-05,32,
SKU00181,2024-08-12,87,
SKU00181,2024-08-19,64,
SKU00181,2024-08-26,39,
SKU00181,2024-09-02,64,
SKU00181,2024-09-09,59,
SKU00181,2024-09-16,64,
SKU00181,2024-09-23,38,
SKU00181,2024-09-30,47,
SKU00181,2024-10-07,61,
SKU00181,2024-10-14,71,
SKU00181,2024-10-21,76,
SKU00181,2024-10-28,42,
SKU00181,2024-11-04,66,
SKU00181,2024-11-11,78,
SKU00181,2024-11-18,92,
SKU00181,2024-11-25,151,
SKU00181,2024-12-02,95,
SKU00181,2024-12-09,73,
SKU00181,2024-12-16,121,
SKU00181,2024-12-23,113,
SKU00181,2024-12-30,64,44.0
SKU00181,2025-01-06,44,51.0
SKU00181,2025-01-13,29,47.0
SKU00181,2025-01-20,41,49.0
SKU00181,2025-01-27,49,33.0
SKU00181,2025-02-03,41,54.0
SKU00181,2025-02-10,37,23.0
SKU00181,2025-02-17,59,52.0
SKU00181,2025-02-24,51,52.0
SKU00181,2025-03-03,46,86.0
SKU00181,2025-03-10,61,61.0
SKU00181,2025-03-17,60,45.0
SKU00181,2025-03-24,34,46.0
SKU00181,2025-03-31,51,60.0
SKU00181,2025-04-07,60,50.0
SKU00181,2025-04-14,68,39.0
SKU00181,2025-04-21,60,78.0
SKU00181,2025-04-28,73,54.0
SKU00181,2025-05-05,34,46.0
SKU00181,2025-05-12,70,56.0
SKU00181,2025-05-19,46,50.0
SKU00181,2025-05-26,38,45.0
SKU00181,2025-06-02,59,26.0
SKU00181,2025-06-09,67,37.0
SKU00181,2025-06-16,51,49.0
SKU00181,2025-06-23,39,75.0
SKU00181,2025-06-30,40,69.0
SKU00181,2025-07-07,28,66.0
SKU00181,2025-07-14,53,70.0
SKU00181,2025-07-21,72,53.0
SKU00181,2025-07-28,39,43.0
SKU00181,2025-08-04,66,32.0
SKU00181,2025-08-11,51,87.0
SKU00181,2025-08-18,67,64.0
SKU00181,2025-08-25,43,39.0
SKU00181,2025-09-01,47,64.0
SKU00181,2025-09-08,35,59.0
SKU00181,2025-09-15,52,64.0
SKU00181,2025-09-22,62,38.0
SKU00181,2025-09-29,69,47.0
SKU00181,2025-10-06,40,61.0
SKU00181,2025-10-13,48,71.0
SKU00181,2025-10-20,31,76.0
SKU00181,2025-10-27,57,42.0
SKU00181,2025-11-03,109,66.0
SKU00181,2025-11-10,79,78.0
SKU00181,2025-11-17,94,92.0
SKU00181,2025-11-24,88,151.0
SKU00181,2025-12-01,104,95.0
SKU00181,2025-12-08,58,73.0
SKU00181,2025-12-15,81,121.0
SKU00181,2025-12-22,104,113.0
SKU00181,2025-12-29,48,64.0
SKU00182,2024-01-01,35,
SKU00182,2024-01-08,39,
SKU00182,2024-01-15,29,
SKU00182,2024-01-22,43,
SKU00182,2024-01-29,52,
SKU00182,2024-02-05,39,
SKU00182,2024-02-12,48,
SKU00182,2024-02-19,44,
SKU00182,2024-02-26,51,
SKU00182,2024-03-04,74,
SKU00182,2024-03-11,62,
SKU00182,2024-03-18,56,
SKU00182,2024-03-25,51,
SKU00182,2024-04-01,66,
SKU00182,2024-04-08,54,
SKU00182,2024-04-15,64,
SKU00182,2024-04-22,73,
SKU00182,2024-04-29,58,
SKU00182,2024-05-06,55,
SKU00182,2024-05-13,49,
SKU00182,2024-05-20,74,
SKU00182,2024-05-27,73,
SKU00182,2024-06-03,23,
SKU00182,2024-06-10,73,
SKU00182,2024-06-17,39,
SKU00182,2024-06-24,24,
SKU00182,2024-07-01,48,
SKU00182,2024-07-08,52,
SKU00182,2024-07-15,79,
SKU00182,2024-07-22,38,
SKU00182,2024-07-29,42,
SKU00182,2024-08-05,57,
SKU00182,2024-08-12,56,
SKU00182,2024-08-19,55,
SKU00182,2024-08-26,70,
SKU00182,2024-09-02,67,
SKU00182,2024-09-09,44,
SKU00182,2024-09-16,52,
SKU00182,2024-09-23,53,
SKU00182,2024-09-30,38,
SKU00182,2024-10-07,37,
SKU00182,2024-10-14,55,
SKU00182,2024-10-21,74,
SKU00182,2024-10-28,79,
SKU00182,2024-11-04,98,
SKU00182,2024-11-11,64,
SKU00182,2024-11-18,147,
SKU00182,2024-11-25,132,
SKU00182,2024-12-02,111,
SKU00182,2024-12-09,91,
SKU00182,2024-12-16,91,
SKU00182,2024-12-23,83,
SKU00182,2024-12-30,58,35.0
SKU00182,2025-01-06,41,39.0
SKU00182,2025-01-13,32,29.0
SKU00182,2025-01-20,30,43.0
SKU00182,2025-01-27,19,52.0
SKU00182,2025-02-03,57,39.0
SKU00182,2025-02-10,47,48.0
SKU00182,2025-02-17,28,44.0
SKU00182,2025-02-24,76,51.0
SKU00182,2025-03-03,56,74.0
SKU00182,2025-03-10,63,62.0
SKU00182,2025-03-17,88,56.0
SKU00182,2025-03-24,19,51.0
SKU00182,2025-03-31,35,66.0
SKU00182,2025-04-07,48,54.0
SKU00182,2025-04-14,49,64.0
SKU00182,2025-04-21,63,73.0
SKU00182,2025-04-28,32,58.0
SKU00182,2025-05-05,60,55.0
SKU00182,2025-05-12,56,49.0
SKU00182,2025-05-19,53,74.0
SKU00182,2025-05-26,28,73.0
SKU00182,2025-06-02,63,23.0
SKU00182,2025-06-09,30,73.0
SKU00182,2025-06-16,50,39.0
SKU00182,2025-06-23,81,24.0
SKU00182,2025-06-30,68,48.0
SKU00182,2025-07-07,85,52.0
SKU00182,2025-07-14,65,79.0
SKU00182,2025-07-21,65,38.0
SKU00182,2025-07-28,92,42.0
SKU00182,2025-08-04,37,57.0
SKU00182,2025-08-11,62,56.0
SKU00182,2025-08-18,35,55.0
SKU00182,2025-08-25,43,70.0
SKU00182,2025-09-01,60,67.0
SKU00182,2025-09-08,65,44.0
SKU00182,2025-09-15,49,52.0
SKU00182,2025-09-22,78,53.0
SKU00182,2025-09-29,73,38.0
SKU00182,2025-10-06,65,37.0
SKU00182,2025-10-13,54,55.0
SKU00182,2025-10-20,51,74.0
SKU00182,2025-10-27,38,79.0
SKU00182,2025-11-03,77,98.0
SKU00182,2025-11-10,68,64.0
SKU00182,2025-11-17,55,147.0
SKU00182,2025-11-24,105,132.0
SKU00182,2025-12-01,124,111.0
SKU00182,2025-12-08,119,91.0
SKU00182,2025-12-15,65,91.0
SKU00182,2025-12-22,89,83.0
SKU00182,2025-12-29,29,58.0
SKU00183,2024-01-01,50,
SKU00183,2024-01-08,45,
SKU00183,2024-01-15,77,
SKU00183,2024-01-22,76,
SKU00183,2024-01-29,68,
SKU00183,2024-02-05,27,
SKU00183,2024-02-12,32,
SKU00183,2024-02-19,39,
SKU00183,2024-02-26,42,
SKU00183,2024-03-04,50,
SKU00183,2024-03-11,53,
SKU00183,2024-03-18,46,
SKU00183,2024-03-25,88,
SKU00183,2024-04-01,70,
SKU00183,2024-04-08,56,
SKU00183,2024-04-15,81,
SKU00183,2024-04-22,71,
SKU00183,2024-04-29,97,
SKU00183,2024-05-06,27,
SKU00183,2024-05-13,50,
SKU00183,2024-05-20,58,
SKU00183,2024-05-27,59,
SKU00183,2024-06-03,60,
SKU00183,2024-06-10,40,
SKU00183,2024-06-17,60,
SKU00183,2024-06-24,41,
SKU00183,2024-07-01,48,
SKU00183,2024-07-08,71,
SKU00183,2024-07-15,46,
SKU00183,2024-07-22,54,
SKU00183,2024-07-29,46,
SKU00183,2024-08-05,61,
SKU00183,2024-08-12,48,
SKU00183,2024-08-19,49,
SKU00183,2024-08-26,62,
SKU00183,2024-09-02,56,
SKU00183,2024-09-09,61,
SKU00183,2024-09-16,64,
SKU00183,2024-09-23,53,
SKU00183,2024-09-30,51,
SKU00183,2024-10-07,47,
SKU00183,2024-10-14,72,
SKU00183,2024-10-21,76,
SKU00183,2024-10-28,65,
SKU00183,2024-11-04,83,
SKU00183,2024-11-11,42,
SKU00183,2024-11-18,89,
SKU00183,2024-11-25,83,
SKU00183,2024-12-02,78,
SKU00183,2024-12-09,75,
SKU00183,2024-12-16,70,
SKU00183,2024-12-23,86,
SKU00183,2024-12-30,40,50.0
SKU00183,2025-01-06,55,45.0
SKU00183,2025-01-13,31,77.0
SKU00183,2025-01-20,28,76.0
SKU00183,2025-01-27,34,68.0
SKU00183,2025-02-03,28,27.0
SKU00183,2025-02-10,50,32.0
SKU00183,2025-02-17,41,39.0
SKU00183,2025-02-24,50,42.0
SKU00183,2025-03-03,60,50.0
SKU00183,2025-03-10,56,53.0
SKU00183,2025-03-17,29,46.0
SKU00183,2025-03-24,35,88.0
SKU00183,2025-03-31,48,70.0
SKU00183,2025-04-07,46,56.0
SKU00183,2025-04-14,77,81.0
SKU00183,2025-04-21,77,71.0
SKU00183,2025-04-28,38,97.0
SKU00183,2025-05-05,54,27.0
SKU00183,2025-05-12,31,50.0
SKU00183,2025-05-19,46,58.0
SKU00183,2025-05-26,48,59.0
SKU00183,2025-06-02,85,60.0
SKU00183,2025-06-09,42,40.0
SKU00183,2025-06-16,43,60.0
SKU00183,2025-06-23,86,41.0
SKU00183,2025-06-30,62,48.0
SKU00183,2025-07-07,47,71.0
SKU00183,2025-07-14,48,46.0
SKU00183,2025-07-21,56,54.0
SKU00183,2025-07-28,59,46.0
SKU00183,2025-08-04,62,61.0
SKU00183,2025-08-11,90,48.0
SKU00183,2025-08-18,60,49.0
SKU00183,2025-08-25,73,62.0
SKU00183,2025-09-01,35,56.0
SKU00183,2025-09-08,41,61.0
SKU00183,2025-09-15,35,64.0
SKU00183,2025-09-22,42,53.0
SKU00183,2025-09-29,50,51.0
SKU00183,2025-10-06,71,47.0
SKU00183,2025-10-13,84,72.0
SKU00183,2025-10-20,31,76.0
SKU00183,2025-10-27,62,65.0
SKU00183,2025-11-03,83,83.0
SKU00183,2025-11-10,89,42.0
SKU00183,2025-11-17,87,89.0
SKU00183,2025-11-24,55,83.0
SKU00183,2025-12-01,62,78.0
SKU00183,2025-12-08,87,75.0
SKU00183,2025-12-15,63,70.0
SKU00183,2025-12-22,89,86.0
SKU00183,2025-12-29,31,40.0
SKU00184,2024-01-01,45,
SKU00184,2024-01-08,43,
SKU00184,2024-01-15,40,
SKU00184,2024-01-22,45,
SKU00184,2024-01-29,34,
SKU00184,2024-02-05,77,
SKU00184,2024-02-12,32,
SKU00184,2024-02-19,31,
SKU00184,2024-02-26,77,
SKU00184,2024-03-04,47,
SKU00184,2024-03-11,93,
SKU00184,2024-03-18,79,
SKU00184,2024-03-25,54,
SKU00184,2024-04-01,45,
SKU00184,2024-04-08,59,
SKU00184,2024-04-15,87,
SKU00184,2024-04-22,40,
SKU00184,2024-04-29,68,
SKU00184,2024-05-06,97,
SKU00184,2024-05-13,66,
SKU00184,2024-05-20,49,
SKU00184,2024-05-27,48,
SKU00184,2024-06-03,65,
SKU00184,2024-06-10,53,
SKU00184,2024-06-17,26,
SKU00184,2024-06-24,63,
SKU00184,2024-07-01,70,
SKU00184,2024-07-08,24,
SKU00184,2024-07-15,63,
SKU00184,2024-07-22,39,
SKU00184,2024-07-29,42,
SKU00184,2024-08-05,34,
SKU00184,2024-08-12,44,
SKU00184,2024-08-19,65,
SKU00184,2024-08-26,39,
SKU00184,2024-09-02,52,
SKU00184,2024-09-09,26,
SKU00184,2024-09-16,89,
SKU00184,2024-09-23,71,
SKU00184,2024-09-30,62,
SKU00184,2024-10-07,46,
SKU00184,2024-10-14,73,
SKU00184,2024-10-21,42,
SKU00184,2024-10-28,58,
SKU00184,2024-11-04,58,
SKU00184,2024-11-11,54,
SKU00184,2024-11-18,101,
SKU00184,2024-11-25,106,
SKU00184,2024-12-02,66,
SKU00184,2024-12-09,68,
SKU00184,2024-12-16,84,
SKU00184,2024-12-23,78,
SKU00184,2024-12-30,62,45.0
SKU00184,2025-01-06,46,43.0
SKU00184,2025-01-13,54,40.0
SKU00184,2025-01-20,32,45.0
SKU00184,2025-01-27,26,34.0
SKU00184,2025-02-03,54,77.0
SKU00184,2025-02-10,48,32.0
SKU00184,2025-02-17,46,31.0
SKU00184,2025-02-24,51,77.0
SKU00184,2025-03-03,73,47.0
SKU00184,2025-03-10,71,93.0
SKU00184,2025-03-17,42,79.0
SKU00184,2025-03-24,24,54.0
SKU00184,2025-03-31,36,45.0
SKU00184,2025-04-07,73,59.0
SKU00184,2025-04-14,83,87.0
SKU00184,2025-04-21,49,40.0
SKU00184,2025-04-28,74,68.0
SKU00184,2025-05-05,69,97.0
SKU00184,2025-05-12,53,66.0
SKU00184,2025-05-19,42,49.0
SKU00184,2025-05-26,66,48.0
SKU00184,2025-06-02,46,65.0
SKU00184,2025-06-09,61,53.0
SKU00184,2025-06-16,65,26.0
SKU00184,2025-06-23,17,63.0
SKU00184,2025-06-30,51,70.0
SKU00184,2025-07-07,46,24.0
SKU00184,2025-07-14,37,63.0
SKU00184,2025-07-21,43,39.0
SKU00184,2025-07-28,77,42.0
SKU00184,2025-08-04,78,34.0
SKU00184,2025-08-11,53,44.0
SKU00184,2025-08-18,42,65.0
SKU00184,2025-08-25,17,39.0
SKU00184,2025-09-01,67,52.0
SKU00184,2025-09-08,36,26.0
SKU00184,2025-09-15,55,89.0
SKU00184,2025-09-22,42,71.0
SKU00184,2025-09-29,45,62.0
SKU00184,2025-10-06,52,46.0
SKU00184,2025-10-13,94,73.0
SKU00184,2025-10-20,68,42.0
SKU00184,2025-10-27,67,58.0
SKU00184,2025-11-03,84,58.0
SKU00184,2025-11-10,68,54.0
SKU00184,2025-11-17,92,101.0
SKU00184,2025-11-24,127,106.0
SKU00184,2025-12-01,68,66.0
SKU00184,2025-12-08,95,68.0
SKU00184,2025-12-15,91,84.0
SKU00184,2025-12-22,109,78.0
SKU00184,2025-12-29,23,62.0
SKU00185,2024-01-01,56,
SKU00185,2024-01-08,60,
SKU00185,2024-01-15,51,
SKU00185,2024-01-22,93,
SKU00185,2024-01-29,48,
SKU00185,2024-02-05,60,
SKU00185,2024-02-12,55,
SKU00185,2024-02-19,48,
SKU00185,2024-02-26,43,
SKU00185,2024-03-04,69,
SKU00185,2024-03-11,51,
SKU00185,2024-03-18,42,
SKU00185,2024-03-25,36,
SKU00185,2024-04-01,49,
SKU00185,2024-04-08,39,
SKU00185,2024-04-15,45,
SKU00185,2024-04-22,32,
SKU00185,2024-04-29,44,
SKU00185,2024-05-06,90,
SKU00185,2024-05-13,37,
SKU00185,2024-05-20,44,
SKU00185,2024-05-27,26,
SKU00185,2024-06-03,74,
SKU00185,2024-06-10,50,
SKU00185,2024-06-17,80,
SKU00185,2024-06-24,56,
SKU00185,2024-07-01,57,
SKU00185,2024-07-08,63,
SKU00185,2024-07-15,78,
SKU00185,2024-07-22,97,
SKU00185,2024-07-29,86,
SKU00185,2024-08-05,75,
SKU00185,2024-08-12,26,
SKU00185,2024-08-19,51,
SKU00185,2024-08-26,42,
SKU00185,2024-09-02,30,
SKU00185,2024-09-09,69,
SKU00185,2024-09-16,33,
SKU00185,2024-09-23,28,
SKU00185,2024-09-30,33,
SKU00185,2024-10-07,78,
SKU00185,2024-10-14,56,
SKU00185,2024-10-21,38,
SKU00185,2024-10-28,71,
SKU00185,2024-11-04,76,
SKU00185,2024-11-11,81,
SKU00185,2024-11-18,79,
SKU00185,2024-11-25,71,
SKU00185,2024-12-02,72,
SKU00185,2024-12-09,71,
SKU00185,2024-12-16,74,
SKU00185,2024-12-23,90,
SKU00185,2024-12-30,61,56.0
SKU00185,2025-01-06,46,60.0
SKU00185,2025-01-13,55,51.0
SKU00185,2025-01-20,30,93.0
SKU00185,2025-01-27,18,48.0
SKU00185,2025-02-03,91,60.0
SKU00185,2025-02-10,61,55.0
SKU00185,2025-02-17,53,48.0
SKU00185,2025-02-24,57,43.0
SKU00185,2025-03-03,68,69.0
SKU00185,2025-03-10,39,51.0
SKU00185,2025-03-17,62,42.0
SKU00185,2025-03-24,55,36.0
SKU00185,2025-03-31,57,49.0
SKU00185,2025-04-07,80,39.0
SKU00185,2025-04-14,53,45.0
SKU00185,2025-04-21,43,32.0
SKU00185,2025-04-28,35,44.0
SKU00185,2025-05-05,44,90.0
SKU00185,2025-05-12,35,37.0
SKU00185,2025-05-19,45,44.0
SKU00185,2025-05-26,58,26.0
SKU00185,2025-06-02,45,74.0
SKU00185,2025-06-09,56,50.0
SKU00185,2025-06-16,62,80.0
SKU00185,2025-06-23,46,56.0
SKU00185,2025-06-30,34,57.0
SKU00185,2025-07-07,35,63.0
SKU00185,2025-07-14,43,78.0
SKU00185,2025-07-21,53,97.0
SKU00185,2025-07-28,65,86.0
SKU00185,2025-08-04,55,75.0
SKU00185,2025-08-11,59,26.0
SKU00185,2025-08-18,36,51.0
SKU00185,2025-08-25,44,42.0
SKU00185,2025-09-01,68,30.0
SKU00185,2025-09-08,74,69.0
SKU00185,2025-09-15,55,33.0
SKU00185,2025-09-22,29,28.0
SKU00185,2025-09-29,48,33.0
SKU00185,2025-10-06,66,78.0
SKU00185,2025-10-13,32,56.0
SKU00185,2025-10-20,46,38.0
SKU00185,2025-10-27,70,71.0
SKU00185,2025-11-03,52,76.0
SKU00185,2025-11-10,95,81.0
SKU00185,2025-11-17,119,79.0
SKU00185,2025-11-24,82,71.0
SKU00185,2025-12-01,61,72.0
SKU00185,2025-12-08,83,71.0
SKU00185,2025-12-15,99,74.0
SKU00185,2025-12-22,85,90.0
SKU00185,2025-12-29,31,61.0
SKU00186,2024-01-01,55,
SKU00186,2024-01-08,34,
SKU00186,2024-01-15,40,
SKU00186,2024-01-22,65,
SKU00186,2024-01-29,64,
SKU00186,2024-02-05,47,
SKU00186,2024-02-12,49,
SKU00186,2024-02-19,48,
SKU00186,2024-02-26,35,
SKU00186,2024-03-04,54,
SKU00186,2024-03-11,51,
SKU00186,2024-03-18,65,
SKU00186,2024-03-25,93,
SKU00186,2024-04-01,62,
SKU00186,2024-04-08,26,
SKU00186,2024-04-15,20,
SKU00186,2024-04-22,60,
SKU00186,2024-04-29,50,
SKU00186,2024-05-06,88,
SKU00186,2024-05-13,45,
SKU00186,2024-05-20,39,
SKU00186,2024-05-27,46,
SKU00186,2024-06-03,39,
SKU00186,2024-06-10,61,
SKU00186,2024-06-17,45,
SKU00186,2024-06-24,69,
SKU00186,2024-07-01,43,
SKU00186,2024-07-08,53,
SKU00186,2024-07-15,59,
SKU00186,2024-07-22,21,
SKU00186,2024-07-29,76,
SKU00186,2024-08-05,46,
SKU00186,2024-08-12,73,
SKU00186,2024-08-19,67,
SKU00186,2024-08-26,27,
SKU00186,2024-09-02,63,
SKU00186,2024-09-09,38,
SKU00186,2024-09-16,59,
SKU00186,2024-09-23,42,
SKU00186,2024-09-30,82,
SKU00186,2024-10-07,56,
SKU00186,2024-10-14,52,
SKU00186,2024-10-21,44,
SKU00186,2024-10-28,71,
SKU00186,2024-11-04,90,
SKU00186,2024-11-11,88,
SKU00186,2024-11-18,93,
SKU00186,2024-11-25,97,
SKU00186,2024-12-02,63,
SKU00186,2024-12-09,73,
SKU00186,2024-12-16,75,
SKU00186,2024-12-23,97,
SKU00186,2024-12-30,53,55.0
SKU00186,2025-01-06,56,34.0
SKU00186,2025-01-13,30,40.0
SKU00186,2025-01-20,43,65.0
SKU00186,2025-01-27,33,64.0
SKU00186,2025-02-03,25,47.0
SKU00186,2025-02-10,52,49.0
SKU00186,2025-02-17,81,48.0
SKU00186,2025-02-24,37,35.0
SKU00186,2025-03-03,24,54.0
SKU00186,2025-03-10,71,51.0
SKU00186,2025-03-17,47,65.0
SKU00186,2025-03-24,59,93.0
SKU00186,2025-03-31,35,62.0
SKU00186,2025-04-07,39,26.0
SKU00186,2025-04-14,61,20.0
SKU00186,2025-04-21,49,60.0
SKU00186,2025-04-28,89,50.0
SKU00186,2025-05-05,46,88.0
SKU00186,2025-05-12,69,45.0
SKU00186,2025-05-19,42,39.0
SKU00186,2025-05-26,79,46.0
SKU00186,2025-06-02,69,39.0
SKU00186,2025-06-09,47,61.0
SKU00186,2025-06-16,48,45.0
SKU00186,2025-06-23,83,69.0
SKU00186,2025-06-30,55,43.0
SKU00186,2025-07-07,70,53.0
SKU00186,2025-07-14,45,59.0
SKU00186,2025-07-21,48,21.0
SKU00186,2025-07-28,36,76.0
SKU00186,2025-08-04,39,46.0
SKU00186,2025-08-11,45,73.0
SKU00186,2025-08-18,63,67.0
SKU00186,2025-08-25,63,27.0
SKU00186,2025-09-01,75,63.0
SKU00186,2025-09-08,58,38.0
SKU00186,2025-09-15,85,59.0
SKU00186,2025-09-22,67,42.0
SKU00186,2025-09-29,36,82.0
SKU00186,2025-10-06,38,56.0
SKU00186,2025-10-13,46,52.0
SKU00186,2025-10-20,43,44.0
SKU00186,2025-10-27,31,71.0
SKU00186,2025-11-03,127,90.0
SKU00186,2025-11-10,120,88.0
SKU00186,2025-11-17,75,93.0
SKU00186,2025-11-24,75,97.0
SKU00186,2025-12-01,130,63.0
SKU00186,2025-12-08,109,73.0
SKU00186,2025-12-15,112,75.0
SKU00186,2025-12-22,90,97.0
SKU00186,2025-12-29,17,53.0
SKU00187,2024-01-01,47,
SKU00187,2024-01-08,41,
SKU00187,2024-01-15,59,
SKU00187,2024-01-22,47,
SKU00187,2024-01-29,41,
SKU00187,2024-02-05,45,
SKU00187,2024-02-12,51,
SKU00187,2024-02-19,29,
SKU00187,2024-02-26,54,
SKU00187,2024-03-04,75,
SKU00187,2024-03-11,71,
SKU00187,2024-03-18,43,
SKU00187,2024-03-25,48,
SKU00187,2024-04-01,84,
SKU00187,2024-04-08,40,
SKU00187,2024-04-15,62,
SKU00187,2024-04-22,71,
SKU00187,2024-04-29,89,
SKU00187,2024-05-06,28,
SKU00187,2024-05-13,65,
SKU00187,2024-05-20,65,
SKU00187,2024-05-27,52,
SKU00187,2024-06-03,59,
SKU00187,2024-06-10,58,
SKU00187,2024-06-17,71,
SKU00187,2024-06-24,63,
SKU00187,2024-07-01,50,
SKU00187,2024-07-08,68,
SKU00187,2024-07-15,60,
SKU00187,2024-07-22,57,
SKU00187,2024-07-29,59,
SKU00187,2024-08-05,54,
SKU00187,2024-08-12,76,
SKU00187,2024-08-19,39,
SKU00187,2024-08-26,44,
SKU00187,2024-09-02,68,
SKU00187,2024-09-09,62,
SKU00187,2024-09-16,58,
SKU00187,2024-09-23,48,
SKU00187,2024-09-30,69,
SKU00187,2024-10-07,67,
SKU00187,2024-10-14,21,
SKU00187,2024-10-21,48,
SKU00187,2024-10-28,84,
SKU00187,2024-11-04,92,
SKU00187,2024-11-11,67,
SKU00187,2024-11-18,91,
SKU00187,2024-11-25,107,
SKU00187,2024-12-02,117,
SKU00187,2024-12-09,98,
SKU00187,2024-12-16,72,
SKU00187,2024-12-23,108,
SKU00187,2024-12-30,53,47.0
SKU00187,2025-01-06,25,41.0
SKU00187,2025-01-13,68,59.0
SKU00187,2025-01-20,30,47.0
SKU00187,2025-01-27,63,41.0
SKU00187,2025-02-03,40,45.0
SKU00187,2025-02-10,54,51.0
SKU00187,2025-02-17,29,29.0
SKU00187,2025-02-24,46,54.0
SKU00187,2025-03-03,23,75.0
SKU00187,2025-03-10,63,71.0
SKU00187,2025-03-17,55,43.0
SKU00187,2025-03-24,72,48.0
SKU00187,2025-03-31,76,84.0
SKU00187,2025-04-07,27,40.0
SKU00187,2025-04-14,26,62.0
SKU00187,2025-04-21,42,71.0
SKU00187,2025-04-28,42,89.0
SKU00187,2025-05-05,39,28.0
SKU00187,2025-05-12,52,65.0
SKU00187,2025-05-19,42,65.0
SKU00187,2025-05-26,77,52.0
SKU00187,2025-06-02,50,59.0
SKU00187,2025-06-09,18,58.0
SKU00187,2025-06-16,60,71.0
SKU00187,2025-06-23,80,63.0
SKU00187,2025-06-30,78,50.0
SKU00187,2025-07-07,31,68.0
SKU00187,2025-07-14,31,60.0
SKU00187,2025-07-21,33,57.0
SKU00187,2025-07-28,52,59.0
SKU00187,2025-08-04,58,54.0
SKU00187,2025-08-11,58,76.0
SKU00187,2025-08-18,43,39.0
SKU00187,2025-08-25,47,44.0
SKU00187,2025-09-01,63,68.0
SKU00187,2025-09-08,50,62.0
SKU00187,2025-09-15,62,58.0
SKU00187,2025-09-22,38,48.0
SKU00187,2025-09-29,63,69.0
SKU00187,2025-10-06,55,67.0
SKU00187,2025-10-13,49,21.0
SKU00187,2025-10-20,26,48.0
SKU00187,2025-10-27,61,84.0
SKU00187,2025-11-03,68,92.0
SKU00187,2025-11-10,67,67.0
SKU00187,2025-11-17,49,91.0
SKU00187,2025-11-24,59,107.0
SKU00187,2025-12-01,69,117.0
SKU00187,2025-12-08,81,98.0
SKU00187,2025-12-15,85,72.0
SKU00187,2025-12-22,114,108.0
SKU00187,2025-12-29,47,53.0
SKU00188,2024-01-01,48,
SKU00188,2024-01-08,44,
SKU00188,2024-01-15,49,
SKU00188,2024-01-22,33,
SKU00188,2024-01-29,54,
SKU00188,2024-02-05,42,
SKU00188,2024-02-12,26,
SKU00188,2024-02-19,32,
SKU00188,2024-02-26,61,
SKU00188,2024-03-04,43,
SKU00188,2024-03-11,31,
SKU00188,2024-03-18,43,
SKU00188,2024-03-25,86,
SKU00188,2024-04-01,44,
SKU00188,2024-04-08,70,
SKU00188,2024-04-15,46,
SKU00188,2024-04-22,46,
SKU00188,2024-04-29,44,
SKU00188,2024-05-06,65,
SKU00188,2024-05-13,39,
SKU00188,2024-05-20,74,
SKU00188,2024-05-27,29,
SKU00188,2024-06-03,58,
SKU00188,2024-06-10,68,
SKU00188,2024-06-17,61,
SKU00188,2024-06-24,95,
SKU00188,2024-07-01,46,
SKU00188,2024-07-08,46,
SKU00188,2024-07-15,17,
SKU00188,2024-07-22,38,
SKU00188,2024-07-29,34,
SKU00188,2024-08-05,78,
SKU00188,2024-08-12,59,
SKU00188,2024-08-19,49,
SKU00188,2024-08-26,75,
SKU00188,2024-09-02,52,
SKU00188,2024-09-09,62,
SKU00188,2024-09-16,49,
SKU00188,2024-09-23,56,
SKU00188,2024-09-30,66,
SKU00188,2024-10-07,62,
SKU00188,2024-10-14,47,
SKU00188,2024-10-21,44,
SKU00188,2024-10-28,60,
SKU00188,2024-11-04,100,
SKU00188,2024-11-11,81,
SKU00188,2024-11-18,87,
SKU00188,2024-11-25,83,
SKU00188,2024-12-02,91,
SKU00188,2024-12-09,103,
SKU00188,2024-12-16,92,
SKU00188,2024-12-23,127,
SKU00188,2024-12-30,33,48.0
SKU00188,2025-01-06,69,44.0
SKU00188,2025-01-13,52,49.0
SKU00188,2025-01-20,41,33.0
SKU00188,2025-01-27,45,54.0
SKU00188,2025-02-03,36,42.0
SKU00188,2025-02-10,29,26.0
SKU00188,2025-02-17,64,32.0
SKU00188,2025-02-24,42,61.0
SKU00188,2025-03-03,83,43.0
SKU00188,2025-03-10,42,31.0
SKU00188,2025-03-17,38,43.0
SKU00188,2025-03-24,39,86.0
SKU00188,2025-03-31,56,44.0
SKU00188,2025-04-07,38,70.0
SKU00188,2025-04-14,56,46.0
SKU00188,2025-04-21,55,46.0
SKU00188,2025-04-28,68,44.0
SKU00188,2025-05-05,68,65.0
SKU00188,2025-05-12,55,39.0
SKU00188,2025-05-19,58,74.0
SKU00188,2025-05-26,57,29.0
SKU00188,2025-06-02,44,58.0
SKU00188,2025-06-09,83,68.0
SKU00188,2025-06-16,72,61.0
SKU00188,2025-06-23,18,95.0
SKU00188,2025-06-30,35,46.0
SKU00188,2025-07-07,87,46.0
SKU00188,2025-07-14,38,17.0
SKU00188,2025-07-21,34,38.0
SKU00188,2025-07-28,52,34.0
SKU00188,2025-08-04,56,78.0
SKU00188,2025-08-11,33,59.0
SKU00188,2025-08-18,32,49.0
SKU00188,2025-08-25,24,75.0
SKU00188,2025-09-01,61,52.0
SKU00188,2025-09-08,86,62.0
SKU00188,2025-09-15,90,49.0
SKU00188,2025-09-22,53,56.0
SKU00188,2025-09-29,68,66.0
SKU00188,2025-10-06,59,62.0
SKU00188,2025-10-13,59,47.0
SKU00188,2025-10-20,35,44.0
SKU00188,2025-10-27,53,60.0
SKU00188,2025-11-03,81,100.0
SKU00188,2025-11-10,66,81.0
SKU00188,2025-11-17,87,87.0
SKU00188,2025-11-24,52,83.0
SKU00188,2025-12-01,83,91.0
SKU00188,2025-12-08,105,103.0
SKU00188,2025-12-15,109,92.0
SKU00188,2025-12-22,105,127.0
SKU00188,2025-12-29,50,33.0
SKU00189,2024-01-01,51,
SKU00189,2024-01-08,68,
SKU00189,2024-01-15,56,
SKU00189,2024-01-22,50,
SKU00189,2024-01-29,50,
SKU00189,2024-02-05,47,
SKU00189,2024-02-12,34,
SKU00189,2024-02-19,36,
SKU00189,2024-02-26,35,
SKU00189,2024-03-04,45,
SKU00189,2024-03-11,20,
SKU00189,2024-03-18,42,
SKU00189,2024-03-25,69,
SKU00189,2024-04-01,48,
SKU00189,2024-04-08,53,
SKU00189,2024-04-15,80,
SKU00189,2024-04-22,47,
SKU00189,2024-04-29,45,
SKU00189,2024-05-06,44,
SKU00189,2024-05-13,58,
SKU00189,2024-05-20,60,
SKU00189,2024-05-27,52,
SKU00189,2024-06-03,34,
SKU00189,2024-06-10,70,
SKU00189,2024-06-17,78,
SKU00189,2024-06-24,47,
SKU00189,2024-07-01,35,
SKU00189,2024-07-08,52,
SKU00189,2024-07-15,92,
SKU00189,2024-07-22,70,
SKU00189,2024-07-29,67,
SKU00189,2024-08-05,79,
SKU00189,2024-08-12,62,
SKU00189,2024-08-19,73,
SKU00189,2024-08-26,58,
SKU00189,2024-09-02,61,
SKU00189,2024-09-09,37,
SKU00189,2024-09-16,37,
SKU00189,2024-09-23,23,
SKU00189,2024-09-30,85,
SKU00189,2024-10-07,67,
SKU00189,2024-10-14,53,
SKU00189,2024-10-21,36,
SKU00189,2024-10-28,93,
SKU00189,2024-11-04,79,
SKU00189,2024-11-11,94,
SKU00189,2024-11-18,66,
SKU00189,2024-11-25,64,
SKU00189,2024-12-02,107,
SKU00189,2024-12-09,89,
SKU00189,2024-12-16,115,
SKU00189,2024-12-23,83,
SKU00189,2024-12-30,79,51.0
SKU00189,2025-01-06,69,68.0
SKU00189,2025-01-13,41,56.0
SKU00189,2025-01-20,35,50.0
SKU00189,2025-01-27,66,50.0
SKU00189,2025-02-03,68,47.0
SKU00189,2025-02-10,72,34.0
SKU00189,2025-02-17,48,36.0
SKU00189,2025-02-24,54,35.0
SKU00189,2025-03-03,49,45.0
SKU00189,2025-03-10,47,20.0
SKU00189,2025-03-17,52,42.0
SKU00189,2025-03-24,71,69.0
SKU00189,2025-03-31,46,48.0
SKU00189,2025-04-07,60,53.0
SKU00189,2025-04-14,96,80.0
SKU00189,2025-04-21,33,47.0
SKU00189,2025-04-28,42,45.0
SKU00189,2025-05-05,52,44.0
SKU00189,2025-05-12,43,58.0
SKU00189,2025-05-19,34,60.0
SKU00189,2025-05-26,63,52.0
SKU00189,2025-06-02,77,34.0
SKU00189,2025-06-09,47,70.0
SKU00189,2025-06-16,57,78.0
SKU00189,2025-06-23,56,47.0
SKU00189,2025-06-30,44,35.0
SKU00189,2025-07-07,44,52.0
SKU00189,2025-07-14,47,92.0
SKU00189,2025-07-21,56,70.0
SKU00189,2025-07-28,47,67.0
SKU00189,2025-08-04,47,79.0
SKU00189,2025-08-11,43,62.0
SKU00189,2025-08-18,61,73.0
SKU00189,2025-08-25,73,58.0
SKU00189,2025-09-01,68,61.0
SKU00189,2025-09-08,56,37.0
SKU00189,2025-09-15,28,37.0
SKU00189,2025-09-22,69,23.0
SKU00189,2025-09-29,59,85.0
SKU00189,2025-10-06,71,67.0
SKU00189,2025-10-13,43,53.0
SKU00189,2025-10-20,51,36.0
SKU00189,2025-10-27,70,93.0
SKU00189,2025-11-03,103,79.0
SKU00189,2025-11-10,85,94.0
SKU00189,2025-11-17,101,66.0
SKU00189,2025-11-24,69,64.0
SKU00189,2025-12-01,52,107.0
SKU00189,2025-12-08,95,89.0
SKU00189,2025-12-15,91,115.0
SKU00189,2025-12-22,97,83.0
SKU00189,2025-12-29,28,79.0
SKU00190,2024-01-01,61,
SKU00190,2024-01-08,69,
SKU00190,2024-01-15,31,
SKU00190,2024-01-22,48,
SKU00190,2024-01-29,68,
SKU00190,2024-02-05,35,
SKU00190,2024-02-12,53,
SKU00190,2024-02-19,58,
SKU00190,2024-02-26,44,
SKU00190,2024-03-04,51,
SKU00190,2024-03-11,37,
SKU00190,2024-03-18,13,
SKU00190,2024-03-25,35,
SKU00190,2024-04-01,52,
SKU00190,2024-04-08,68,
SKU00190,2024-04-15,59,
SKU00190,2024-04-22,65,
SKU00190,2024-04-29,51,
SKU00190,2024-05-06,49,
SKU00190,2024-05-13,88,
SKU00190,2024-05-20,62,
SKU00190,2024-05-27,71,
SKU00190,2024-06-03,20,
SKU00190,2024-06-10,54,
SKU00190,2024-06-17,58,
SKU00190,2024-06-24,54,
SKU00190,2024-07-01,64,
SKU00190,2024-07-08,40,
SKU00190,2024-07-15,42,
SKU00190,2024-07-22,72,
SKU00190,2024-07-29,74,
SKU00190,2024-08-05,49,
SKU00190,2024-08-12,55,
SKU00190,2024-08-19,76,
SKU00190,2024-08-26,59,
SKU00190,2024-09-02,69,
SKU00190,2024-09-09,79,
SKU00190,2024-09-16,52,
SKU00190,2024-09-23,72,
SKU00190,2024-09-30,49,
SKU00190,2024-10-07,78,
SKU00190,2024-10-14,65,
SKU00190,2024-10-21,66,
SKU00190,2024-10-28,89,
SKU00190,2024-11-04,68,
SKU00190,2024-11-11,89,
SKU00190,2024-11-18,83,
SKU00190,2024-11-25,81,
SKU00190,2024-12-02,122,
SKU00190,2024-12-09,125,
SKU00190,2024-12-16,78,
SKU00190,2024-12-23,91,
SKU00190,2024-12-30,75,61.0
SKU00190,2025-01-06,40,69.0
SKU00190,2025-01-13,42,31.0
SKU00190,2025-01-20,62,48.0
SKU00190,2025-01-27,84,68.0
SKU00190,2025-02-03,49,35.0
SKU00190,2025-02-10,66,53.0
SKU00190,2025-02-17,57,58.0
SKU00190,2025-02-24,46,44.0
SKU00190,2025-03-03,56,51.0
SKU00190,2025-03-10,56,37.0
SKU00190,2025-03-17,44,13.0
SKU00190,2025-03-24,52,35.0
SKU00190,2025-03-31,63,52.0
SKU00190,2025-04-07,96,68.0
SKU00190,2025-04-14,56,59.0
SKU00190,2025-04-21,35,65.0
SKU00190,2025-04-28,65,51.0
SKU00190,2025-05-05,50,49.0
SKU00190,2025-05-12,35,88.0
SKU00190,2025-05-19,46,62.0
SKU00190,2025-05-26,60,71.0
SKU00190,2025-06-02,47,20.0
SKU00190,2025-06-09,53,54.0
SKU00190,2025-06-16,52,58.0
SKU00190,2025-06-23,63,54.0
SKU00190,2025-06-30,42,64.0
SKU00190,2025-07-07,39,40.0
SKU00190,2025-07-14,43,42.0
SKU00190,2025-07-21,69,72.0
SKU00190,2025-07-28,33,74.0
SKU00190,2025-08-04,43,49.0
SKU00190,2025-08-11,27,55.0
SKU00190,2025-08-18,49,76.0
SKU00190,2025-08-25,38,59.0
SKU00190,2025-09-01,51,69.0
SKU00190,2025-09-08,51,79.0
SKU00190,2025-09-15,48,52.0
SKU00190,2025-09-22,52,72.0
SKU00190,2025-09-29,57,49.0
SKU00190,2025-10-06,35,78.0
SKU00190,2025-10-13,38,65.0
SKU00190,2025-10-20,53,66.0
SKU00190,2025-10-27,56,89.0
SKU00190,2025-11-03,108,68.0
SKU00190,2025-11-10,75,89.0
SKU00190,2025-11-17,94,83.0
SKU00190,2025-11-24,89,81.0
SKU00190,2025-12-01,98,122.0
SKU00190,2025-12-08,63,125.0
SKU00190,2025-12-15,92,78.0
SKU00190,2025-12-22,77,91.0
SKU00190,2025-12-29,40,75.0
SKU00191,2024-01-01,34,
SKU00191,2024-01-08,64,
SKU00191,2024-01-15,51,
SKU00191,2024-01-22,41,
SKU00191,2024-01-29,42,
SKU00191,2024-02-05,54,
SKU00191,2024-02-12,36,
SKU00191,2024-02-19,18,
SKU00191,2024-02-26,66,
SKU00191,2024-03-04,96,
SKU00191,2024-03-11,60,
SKU00191,2024-03-18,70,
SKU00191,2024-03-25,51,
SKU00191,2024-04-01,30,
SKU00191,2024-04-08,24,
SKU00191,2024-04-15,30,
SKU00191,2024-04-22,45,
SKU00191,2024-04-29,30,
SKU00191,2024-05-06,56,
SKU00191,2024-05-13,39,
SKU00191,2024-05-20,44,
SKU00191,2024-05-27,53,
SKU00191,2024-06-03,41,
SKU00191,2024-06-10,41,
SKU00191,2024-06-17,42,
SKU00191,2024-06-24,33,
SKU00191,2024-07-01,66,
SKU00191,2024-07-08,71,
SKU00191,2024-07-15,53,
SKU00191,2024-07-22,55,
SKU00191,2024-07-29,63,
SKU00191,2024-08-05,50,
SKU00191,2024-08-12,63,
SKU00191,2024-08-19,35,
SKU00191,2024-08-26,57,
SKU00191,2024-09-02,53,
SKU00191,2024-09-09,50,
SKU00191,2024-09-16,74,
SKU00191,2024-09-23,45,
SKU00191,2024-09-30,39,
SKU00191,2024-10-07,54,
SKU00191,2024-10-14,61,
SKU00191,2024-10-21,44,
SKU00191,2024-10-28,61,
SKU00191,2024-11-04,69,
SKU00191,2024-11-11,109,
SKU00191,2024-11-18,78,
SKU00191,2024-11-25,104,
SKU00191,2024-12-02,100,
SKU00191,2024-12-09,96,
SKU00191,2024-12-16,96,
SKU00191,2024-12-23,95,
SKU00191,2024-12-30,53,34.0
SKU00191,2025-01-06,52,64.0
SKU00191,2025-01-13,21,51.0
SKU00191,2025-01-20,50,41.0
SKU00191,2025-01-27,49,42.0
SKU00191,2025-02-03,48,54.0
SKU00191,2025-02-10,67,36.0
SKU00191,2025-02-17,32,18.0
SKU00191,2025-02-24,28,66.0
SKU00191,2025-03-03,35,96.0
SKU00191,2025-03-10,60,60.0
SKU00191,2025-03-17,58,70.0
SKU00191,2025-03-24,50,51.0
SKU00191,2025-03-31,71,30.0
SKU00191,2025-04-07,52,24.0
SKU00191,2025-04-14,42,30.0
SKU00191,2025-04-21,40,45.0
SKU00191,2025-04-28,27,30.0
SKU00191,2025-05-05,41,56.0
SKU00191,2025-05-12,73,39.0
SKU00191,2025-05-19,47,44.0
SKU00191,2025-05-26,75,53.0
SKU00191,2025-06-02,35,41.0
SKU00191,2025-06-09,54,41.0
SKU00191,2025-06-16,62,42.0
SKU00191,2025-06-23,67,33.0
SKU00191,2025-06-30,62,66.0
SKU00191,2025-07-07,33,71.0
SKU00191,2025-07-14,42,53.0
SKU00191,2025-07-21,40,55.0
SKU00191,2025-07-28,50,63.0
SKU00191,2025-08-04,73,50.0
SKU00191,2025-08-11,48,63.0
SKU00191,2025-08-18,65,35.0
SKU00191,2025-08-25,32,57.0
SKU00191,2025-09-01,71,53.0
SKU00191,2025-09-08,35,50.0
SKU00191,2025-09-15,25,74.0
SKU00191,2025-09-22,53,45.0
SKU00191,2025-09-29,70,39.0
SKU00191,2025-10-06,49,54.0
SKU00191,2025-10-13,49,61.0
SKU00191,2025-10-20,63,44.0
SKU00191,2025-10-27,69,61.0
SKU00191,2025-11-03,153,69.0
SKU00191,2025-11-10,121,109.0
SKU00191,2025-11-17,88,78.0
SKU00191,2025-11-24,62,104.0
SKU00191,2025-12-01,87,100.0
SKU00191,2025-12-08,88,96.0
SKU00191,2025-12-15,111,96.0
SKU00191,2025-12-22,94,95.0
SKU00191,2025-12-29,45,53.0
SKU00192,2024-01-01,41,
SKU00192,2024-01-08,48,
SKU00192,2024-01-15,46,
SKU00192,2024-01-22,59,
SKU00192,2024-01-29,42,
SKU00192,2024-02-05,63,
SKU00192,2024-02-12,52,
SKU00192,2024-02-19,35,
SKU00192,2024-02-26,36,
SKU00192,2024-03-04,62,
SKU00192,2024-03-11,39,
SKU00192,2024-03-18,48,
SKU00192,2024-03-25,49,
SKU00192,2024-04-01,57,
SKU00192,2024-04-08,39,
SKU00192,2024-04-15,61,
SKU00192,2024-04-22,25,
SKU00192,2024-04-29,39,
SKU00192,2024-05-06,46,
SKU00192,2024-05-13,85,
SKU00192,2024-05-20,39,
SKU00192,2024-05-27,50,
SKU00192,2024-06-03,56,
SKU00192,2024-06-10,40,
SKU00192,2024-06-17,48,
SKU00192,2024-06-24,55,
SKU00192,2024-07-01,94,
SKU00192,2024-07-08,42,
SKU00192,2024-07-15,48,
SKU00192,2024-07-22,62,
SKU00192,2024-07-29,71,
SKU00192,2024-08-05,35,
SKU00192,2024-08-12,45,
SKU00192,2024-08-19,46,
SKU00192,2024-08-26,37,
SKU00192,2024-09-02,42,
SKU00192,2024-09-09,38,
SKU00192,2024-09-16,61,
SKU00192,2024-09-23,34,
SKU00192,2024-09-30,52,
SKU00192,2024-10-07,28,
SKU00192,2024-10-14,39,
SKU00192,2024-10-21,49,
SKU00192,2024-10-28,62,
SKU00192,2024-11-04,89,
SKU00192,2024-11-11,103,
SKU00192,2024-11-18,60,
SKU00192,2024-11-25,86,
SKU00192,2024-12-02,106,
SKU00192,2024-12-09,61,
SKU00192,2024-12-16,76,
SKU00192,2024-12-23,75,
SKU00192,2024-12-30,95,41.0
SKU00192,2025-01-06,53,48.0
SKU00192,2025-01-13,54,46.0
SKU00192,2025-01-20,32,59.0
SKU00192,2025-01-27,67,42.0
SKU00192,2025-02-03,83,63.0
SKU00192,2025-02-10,35,52.0
SKU00192,2025-02-17,39,35.0
SKU00192,2025-02-24,53,36.0
SKU00192,2025-03-03,57,62.0
SKU00192,2025-03-10,50,39.0
SKU00192,2025-03-17,31,48.0
SKU00192,2025-03-24,55,49.0
SKU00192,2025-03-31,66,57.0
SKU00192,2025-04-07,65,39.0
SKU00192,2025-04-14,78,61.0
SKU00192,2025-04-21,34,25.0
SKU00192,2025-04-28,48,39.0
SKU00192,2025-05-05,60,46.0
SKU00192,2025-05-12,73,85.0
SKU00192,2025-05-19,36,39.0
SKU00192,2025-05-26,44,50.0
SKU00192,2025-06-02,51,56.0
SKU00192,2025-06-09,54,40.0
SKU00192,2025-06-16,59,48.0
SKU00192,2025-06-23,59,55.0
SKU00192,2025-06-30,41,94.0
SKU00192,2025-07-07,54,42.0
SKU00192,2025-07-14,55,48.0
SKU00192,2025-07-21,71,62.0
SKU00192,2025-07-28,51,71.0
SKU00192,2025-08-04,47,35.0
SKU00192,2025-08-11,43,45.0
SKU00192,2025-08-18,49,46.0
SKU00192,2025-08-25,68,37.0
SKU00192,2025-09-01,54,42.0
SKU00192,2025-09-08,35,38.0
SKU00192,2025-09-15,50,61.0
SKU00192,2025-09-22,88,34.0
SKU00192,2025-09-29,67,52.0
SKU00192,2025-10-06,67,28.0
SKU00192,2025-10-13,21,39.0
SKU00192,2025-10-20,60,49.0
SKU00192,2025-10-27,67,62.0
SKU00192,2025-11-03,107,89.0
SKU00192,2025-11-10,54,103.0
SKU00192,2025-11-17,125,60.0
SKU00192,2025-11-24,61,86.0
SKU00192,2025-12-01,71,106.0
SKU00192,2025-12-08,83,61.0
SKU00192,2025-12-15,80,76.0
SKU00192,2025-12-22,70,75.0
SKU00192,2025-12-29,63,95.0
SKU00193,2024-01-01,66,
SKU00193,2024-01-08,62,
SKU00193,2024-01-15,40,
SKU00193,2024-01-22,65,
SKU00193,2024-01-29,75,
SKU00193,2024-02-05,32,
SKU00193,2024-02-12,35,
SKU00193,2024-02-19,52,
SKU00193,2024-02-26,69,
SKU00193,2024-03-04,62,
SKU00193,2024-03-11,72,
SKU00193,2024-03-18,71,
SKU00193,2024-03-25,55,
SKU00193,2024-04-01,66,
SKU00193,2024-04-08,40,
SKU00193,2024-04-15,70,
SKU00193,2024-04-22,68,
SKU00193,2024-04-29,75,
SKU00193,2024-05-06,47,
SKU00193,2024-05-13,61,
SKU00193,2024-05-20,77,
SKU00193,2024-05-27,49,
SKU00193,2024-06-03,55,
SKU00193,2024-06-10,74,
SKU00193,2024-06-17,73,
SKU00193,2024-06-24,50,
SKU00193,2024-07-01,54,
SKU00193,2024-07-08,44,
SKU00193,2024-07-15,83,
SKU00193,2024-07-22,57,
SKU00193,2024-07-29,75,
SKU00193,2024-08-05,46,
SKU00193,2024-08-12,67,
SKU00193,2024-08-19,57,
SKU00193,2024-08-26,61,
SKU00193,2024-09-02,57,
SKU00193,2024-09-09,45,
SKU00193,2024-09-16,38,
SKU00193,2024-09-23,75,
SKU00193,2024-09-30,61,
SKU00193,2024-10-07,50,
SKU00193,2024-10-14,60,
SKU00193,2024-10-21,59,
SKU00193,2024-10-28,74,
SKU00193,2024-11-04,71,
SKU00193,2024-11-11,87,
SKU00193,2024-11-18,64,
SKU00193,2024-11-25,89,
SKU00193,2024-12-02,36,
SKU00193,2024-12-09,68,
SKU00193,2024-12-16,102,
SKU00193,2024-12-23,43,
SKU00193,2024-12-30,58,66.0
SKU00193,2025-01-06,55,62.0
SKU00193,2025-01-13,51,40.0
SKU00193,2025-01-20,56,65.0
SKU00193,2025-01-27,45,75.0
SKU00193,2025-02-03,58,32.0
SKU00193,2025-02-10,59,35.0
SKU00193,2025-02-17,52,52.0
SKU00193,2025-02-24,43,69.0
SKU00193,2025-03-03,29,62.0
SKU00193,2025-03-10,60,72.0
SKU00193,2025-03-17,29,71.0
SKU00193,2025-03-24,52,55.0
SKU00193,2025-03-31,44,66.0
SKU00193,2025-04-07,88,40.0
SKU00193,2025-04-14,55,70.0
SKU00193,2025-04-21,45,68.0
SKU00193,2025-04-28,48,75.0
SKU00193,2025-05-05,83,47.0
SKU00193,2025-05-12,32,61.0
SKU00193,2025-05-19,34,77.0
SKU00193,2025-05-26,79,49.0
SKU00193,2025-06-02,56,55.0
SKU00193,2025-06-09,45,74.0
SKU00193,2025-06-16,44,73.0
SKU00193,2025-06-23,45,50.0
SKU00193,2025-06-30,88,54.0
SKU00193,2025-07-07,79,44.0
SKU00193,2025-07-14,50,83.0
SKU00193,2025-07-21,64,57.0
SKU00193,2025-07-28,56,75.0
SKU00193,2025-08-04,53,46.0
SKU00193,2025-08-11,33,67.0
SKU00193,2025-08-18,44,57.0
SKU00193,2025-08-25,48,61.0
SKU00193,2025-09-01,53,57.0
SKU00193,2025-09-08,60,45.0
SKU00193,2025-09-15,36,38.0
SKU00193,2025-09-22,58,75.0
SKU00193,2025-09-29,42,61.0
SKU00193,2025-10-06,64,50.0
SKU00193,2025-10-13,44,60.0
SKU00193,2025-10-20,53,59.0
SKU00193,2025-10-27,79,74.0
SKU00193,2025-11-03,139,71.0
SKU00193,2025-11-10,93,87.0
SKU00193,2025-11-17,94,64.0
SKU00193,2025-11-24,75,89.0
SKU00193,2025-12-01,89,36.0
SKU00193,2025-12-08,57,68.0
SKU00193,2025-12-15,91,102.0
SKU00193,2025-12-22,156,43.0
SKU00193,2025-12-29,28,58.0
SKU00194,2024-01-01,72,
SKU00194,2024-01-08,70,
SKU00194,2024-01-15,51,
SKU00194,2024-01-22,43,
SKU00194,2024-01-29,78,
SKU00194,2024-02-05,45,
SKU00194,2024-02-12,51,
SKU00194,2024-02-19,39,
SKU00194,2024-02-26,49,
SKU00194,2024-03-04,42,
SKU00194,2024-03-11,36,
SKU00194,2024-03-18,55,
SKU00194,2024-03-25,41,
SKU00194,2024-04-01,82,
SKU00194,2024-04-08,63,
SKU00194,2024-04-15,67,
SKU00194,2024-04-22,42,
SKU00194,2024-04-29,58,
SKU00194,2024-05-06,66,
SKU00194,2024-05-13,58,
SKU00194,2024-05-20,42,
SKU00194,2024-05-27,55,
SKU00194,2024-06-03,59,
SKU00194,2024-06-10,60,
SKU00194,2024-06-17,28,
SKU00194,2024-06-24,37,
SKU00194,2024-07-01,55,
SKU00194,2024-07-08,46,
SKU00194,2024-07-15,41,
SKU00194,2024-07-22,56,
SKU00194,2024-07-29,47,
SKU00194,2024-08-05,51,
SKU00194,2024-08-12,64,
SKU00194,2024-08-19,42,
SKU00194,2024-08-26,62,
SKU00194,2024-09-02,34,
SKU00194,2024-09-09,45,
SKU00194,2024-09-16,45,
SKU00194,2024-09-23,33,
SKU00194,2024-09-30,46,
SKU00194,2024-10-07,67,
SKU00194,2024-10-14,65,
SKU00194,2024-10-21,46,
SKU00194,2024-10-28,69,
SKU00194,2024-11-04,84,
SKU00194,2024-11-11,94,
SKU00194,2024-11-18,73,
SKU00194,2024-11-25,68,
SKU00194,2024-12-02,81,
SKU00194,2024-12-09,87,
SKU00194,2024-12-16,118,
SKU00194,2024-12-23,113,
SKU00194,2024-12-30,47,72.0
SKU00194,2025-01-06,42,70.0
SKU00194,2025-01-13,51,51.0
SKU00194,2025-01-20,65,43.0
SKU00194,2025-01-27,49,78.0
SKU00194,2025-02-03,59,45.0
SKU00194,2025-02-10,37,51.0
SKU00194,2025-02-17,69,39.0
SKU00194,2025-02-24,42,49.0
SKU00194,2025-03-03,44,42.0
SKU00194,2025-03-10,66,36.0
SKU00194,2025-03-17,52,55.0
SKU00194,2025-03-24,54,41.0
SKU00194,2025-03-31,73,82.0
SKU00194,2025-04-07,56,63.0
SKU00194,2025-04-14,57,67.0
SKU00194,2025-04-21,54,42.0
SKU00194,2025-04-28,50,58.0
SKU00194,2025-05-05,48,66.0
SKU00194,2025-05-12,45,58.0
SKU00194,2025-05-19,52,42.0
SKU00194,2025-05-26,101,55.0
SKU00194,2025-06-02,50,59.0
SKU00194,2025-06-09,65,60.0
SKU00194,2025-06-16,46,28.0
SKU00194,2025-06-23,40,37.0
SKU00194,2025-06-30,44,55.0
SKU00194,2025-07-07,72,46.0
SKU00194,2025-07-14,50,41.0
SKU00194,2025-07-21,34,56.0
SKU00194,2025-07-28,32,47.0
SKU00194,2025-08-04,46,51.0
SKU00194,2025-08-11,61,64.0
SKU00194,2025-08-18,99,42.0
SKU00194,2025-08-25,40,62.0
SKU00194,2025-09-01,83,34.0
SKU00194,2025-09-08,26,45.0
SKU00194,2025-09-15,30,45.0
SKU00194,2025-09-22,39,33.0
SKU00194,2025-09-29,66,46.0
SKU00194,2025-10-06,63,67.0
SKU00194,2025-10-13,49,65.0
SKU00194,2025-10-20,75,46.0
SKU00194,2025-10-27,89,69.0
SKU00194,2025-11-03,85,84.0
SKU00194,2025-11-10,79,94.0
SKU00194,2025-11-17,112,73.0
SKU00194,2025-11-24,103,68.0
SKU00194,2025-12-01,70,81.0
SKU00194,2025-12-08,82,87.0
SKU00194,2025-12-15,70,118.0
SKU00194,2025-12-22,95,113.0
SKU00194,2025-12-29,33,47.0
SKU00195,2024-01-01,41,
SKU00195,2024-01-08,44,
SKU00195,2024-01-15,44,
SKU00195,2024-01-22,37,
SKU00195,2024-01-29,65,
SKU00195,2024-02-05,45,
SKU00195,2024-02-12,80,
SKU00195,2024-02-19,39,
SKU00195,2024-02-26,46,
SKU00195,2024-03-04,21,
SKU00195,2024-03-11,44,
SKU00195,2024-03-18,28,
SKU00195,2024-03-25,72,
SKU00195,2024-04-01,47,
SKU00195,2024-04-08,46,
SKU00195,2024-04-15,61,
SKU00195,2024-04-22,45,
SKU00195,2024-04-29,44,
SKU00195,2024-05-06,56,
SKU00195,2024-05-13,57,
SKU00195,2024-05-20,46,
SKU00195,2024-05-27,39,
SKU00195,2024-06-03,112,
SKU00195,2024-06-10,51,
SKU00195,2024-06-17,50,
SKU00195,2024-06-24,52,
SKU00195,2024-07-01,55,
SKU00195,2024-07-08,50,
SKU00195,2024-07-15,77,
SKU00195,2024-07-22,80,
SKU00195,2024-07-29,80,
SKU00195,2024-08-05,68,
SKU00195,2024-08-12,55,
SKU00195,2024-08-19,35,
SKU00195,2024-08-26,47,
SKU00195,2024-09-02,49,
SKU00195,2024-09-09,49,
SKU00195,2024-09-16,46,
SKU00195,2024-09-23,68,
SKU00195,2024-09-30,59,
SKU00195,2024-10-07,30,
SKU00195,2024-10-14,61,
SKU00195,2024-10-21,17,
SKU00195,2024-10-28,88,
SKU00195,2024-11-04,126,
SKU00195,2024-11-11,106,
SKU00195,2024-11-18,104,
SKU00195,2024-11-25,125,
SKU00195,2024-12-02,63,
SKU00195,2024-12-09,77,
SKU00195,2024-12-16,57,
SKU00195,2024-12-23,105,
SKU00195,2024-12-30,86,41.0
SKU00195,2025-01-06,72,44.0
SKU00195,2025-01-13,29,44.0
SKU00195,2025-01-20,28,37.0
SKU00195,2025-01-27,68,65.0
SKU00195,2025-02-03,39,45.0
SKU00195,2025-02-10,59,80.0
SKU00195,2025-02-17,59,39.0
SKU00195,2025-02-24,77,46.0
SKU00195,2025-03-03,22,21.0
SKU00195,2025-03-10,97,44.0
SKU00195,2025-03-17,45,28.0
SKU00195,2025-03-24,87,72.0
SKU00195,2025-03-31,77,47.0
SKU00195,2025-04-07,23,46.0
SKU00195,2025-04-14,33,61.0
SKU00195,2025-04-21,46,45.0
SKU00195,2025-04-28,76,44.0
SKU00195,2025-05-05,63,56.0
SKU00195,2025-05-12,65,57.0
SKU00195,2025-05-19,51,46.0
SKU00195,2025-05-26,59,39.0
SKU00195,2025-06-02,61,112.0
SKU00195,2025-06-09,51,51.0
SKU00195,2025-06-16,45,50.0
SKU00195,2025-06-23,79,52.0
SKU00195,2025-06-30,45,55.0
SKU00195,2025-07-07,37,50.0
SKU00195,2025-07-14,59,77.0
SKU00195,2025-07-21,35,80.0
SKU00195,2025-07-28,23,80.0
SKU00195,2025-08-04,51,68.0
SKU00195,2025-08-11,34,55.0
SKU00195,2025-08-18,56,35.0
SKU00195,2025-08-25,49,47.0
SKU00195,2025-09-01,36,49.0
SKU00195,2025-09-08,51,49.0
SKU00195,2025-09-15,48,46.0
SKU00195,2025-09-22,41,68.0
SKU00195,2025-09-29,54,59.0
SKU00195,2025-10-06,42,30.0
SKU00195,2025-10-13,49,61.0
SKU00195,2025-10-20,45,17.0
SKU00195,2025-10-27,93,88.0
SKU00195,2025-11-03,70,126.0
SKU00195,2025-11-10,87,106.0
SKU00195,2025-11-17,88,104.0
SKU00195,2025-11-24,86,125.0
SKU00195,2025-12-01,106,63.0
SKU00195,2025-12-08,62,77.0
SKU00195,2025-12-15,78,57.0
SKU00195,2025-12-22,132,105.0
SKU00195,2025-12-29,29,86.0
SKU00196,2024-01-01,43,
SKU00196,2024-01-08,91,
SKU00196,2024-01-15,16,
SKU00196,2024-01-22,43,
SKU00196,2024-01-29,42,
SKU00196,2024-02-05,40,
SKU00196,2024-02-12,72,
SKU00196,2024-02-19,50,
SKU00196,2024-02-26,79,
SKU00196,2024-03-04,90,
SKU00196,2024-03-11,42,
SKU00196,2024-03-18,51,
SKU00196,2024-03-25,29,
SKU00196,2024-04-01,47,
SKU00196,2024-04-08,32,
SKU00196,2024-04-15,50,
SKU00196,2024-04-22,87,
SKU00196,2024-04-29,51,
SKU00196,2024-05-06,45,
SKU00196,2024-05-13,42,
SKU00196,2024-05-20,37,
SKU00196,2024-05-27,33,
SKU00196,2024-06-03,46,
SKU00196,2024-06-10,67,
SKU00196,2024-06-17,59,
SKU00196,2024-06-24,51,
SKU00196,2024-07-01,52,
SKU00196,2024-07-08,49,
SKU00196,2024-07-15,18,
SKU00196,2024-07-22,66,
SKU00196,2024-07-29,53,
SKU00196,2024-08-05,58,
SKU00196,2024-08-12,62,
SKU00196,2024-08-19,43,
SKU00196,2024-08-26,72,
SKU00196,2024-09-02,41,
SKU00196,2024-09-09,52,
SKU00196,2024-09-16,19,
SKU00196,2024-09-23,40,
SKU00196,2024-09-30,40,
SKU00196,2024-10-07,78,
SKU00196,2024-10-14,51,
SKU00196,2024-10-21,50,
SKU00196,2024-10-28,87,
SKU00196,2024-11-04,103,
SKU00196,2024-11-11,102,
SKU00196,2024-11-18,81,
SKU00196,2024-11-25,77,
SKU00196,2024-12-02,77,
SKU00196,2024-12-09,74,
SKU00196,2024-12-16,62,
SKU00196,2024-12-23,80,
SKU00196,2024-12-30,71,43.0
SKU00196,2025-01-06,47,91.0
SKU00196,2025-01-13,27,16.0
SKU00196,2025-01-20,59,43.0
SKU00196,2025-01-27,64,42.0
SKU00196,2025-02-03,26,40.0
SKU00196,2025-02-10,91,72.0
SKU00196,2025-02-17,64,50.0
SKU00196,2025-02-24,61,79.0
SKU00196,2025-03-03,67,90.0
SKU00196,2025-03-10,82,42.0
SKU00196,2025-03-17,87,51.0
SKU00196,2025-03-24,25,29.0
SKU00196,2025-03-31,33,47.0
SKU00196,2025-04-07,35,32.0
SKU00196,2025-04-14,66,50.0
SKU00196,2025-04-21,95,87.0
SKU00196,2025-04-28,41,51.0
SKU00196,2025-05-05,45,45.0
SKU00196,2025-05-12,57,42.0
SKU00196,2025-05-19,63,37.0
SKU00196,2025-05-26,49,33.0
SKU00196,2025-06-02,75,46.0
SKU00196,2025-06-09,50,67.0
SKU00196,2025-06-16,51,59.0
SKU00196,2025-06-23,54,51.0
SKU00196,2025-06-30,48,52.0
SKU00196,2025-07-07,84,49.0
SKU00196,2025-07-14,37,18.0
SKU00196,2025-07-21,55,66.0
SKU00196,2025-07-28,68,53.0
SKU00196,2025-08-04,36,58.0
SKU00196,2025-08-11,72,62.0
SKU00196,2025-08-18,65,43.0
SKU00196,2025-08-25,53,72.0
SKU00196,2025-09-01,64,41.0
SKU00196,2025-09-08,40,52.0
SKU00196,2025-09-15,72,19.0
SKU00196,2025-09-22,88,40.0
SKU00196,2025-09-29,57,40.0
SKU00196,2025-10-06,35,78.0
SKU00196,2025-10-13,83,51.0
SKU00196,2025-10-20,39,50.0
SKU00196,2025-10-27,59,87.0
SKU00196,2025-11-03,77,103.0
SKU00196,2025-11-10,57,102.0
SKU00196,2025-11-17,52,81.0
SKU00196,2025-11-24,75,77.0
SKU00196,2025-12-01,90,77.0
SKU00196,2025-12-08,87,74.0
SKU00196,2025-12-15,93,62.0
SKU00196,2025-12-22,82,80.0
SKU00196,2025-12-29,22,71.0
SKU00197,2024-01-01,14,
SKU00197,2024-01-08,48,
SKU00197,2024-01-15,32,
SKU00197,2024-01-22,65,
SKU00197,2024-01-29,38,
SKU00197,2024-02-05,30,
SKU00197,2024-02-12,55,
SKU00197,2024-02-19,21,
SKU00197,2024-02-26,58,
SKU00197,2024-03-04,69,
SKU00197,2024-03-11,61,
SKU00197,2024-03-18,41,
SKU00197,2024-03-25,82,
SKU00197,2024-04-01,42,
SKU00197,2024-04-08,62,
SKU00197,2024-04-15,94,
SKU00197,2024-04-22,36,
SKU00197,2024-04-29,49,
SKU00197,2024-05-06,54,
SKU00197,2024-05-13,61,
SKU00197,2024-05-20,43,
SKU00197,2024-05-27,40,
SKU00197,2024-06-03,31,
SKU00197,2024-06-10,69,
SKU00197,2024-06-17,67,
SKU00197,2024-06-24,29,
SKU00197,2024-07-01,50,
SKU00197,2024-07-08,47,
SKU00197,2024-07-15,55,
SKU00197,2024-07-22,32,
SKU00197,2024-07-29,62,
SKU00197,2024-08-05,45,
SKU00197,2024-08-12,57,
SKU00197,2024-08-19,42,
SKU00197,2024-08-26,38,
SKU00197,2024-09-02,85,
SKU00197,2024-09-09,40,
SKU00197,2024-09-16,61,
SKU00197,2024-09-23,62,
SKU00197,2024-09-30,64,
SKU00197,2024-10-07,63,
SKU00197,2024-10-14,50,
SKU00197,2024-10-21,38,
SKU00197,2024-10-28,65,
SKU00197,2024-11-04,75,
SKU00197,2024-11-11,103,
SKU00197,2024-11-18,122,
SKU00197,2024-11-25,73,
SKU00197,2024-12-02,68,
SKU00197,2024-12-09,146,
SKU00197,2024-12-16,80,
SKU00197,2024-12-23,67,
SKU00197,2024-12-30,34,14.0
SKU00197,2025-01-06,46,48.0
SKU00197,2025-01-13,55,32.0
SKU00197,2025-01-20,40,65.0
SKU00197,2025-01-27,20,38.0
SKU00197,2025-02-03,29,30.0
SKU00197,2025-02-10,53,55.0
SKU00197,2025-02-17,41,21.0
SKU00197,2025-02-24,31,58.0
SKU00197,2025-03-03,92,69.0
SKU00197,2025-03-10,52,61.0
SKU00197,2025-03-17,56,41.0
SKU00197,2025-03-24,60,82.0
SKU00197,2025-03-31,65,42.0
SKU00197,2025-04-07,53,62.0
SKU00197,2025-04-14,79,94.0
SKU00197,2025-04-21,44,36.0
SKU00197,2025-04-28,91,49.0
SKU00197,2025-05-05,54,54.0
SKU00197,2025-05-12,70,61.0
SKU00197,2025-05-19,71,43.0
SKU00197,2025-05-26,49,40.0
SKU00197,2025-06-02,66,31.0
SKU00197,2025-06-09,73,69.0
SKU00197,2025-06-16,50,67.0
SKU00197,2025-06-23,37,29.0
SKU00197,2025-06-30,36,50.0
SKU00197,2025-07-07,36,47.0
SKU00197,2025-07-14,41,55.0
SKU00197,2025-07-21,65,32.0
SKU00197,2025-07-28,47,62.0
SKU00197,2025-08-04,36,45.0
SKU00197,2025-08-11,59,57.0
SKU00197,2025-08-18,66,42.0
SKU00197,2025-08-25,73,38.0
SKU00197,2025-09-01,71,85.0
SKU00197,2025-09-08,66,40.0
SKU00197,2025-09-15,44,61.0
SKU00197,2025-09-22,73,62.0
SKU00197,2025-09-29,65,64.0
SKU00197,2025-10-06,56,63.0
SKU00197,2025-10-13,82,50.0
SKU00197,2025-10-20,53,38.0
SKU00197,2025-10-27,35,65.0
SKU00197,2025-11-03,117,75.0
SKU00197,2025-11-10,87,103.0
SKU00197,2025-11-17,74,122.0
SKU00197,2025-11-24,98,73.0
SKU00197,2025-12-01,87,68.0
SKU00197,2025-12-08,68,146.0
SKU00197,2025-12-15,109,80.0
SKU00197,2025-12-22,73,67.0
SKU00197,2025-12-29,42,34.0
SKU00198,2024-01-01,42,
SKU00198,2024-01-08,45,
SKU00198,2024-01-15,67,
SKU00198,2024-01-22,20,
SKU00198,2024-01-29,49,
SKU00198,2024-02-05,22,
SKU00198,2024-02-12,46,
SKU00198,2024-02-19,39,
SKU00198,2024-02-26,69,
SKU00198,2024-03-04,73,
SKU00198,2024-03-11,58,
SKU00198,2024-03-18,56,
SKU00198,2024-03-25,61,
SKU00198,2024-04-01,51,
SKU00198,2024-04-08,37,
SKU00198,2024-04-15,73,
SKU00198,2024-04-22,58,
SKU00198,2024-04-29,41,
SKU00198,2024-05-06,41,
SKU00198,2024-05-13,74,
SKU00198,2024-05-20,45,
SKU00198,2024-05-27,30,
SKU00198,2024-06-03,26,
SKU00198,2024-06-10,43,
SKU00198,2024-06-17,42,
SKU00198,2024-06-24,49,
SKU00198,2024-07-01,45,
SKU00198,2024-07-08,54,
SKU00198,2024-07-15,31,
SKU00198,2024-07-22,46,
SKU00198,2024-07-29,41,
SKU00198,2024-08-05,47,
SKU00198,2024-08-12,70,
SKU00198,2024-08-19,63,
SKU00198,2024-08-26,71,
SKU00198,2024-09-02,77,
SKU00198,2024-09-09,33,
SKU00198,2024-09-16,60,
SKU00198,2024-09-23,102,
SKU00198,2024-09-30,44,
SKU00198,2024-10-07,55,
SKU00198,2024-10-14,60,
SKU00198,2024-10-21,48,
SKU00198,2024-10-28,57,
SKU00198,2024-11-04,101,
SKU00198,2024-11-11,122,
SKU00198,2024-11-18,81,
SKU00198,2024-11-25,65,
SKU00198,2024-12-02,79,
SKU00198,2024-12-09,60,
SKU00198,2024-12-16,83,
SKU00198,2024-12-23,75,
SKU00198,2024-12-30,62,42.0
SKU00198,2025-01-06,48,45.0
SKU00198,2025-01-13,68,67.0
SKU00198,2025-01-20,59,20.0
SKU00198,2025-01-27,32,49.0
SKU00198,2025-02-03,73,22.0
SKU00198,2025-02-10,38,46.0
SKU00198,2025-02-17,64,39.0
SKU00198,2025-02-24,60,69.0
SKU00198,2025-03-03,65,73.0
SKU00198,2025-03-10,74,58.0
SKU00198,2025-03-17,86,56.0
SKU00198,2025-03-24,60,61.0
SKU00198,2025-03-31,52,51.0
SKU00198,2025-04-07,31,37.0
SKU00198,2025-04-14,76,73.0
SKU00198,2025-04-21,60,58.0
SKU00198,2025-04-28,61,41.0
SKU00198,2025-05-05,43,41.0
SKU00198,2025-05-12,79,74.0
SKU00198,2025-05-19,54,45.0
SKU00198,2025-05-26,46,30.0
SKU00198,2025-06-02,56,26.0
SKU00198,2025-06-09,96,43.0
SKU00198,2025-06-16,46,42.0
SKU00198,2025-06-23,33,49.0
SKU00198,2025-06-30,67,45.0
SKU00198,2025-07-07,51,54.0
SKU00198,2025-07-14,99,31.0
SKU00198,2025-07-21,22,46.0
SKU00198,2025-07-28,65,41.0
SKU00198,2025-08-04,55,47.0
SKU00198,2025-08-11,69,70.0
SKU00198,2025-08-18,47,63.0
SKU00198,2025-08-25,46,71.0
SKU00198,2025-09-01,51,77.0
SKU00198,2025-09-08,104,33.0
SKU00198,2025-09-15,60,60.0
SKU00198,2025-09-22,46,102.0
SKU00198,2025-09-29,65,44.0
SKU00198,2025-10-06,45,55.0
SKU00198,2025-10-13,79,60.0
SKU00198,2025-10-20,47,48.0
SKU00198,2025-10-27,46,57.0
SKU00198,2025-11-03,80,101.0
SKU00198,2025-11-10,91,122.0
SKU00198,2025-11-17,101,81.0
SKU00198,2025-11-24,70,65.0
SKU00198,2025-12-01,80,79.0
SKU00198,2025-12-08,67,60.0
SKU00198,2025-12-15,82,83.0
SKU00198,2025-12-22,101,75.0
SKU00198,2025-12-29,55,62.0
SKU00199,2024-01-01,75,
SKU00199,2024-01-08,33,
SKU00199,2024-01-15,48,
SKU00199,2024-01-22,35,
SKU00199,2024-01-29,52,
SKU00199,2024-02-05,69,
SKU00199,2024-02-12,51,
SKU00199,2024-02-19,49,
SKU00199,2024-02-26,41,
SKU00199,2024-03-04,89,
SKU00199,2024-03-11,42,
SKU00199,2024-03-18,79,
SKU00199,2024-03-25,56,
SKU00199,2024-04-01,58,
SKU00199,2024-04-08,59,
SKU00199,2024-04-15,85,
SKU00199,2024-04-22,40,
SKU00199,2024-04-29,44,
SKU00199,2024-05-06,39,
SKU00199,2024-05-13,46,
SKU00199,2024-05-20,57,
SKU00199,2024-05-27,75,
SKU00199,2024-06-03,40,
SKU00199,2024-06-10,44,
SKU00199,2024-06-17,46,
SKU00199,2024-06-24,68,
SKU00199,2024-07-01,79,
SKU00199,2024-07-08,24,
SKU00199,2024-07-15,74,
SKU00199,2024-07-22,32,
SKU00199,2024-07-29,52,
SKU00199,2024-08-05,73,
SKU00199,2024-08-12,34,
SKU00199,2024-08-19,89,
SKU00199,2024-08-26,56,
SKU00199,2024-09-02,44,
SKU00199,2024-09-09,38,
SKU00199,2024-09-16,77,
SKU00199,2024-09-23,75,
SKU00199,2024-09-30,65,
SKU00199,2024-10-07,55,
SKU00199,2024-10-14,32,
SKU00199,2024-10-21,74,
SKU00199,2024-10-28,44,
SKU00199,2024-11-04,53,
SKU00199,2024-11-11,97,
SKU00199,2024-11-18,76,
SKU00199,2024-11-25,79,
SKU00199,2024-12-02,55,
SKU00199,2024-12-09,80,
SKU00199,2024-12-16,77,
SKU00199,2024-12-23,66,
SKU00199,2024-12-30,81,75.0
SKU00199,2025-01-06,46,33.0
SKU00199,2025-01-13,66,48.0
SKU00199,2025-01-20,54,35.0
SKU00199,2025-01-27,40,52.0
SKU00199,2025-02-03,46,69.0
SKU00199,2025-02-10,32,51.0
SKU00199,2025-02-17,38,49.0
SKU00199,2025-02-24,54,41.0
SKU00199,2025-03-03,35,89.0
SKU00199,2025-03-10,35,42.0
SKU00199,2025-03-17,67,79.0
SKU00199,2025-03-24,94,56.0
SKU00199,2025-03-31,62,58.0
SKU00199,2025-04-07,42,59.0
SKU00199,2025-04-14,51,85.0
SKU00199,2025-04-21,64,40.0
SKU00199,2025-04-28,52,44.0
SKU00199,2025-05-05,71,39.0
SKU00199,2025-05-12,64,46.0
SKU00199,2025-05-19,67,57.0
SKU00199,2025-05-26,67,75.0
SKU00199,2025-06-02,31,40.0
SKU00199,2025-06-09,46,44.0
SKU00199,2025-06-16,43,46.0
SKU00199,2025-06-23,44,68.0
SKU00199,2025-06-30,75,79.0
SKU00199,2025-07-07,81,24.0
SKU00199,2025-07-14,71,74.0
SKU00199,2025-07-21,46,32.0
SKU00199,2025-07-28,39,52.0
SKU00199,2025-08-04,79,73.0
SKU00199,2025-08-11,62,34.0
SKU00199,2025-08-18,51,89.0
SKU00199,2025-08-25,52,56.0
SKU00199,2025-09-01,45,44.0
SKU00199,2025-09-08,83,38.0
SKU00199,2025-09-15,35,77.0
SKU00199,2025-09-22,70,75.0
SKU00199,2025-09-29,68,65.0
SKU00199,2025-10-06,33,55.0
SKU00199,2025-10-13,37,32.0
SKU00199,2025-10-20,58,74.0
SKU00199,2025-10-27,56,44.0
SKU00199,2025-11-03,82,53.0
SKU00199,2025-11-10,67,97.0
SKU00199,2025-11-17,98,76.0
SKU00199,2025-11-24,92,79.0
SKU00199,2025-12-01,100,55.0
SKU00199,2025-12-08,62,80.0
SKU00199,2025-12-15,151,77.0
SKU00199,2025-12-22,85,66.0
SKU00199,2025-12-29,27,81.0
SKU00200,2024-01-01,69,
SKU00200,2024-01-08,51,
SKU00200,2024-01-15,22,
SKU00200,2024-01-22,56,
SKU00200,2024-01-29,36,
SKU00200,2024-02-05,53,
SKU00200,2024-02-12,63,
SKU00200,2024-02-19,51,
SKU00200,2024-02-26,59,
SKU00200,2024-03-04,60,
SKU00200,2024-03-11,77,
SKU00200,2024-03-18,97,
SKU00200,2024-03-25,40,
SKU00200,2024-04-01,66,
SKU00200,2024-04-08,50,
SKU00200,2024-04-15,75,
SKU00200,2024-04-22,55,
SKU00200,2024-04-29,73,
SKU00200,2024-05-06,50,
SKU00200,2024-05-13,48,
SKU00200,2024-05-20,46,
SKU00200,2024-05-27,93,
SKU00200,2024-06-03,47,
SKU00200,2024-06-10,66,
SKU00200,2024-06-17,44,
SKU00200,2024-06-24,43,
SKU00200,2024-07-01,43,
SKU00200,2024-07-08,42,
SKU00200,2024-07-15,47,
SKU00200,2024-07-22,74,
SKU00200,2024-07-29,77,
SKU00200,2024-08-05,58,
SKU00200,2024-08-12,65,
SKU00200,2024-08-19,59,
SKU00200,2024-08-26,66,
SKU00200,2024-09-02,70,
SKU00200,2024-09-09,54,
SKU00200,2024-09-16,86,
SKU00200,2024-09-23,87,
SKU00200,2024-09-30,58,
SKU00200,2024-10-07,51,
SKU00200,2024-10-14,71,
SKU00200,2024-10-21,44,
SKU00200,2024-10-28,73,
SKU00200,2024-11-04,99,
SKU00200,2024-11-11,92,
SKU00200,2024-11-18,123,
SKU00200,2024-11-25,93,
SKU00200,2024-12-02,94,
SKU00200,2024-12-09,106,
SKU00200,2024-12-16,101,
SKU00200,2024-12-23,86,
SKU00200,2024-12-30,75,69.0
SKU00200,2025-01-06,41,51.0
SKU00200,2025-01-13,42,22.0
SKU00200,2025-01-20,53,56.0
SKU00200,2025-01-27,61,36.0
SKU00200,2025-02-03,53,53.0
SKU00200,2025-02-10,68,63.0
SKU00200,2025-02-17,46,51.0
SKU00200,2025-02-24,38,59.0
SKU00200,2025-03-03,47,60.0
SKU00200,2025-03-10,61,77.0
SKU00200,2025-03-17,63,97.0
SKU00200,2025-03-24,31,40.0
SKU00200,2025-03-31,48,66.0
SKU00200,2025-04-07,75,50.0
SKU00200,2025-04-14,43,75.0
SKU00200,2025-04-21,42,55.0
SKU00200,2025-04-28,47,73.0
SKU00200,2025-05-05,36,50.0
SKU00200,2025-05-12,37,48.0
SKU00200,2025-05-19,85,46.0
SKU00200,2025-05-26,50,93.0
SKU00200,2025-06-02,63,47.0
SKU00200,2025-06-09,58,66.0
SKU00200,2025-06-16,85,44.0
SKU00200,2025-06-23,56,43.0
SKU00200,2025-06-30,62,43.0
SKU00200,2025-07-07,53,42.0
SKU00200,2025-07-14,55,47.0
SKU00200,2025-07-21,40,74.0
SKU00200,2025-07-28,63,77.0
SKU00200,2025-08-04,68,58.0
SKU00200,2025-08-11,52,65.0
SKU00200,2025-08-18,50,59.0
SKU00200,2025-08-25,65,66.0
SKU00200,2025-09-01,64,70.0
SKU00200,2025-09-08,27,54.0
SKU00200,2025-09-15,59,86.0
SKU00200,2025-09-22,73,87.0
SKU00200,2025-09-29,71,58.0
SKU00200,2025-10-06,42,51.0
SKU00200,2025-10-13,33,71.0
SKU00200,2025-10-20,93,44.0
SKU00200,2025-10-27,54,73.0
SKU00200,2025-11-03,66,99.0
SKU00200,2025-11-10,83,92.0
SKU00200,2025-11-17,112,123.0
SKU00200,2025-11-24,63,93.0
SKU00200,2025-12-01,68,94.0
SKU00200,2025-12-08,75,106.0
SKU00200,2025-12-15,92,101.0
SKU00200,2025-12-22,89,86.0
SKU00200,2025-12-29,19,75.0
SKU00201,2024-01-01,44,
SKU00201,2024-01-08,36,
SKU00201,2024-01-15,51,
SKU00201,2024-01-22,22,
SKU00201,2024-01-29,36,
SKU00201,2024-02-05,83,
SKU00201,2024-02-12,33,
SKU00201,2024-02-19,34,
SKU00201,2024-02-26,48,
SKU00201,2024-03-04,61,
SKU00201,2024-03-11,59,
SKU00201,2024-03-18,59,
SKU00201,2024-03-25,56,
SKU00201,2024-04-01,31,
SKU00201,2024-04-08,28,
SKU00201,2024-04-15,73,
SKU00201,2024-04-22,63,
SKU00201,2024-04-29,50,
SKU00201,2024-05-06,37,
SKU00201,2024-05-13,57,
SKU00201,2024-05-20,61,
SKU00201,2024-05-27,62,
SKU00201,2024-06-03,56,
SKU00201,2024-06-10,52,
SKU00201,2024-06-17,63,
SKU00201,2024-06-24,67,
SKU00201,2024-07-01,78,
SKU00201,2024-07-08,42,
SKU00201,2024-07-15,53,
SKU00201,2024-07-22,69,
SKU00201,2024-07-29,76,
SKU00201,2024-08-05,50,
SKU00201,2024-08-12,46,
SKU00201,2024-08-19,63,
SKU00201,2024-08-26,55,
SKU00201,2024-09-02,42,
SKU00201,2024-09-09,54,
SKU00201,2024-09-16,67,
SKU00201,2024-09-23,26,
SKU00201,2024-09-30,57,
SKU00201,2024-10-07,60,
SKU00201,2024-10-14,32,
SKU00201,2024-10-21,68,
SKU00201,2024-10-28,55,
SKU00201,2024-11-04,105,
SKU00201,2024-11-11,79,
SKU00201,2024-11-18,128,
SKU00201,2024-11-25,63,
SKU00201,2024-12-02,100,
SKU00201,2024-12-09,97,
SKU00201,2024-12-16,67,
SKU00201,2024-12-23,74,
SKU00201,2024-12-30,55,44.0
SKU00201,2025-01-06,51,36.0
SKU00201,2025-01-13,19,51.0
SKU00201,2025-01-20,64,22.0
SKU00201,2025-01-27,51,36.0
SKU00201,2025-02-03,35,83.0
SKU00201,2025-02-10,45,33.0
SKU00201,2025-02-17,45,34.0
SKU00201,2025-02-24,35,48.0
SKU00201,2025-03-03,66,61.0
SKU00201,2025-03-10,19,59.0
SKU00201,2025-03-17,52,59.0
SKU00201,2025-03-24,59,56.0
SKU00201,2025-03-31,42,31.0
SKU00201,2025-04-07,45,28.0
SKU00201,2025-04-14,38,73.0
SKU00201,2025-04-21,41,63.0
SKU00201,2025-04-28,41,50.0
SKU00201,2025-05-05,39,37.0
SKU00201,2025-05-12,37,57.0
SKU00201,2025-05-19,72,61.0
SKU00201,2025-05-26,87,62.0
SKU00201,2025-06-02,64,56.0
SKU00201,2025-06-09,46,52.0
SKU00201,2025-06-16,73,63.0
SKU00201,2025-06-23,33,67.0
SKU00201,2025-06-30,29,78.0
SKU00201,2025-07-07,67,42.0
SKU00201,2025-07-14,47,53.0
SKU00201,2025-07-21,77,69.0
SKU00201,2025-07-28,54,76.0
SKU00201,2025-08-04,75,50.0
SKU00201,2025-08-11,69,46.0
SKU00201,2025-08-18,56,63.0
SKU00201,2025-08-25,37,55.0
SKU00201,2025-09-01,47,42.0
SKU00201,2025-09-08,79,54.0
SKU00201,2025-09-15,31,67.0
SKU00201,2025-09-22,81,26.0
SKU00201,2025-09-29,55,57.0
SKU00201,2025-10-06,87,60.0
SKU00201,2025-10-13,74,32.0
SKU00201,2025-10-20,38,68.0
SKU00201,2025-10-27,98,55.0
SKU00201,2025-11-03,121,105.0
SKU00201,2025-11-10,96,79.0
SKU00201,2025-11-17,115,128.0
SKU00201,2025-11-24,89,63.0
SKU00201,2025-12-01,97,100.0
SKU00201,2025-12-08,85,97.0
SKU00201,2025-12-15,105,67.0
SKU00201,2025-12-22,79,74.0
SKU00201,2025-12-29,29,55.0
SKU00202,2024-01-01,45,
SKU00202,2024-01-08,29,
SKU00202,2024-01-15,50,
SKU00202,2024-01-22,47,
SKU00202,2024-01-29,32,
SKU00202,2024-02-05,35,
SKU00202,2024-02-12,54,
SKU00202,2024-02-19,45,
SKU00202,2024-02-26,35,
SKU00202,2024-03-04,65,
SKU00202,2024-03-11,17,
SKU00202,2024-03-18,70,
SKU00202,2024-03-25,52,
SKU00202,2024-04-01,42,
SKU00202,2024-04-08,44,
SKU00202,2024-04-15,52,
SKU00202,2024-04-22,63,
SKU00202,2024-04-29,46,
SKU00202,2024-05-06,34,
SKU00202,2024-05-13,47,
SKU00202,2024-05-20,75,
SKU00202,2024-05-27,36,
SKU00202,2024-06-03,50,
SKU00202,2024-06-10,42,
SKU00202,2024-06-17,34,
SKU00202,2024-06-24,73,
SKU00202,2024-07-01,55,
SKU00202,2024-07-08,74,
SKU00202,2024-07-15,26,
SKU00202,2024-07-22,52,
SKU00202,2024-07-29,69,
SKU00202,2024-08-05,61,
SKU00202,2024-08-12,90,
SKU00202,2024-08-19,35,
SKU00202,2024-08-26,57,
SKU00202,2024-09-02,51,
SKU00202,2024-09-09,47,
SKU00202,2024-09-16,58,
SKU00202,2024-09-23,47,
SKU00202,2024-09-30,40,
SKU00202,2024-10-07,59,
SKU00202,2024-10-14,65,
SKU00202,2024-10-21,83,
SKU00202,2024-10-28,99,
SKU00202,2024-11-04,55,
SKU00202,2024-11-11,111,
SKU00202,2024-11-18,80,
SKU00202,2024-11-25,92,
SKU00202,2024-12-02,106,
SKU00202,2024-12-09,99,
SKU00202,2024-12-16,74,
SKU00202,2024-12-23,102,
SKU00202,2024-12-30,43,45.0
SKU00202,2025-01-06,78,29.0
SKU00202,2025-01-13,61,50.0
SKU00202,2025-01-20,63,47.0
SKU00202,2025-01-27,45,32.0
SKU00202,2025-02-03,73,35.0
SKU00202,2025-02-10,35,54.0
SKU00202,2025-02-17,49,45.0
SKU00202,2025-02-24,28,35.0
SKU00202,2025-03-03,61,65.0
SKU00202,2025-03-10,43,17.0
SKU00202,2025-03-17,31,70.0
SKU00202,2025-03-24,93,52.0
SKU00202,2025-03-31,43,42.0
SKU00202,2025-04-07,35,44.0
SKU00202,2025-04-14,73,52.0
SKU00202,2025-04-21,53,63.0
SKU00202,2025-04-28,61,46.0
SKU00202,2025-05-05,41,34.0
SKU00202,2025-05-12,44,47.0
SKU00202,2025-05-19,55,75.0
SKU00202,2025-05-26,52,36.0
SKU00202,2025-06-02,45,50.0
SKU00202,2025-06-09,89,42.0
SKU00202,2025-06-16,60,34.0
SKU00202,2025-06-23,39,73.0
SKU00202,2025-06-30,45,55.0
SKU00202,2025-07-07,40,74.0
SKU00202,2025-07-14,61,26.0
SKU00202,2025-07-21,30,52.0
SKU00202,2025-07-28,61,69.0
SKU00202,2025-08-04,41,61.0
SKU00202,2025-08-11,81,90.0
SKU00202,2025-08-18,43,35.0
SKU00202,2025-08-25,58,57.0
SKU00202,2025-09-01,40,51.0
SKU00202,2025-09-08,42,47.0
SKU00202,2025-09-15,46,58.0
SKU00202,2025-09-22,54,47.0
SKU00202,2025-09-29,42,40.0
SKU00202,2025-10-06,43,59.0
SKU00202,2025-10-13,42,65.0
SKU00202,2025-10-20,48,83.0
SKU00202,2025-10-27,62,99.0
SKU00202,2025-11-03,109,55.0
SKU00202,2025-11-10,77,111.0
SKU00202,2025-11-17,135,80.0
SKU00202,2025-11-24,101,92.0
SKU00202,2025-12-01,71,106.0
SKU00202,2025-12-08,111,99.0
SKU00202,2025-12-15,94,74.0
SKU00202,2025-12-22,107,102.0
SKU00202,2025-12-29,44,43.0
SKU00203,2024-01-01,37,
SKU00203,2024-01-08,42,
SKU00203,2024-01-15,35,
SKU00203,2024-01-22,40,
SKU00203,2024-01-29,53,
SKU00203,2024-02-05,46,
SKU00203,2024-02-12,30,
SKU00203,2024-02-19,47,
SKU00203,2024-02-26,39,
SKU00203,2024-03-04,33,
SKU00203,2024-03-11,49,
SKU00203,2024-03-18,29,
SKU00203,2024-03-25,69,
SKU00203,2024-04-01,96,
SKU00203,2024-04-08,59,
SKU00203,2024-04-15,41,
SKU00203,2024-04-22,83,
SKU00203,2024-04-29,40,
SKU00203,2024-05-06,61,
SKU00203,2024-05-13,47,
SKU00203,2024-05-20,69,
SKU00203,2024-05-27,47,
SKU00203,2024-06-03,41,
SKU00203,2024-06-10,43,
SKU00203,2024-06-17,52,
SKU00203,2024-06-24,50,
SKU00203,2024-07-01,43,
SKU00203,2024-07-08,34,
SKU00203,2024-07-15,90,
SKU00203,2024-07-22,107,
SKU00203,2024-07-29,36,
SKU00203,2024-08-05,37,
SKU00203,2024-08-12,62,
SKU00203,2024-08-19,49,
SKU00203,2024-08-26,47,
SKU00203,2024-09-02,67,
SKU00203,2024-09-09,83,
SKU00203,2024-09-16,85,
SKU00203,2024-09-23,58,
SKU00203,2024-09-30,51,
SKU00203,2024-10-07,26,
SKU00203,2024-10-14,73,
SKU00203,2024-10-21,34,
SKU00203,2024-10-28,95,
SKU00203,2024-11-04,79,
SKU00203,2024-11-11,96,
SKU00203,2024-11-18,89,
SKU00203,2024-11-25,84,
SKU00203,2024-12-02,89,
SKU00203,2024-12-09,74,
SKU00203,2024-12-16,62,
SKU00203,2024-12-23,112,
SKU00203,2024-12-30,57,37.0
SKU00203,2025-01-06,48,42.0
SKU00203,2025-01-13,37,35.0
SKU00203,2025-01-20,49,40.0
SKU00203,2025-01-27,30,53.0
SKU00203,2025-02-03,72,46.0
SKU00203,2025-02-10,48,30.0
SKU00203,2025-02-17,32,47.0
SKU00203,2025-02-24,70,39.0
SKU00203,2025-03-03,31,33.0
SKU00203,2025-03-10,42,49.0
SKU00203,2025-03-17,66,29.0
SKU00203,2025-03-24,33,69.0
SKU00203,2025-03-31,66,96.0
SKU00203,2025-04-07,47,59.0
SKU00203,2025-04-14,115,41.0
SKU00203,2025-04-21,27,83.0
SKU00203,2025-04-28,41,40.0
SKU00203,2025-05-05,34,61.0
SKU00203,2025-05-12,41,47.0
SKU00203,2025-05-19,57,69.0
SKU00203,2025-05-26,53,47.0
SKU00203,2025-06-02,51,41.0
SKU00203,2025-06-09,62,43.0
SKU00203,2025-06-16,44,52.0
SKU00203,2025-06-23,56,50.0
SKU00203,2025-06-30,57,43.0
SKU00203,2025-07-07,45,34.0
SKU00203,2025-07-14,33,90.0
SKU00203,2025-07-21,47,107.0
SKU00203,2025-07-28,65,36.0
SKU00203,2025-08-04,47,37.0
SKU00203,2025-08-11,40,62.0
SKU00203,2025-08-18,39,49.0
SKU00203,2025-08-25,52,47.0
SKU00203,2025-09-01,65,67.0
SKU00203,2025-09-08,48,83.0
SKU00203,2025-09-15,45,85.0
SKU00203,2025-09-22,49,58.0
SKU00203,2025-09-29,48,51.0
SKU00203,2025-10-06,60,26.0
SKU00203,2025-10-13,64,73.0
SKU00203,2025-10-20,61,34.0
SKU00203,2025-10-27,70,95.0
SKU00203,2025-11-03,51,79.0
SKU00203,2025-11-10,78,96.0
SKU00203,2025-11-17,76,89.0
SKU00203,2025-11-24,106,84.0
SKU00203,2025-12-01,74,89.0
SKU00203,2025-12-08,99,74.0
SKU00203,2025-12-15,98,62.0
SKU00203,2025-12-22,82,112.0
SKU00203,2025-12-29,11,57.0
SKU00204,2024-01-01,37,
SKU00204,2024-01-08,82,
SKU00204,2024-01-15,46,
SKU00204,2024-01-22,33,
SKU00204,2024-01-29,53,
SKU00204,2024-02-05,69,
SKU00204,2024-02-12,33,
SKU00204,2024-02-19,35,
SKU00204,2024-02-26,39,
SKU00204,2024-03-04,89,
SKU00204,2024-03-11,73,
SKU00204,2024-03-18,64,
SKU00204,2024-03-25,30,
SKU00204,2024-04-01,57,
SKU00204,2024-04-08,47,
SKU00204,2024-04-15,54,
SKU00204,2024-04-22,45,
SKU00204,2024-04-29,58,
SKU00204,2024-05-06,60,
SKU00204,2024-05-13,27,
SKU00204,2024-05-20,76,
SKU00204,2024-05-27,51,
SKU00204,2024-06-03,57,
SKU00204,2024-06-10,43,
SKU00204,2024-06-17,60,
SKU00204,2024-06-24,69,
SKU00204,2024-07-01,86,
SKU00204,2024-07-08,55,
SKU00204,2024-07-15,73,
SKU00204,2024-07-22,61,
SKU00204,2024-07-29,84,
SKU00204,2024-08-05,56,
SKU00204,2024-08-12,36,
SKU00204,2024-08-19,57,
SKU00204,2024-08-26,40,
SKU00204,2024-09-02,59,
SKU00204,2024-09-09,43,
SKU00204,2024-09-16,64,
SKU00204,2024-09-23,30,
SKU00204,2024-09-30,28,
SKU00204,2024-10-07,36,
SKU00204,2024-10-14,65,
SKU00204,2024-10-21,51,
SKU00204,2024-10-28,62,
SKU00204,2024-11-04,74,
SKU00204,2024-11-11,90,
SKU00204,2024-11-18,92,
SKU00204,2024-11-25,86,
SKU00204,2024-12-02,96,
SKU00204,2024-12-09,85,
SKU00204,2024-12-16,89,
SKU00204,2024-12-23,90,
SKU00204,2024-12-30,40,37.0
SKU00204,2025-01-06,32,82.0
SKU00204,2025-01-13,40,46.0
SKU00204,2025-01-20,58,33.0
SKU00204,2025-01-27,67,53.0
SKU00204,2025-02-03,51,69.0
SKU00204,2025-02-10,25,33.0
SKU00204,2025-02-17,69,35.0
SKU00204,2025-02-24,48,39.0
SKU00204,2025-03-03,85,89.0
SKU00204,2025-03-10,43,73.0
SKU00204,2025-03-17,74,64.0
SKU00204,2025-03-24,59,30.0
SKU00204,2025-03-31,28,57.0
SKU00204,2025-04-07,29,47.0
SKU00204,2025-04-14,54,54.0
SKU00204,2025-04-21,75,45.0
SKU00204,2025-04-28,49,58.0
SKU00204,2025-05-05,38,60.0
SKU00204,2025-05-12,52,27.0
SKU00204,2025-05-19,51,76.0
SKU00204,2025-05-26,87,51.0
SKU00204,2025-06-02,40,57.0
SKU00204,2025-06-09,48,43.0
SKU00204,2025-06-16,41,60.0
SKU00204,2025-06-23,82,69.0
SKU00204,2025-06-30,30,86.0
SKU00204,2025-07-07,78,55.0
SKU00204,2025-07-14,52,73.0
SKU00204,2025-07-21,62,61.0
SKU00204,2025-07-28,65,84.0
SKU00204,2025-08-04,56,56.0
SKU00204,2025-08-11,42,36.0
SKU00204,2025-08-18,29,57.0
SKU00204,2025-08-25,52,40.0
SKU00204,2025-09-01,50,59.0
SKU00204,2025-09-08,30,43.0
SKU00204,2025-09-15,43,64.0
SKU00204,2025-09-22,67,30.0
SKU00204,2025-09-29,27,28.0
SKU00204,2025-10-06,75,36.0
SKU00204,2025-10-13,40,65.0
SKU00204,2025-10-20,76,51.0
SKU00204,2025-10-27,52,62.0
SKU00204,2025-11-03,82,74.0
SKU00204,2025-11-10,117,90.0
SKU00204,2025-11-17,77,92.0
SKU00204,2025-11-24,116,86.0
SKU00204,2025-12-01,69,96.0
SKU00204,2025-12-08,130,85.0
SKU00204,2025-12-15,100,89.0
SKU00204,2025-12-22,86,90.0
SKU00204,2025-12-29,30,40.0
SKU00205,2024-01-01,58,
SKU00205,2024-01-08,58,
SKU00205,2024-01-15,18,
SKU00205,2024-01-22,41,
SKU00205,2024-01-29,37,
SKU00205,2024-02-05,41,
SKU00205,2024-02-12,37,
SKU00205,2024-02-19,51,
SKU00205,2024-02-26,70,
SKU00205,2024-03-04,38,
SKU00205,2024-03-11,55,
SKU00205,2024-03-18,59,
SKU00205,2024-03-25,86,
SKU00205,2024-04-01,39,
SKU00205,2024-04-08,43,
SKU00205,2024-04-15,84,
SKU00205,2024-04-22,41,
SKU00205,2024-04-29,83,
SKU00205,2024-05-06,19,
SKU00205,2024-05-13,56,
SKU00205,2024-05-20,49,
SKU00205,2024-05-27,42,
SKU00205,2024-06-03,71,
SKU00205,2024-06-10,70,
SKU00205,2024-06-17,49,
SKU00205,2024-06-24,56,
SKU00205,2024-07-01,56,
SKU00205,2024-07-08,47,
SKU00205,2024-07-15,62,
SKU00205,2024-07-22,63,
SKU00205,2024-07-29,64,
SKU00205,2024-08-05,26,
SKU00205,2024-08-12,53,
SKU00205,2024-08-19,73,
SKU00205,2024-08-26,65,
SKU00205,2024-09-02,42,
SKU00205,2024-09-09,73,
SKU00205,2024-09-16,70,
SKU00205,2024-09-23,76,
SKU00205,2024-09-30,42,
SKU00205,2024-10-07,76,
SKU00205,2024-10-14,68,
SKU00205,2024-10-21,78,
SKU00205,2024-10-28,80,
SKU00205,2024-11-04,109,
SKU00205,2024-11-11,104,
SKU00205,2024-11-18,105,
SKU00205,2024-11-25,101,
SKU00205,2024-12-02,48,
SKU00205,2024-12-09,90,
SKU00205,2024-12-16,101,
SKU00205,2024-12-23,101,
SKU00205,2024-12-30,54,58.0
SKU00205,2025-01-06,97,58.0
SKU00205,2025-01-13,42,18.0
SKU00205,2025-01-20,46,41.0
SKU00205,2025-01-27,52,37.0
SKU00205,2025-02-03,55,41.0
SKU00205,2025-02-10,55,37.0
SKU00205,2025-02-17,75,51.0
SKU00205,2025-02-24,55,70.0
SKU00205,2025-03-03,45,38.0
SKU00205,2025-03-10,91,55.0
SKU00205,2025-03-17,35,59.0
SKU00205,2025-03-24,37,86.0
SKU00205,2025-03-31,86,39.0
SKU00205,2025-04-07,39,43.0
SKU00205,2025-04-14,68,84.0
SKU00205,2025-04-21,83,41.0
SKU00205,2025-04-28,65,83.0
SKU00205,2025-05-05,44,19.0
SKU00205,2025-05-12,19,56.0
SKU00205,2025-05-19,68,49.0
SKU00205,2025-05-26,58,42.0
SKU00205,2025-06-02,70,71.0
SKU00205,2025-06-09,58,70.0
SKU00205,2025-06-16,80,49.0
SKU00205,2025-06-23,51,56.0
SKU00205,2025-06-30,47,56.0
SKU00205,2025-07-07,27,47.0
SKU00205,2025-07-14,50,62.0
SKU00205,2025-07-21,51,63.0
SKU00205,2025-07-28,38,64.0
SKU00205,2025-08-04,52,26.0
SKU00205,2025-08-11,59,53.0
SKU00205,2025-08-18,38,73.0
SKU00205,2025-08-25,65,65.0
SKU00205,2025-09-01,53,42.0
SKU00205,2025-09-08,89,73.0
SKU00205,2025-09-15,67,70.0
SKU00205,2025-09-22,60,76.0
SKU00205,2025-09-29,55,42.0
SKU00205,2025-10-06,55,76.0
SKU00205,2025-10-13,69,68.0
SKU00205,2025-10-20,72,78.0
SKU00205,2025-10-27,59,80.0
SKU00205,2025-11-03,83,109.0
SKU00205,2025-11-10,94,104.0
SKU00205,2025-11-17,74,105.0
SKU00205,2025-11-24,91,101.0
SKU00205,2025-12-01,102,48.0
SKU00205,2025-12-08,117,90.0
SKU00205,2025-12-15,70,101.0
SKU00205,2025-12-22,74,101.0
SKU00205,2025-12-29,24,54.0
SKU00206,2024-01-01,35,
SKU00206,2024-01-08,22,
SKU00206,2024-01-15,57,
SKU00206,2024-01-22,40,
SKU00206,2024-01-29,58,
SKU00206,2024-02-05,28,
SKU00206,2024-02-12,30,
SKU00206,2024-02-19,47,
SKU00206,2024-02-26,59,
SKU00206,2024-03-04,38,
SKU00206,2024-03-11,91,
SKU00206,2024-03-18,59,
SKU00206,2024-03-25,92,
SKU00206,2024-04-01,46,
SKU00206,2024-04-08,81,
SKU00206,2024-04-15,35,
SKU00206,2024-04-22,39,
SKU00206,2024-04-29,63,
SKU00206,2024-05-06,78,
SKU00206,2024-05-13,59,
SKU00206,2024-05-20,57,
SKU00206,2024-05-27,58,
SKU00206,2024-06-03,60,
SKU00206,2024-06-10,56,
SKU00206,2024-06-17,34,
SKU00206,2024-06-24,45,
SKU00206,2024-07-01,38,
SKU00206,2024-07-08,55,
SKU00206,2024-07-15,87,
SKU00206,2024-07-22,38,
SKU00206,2024-07-29,54,
SKU00206,2024-08-05,45,
SKU00206,2024-08-12,63,
SKU00206,2024-08-19,56,
SKU00206,2024-08-26,38,
SKU00206,2024-09-02,67,
SKU00206,2024-09-09,50,
SKU00206,2024-09-16,70,
SKU00206,2024-09-23,47,
SKU00206,2024-09-30,60,
SKU00206,2024-10-07,50,
SKU00206,2024-10-14,56,
SKU00206,2024-10-21,51,
SKU00206,2024-10-28,80,
SKU00206,2024-11-04,88,
SKU00206,2024-11-11,69,
SKU00206,2024-11-18,66,
SKU00206,2024-11-25,77,
SKU00206,2024-12-02,60,
SKU00206,2024-12-09,106,
SKU00206,2024-12-16,92,
SKU00206,2024-12-23,83,
SKU00206,2024-12-30,35,35.0
SKU00206,2025-01-06,40,22.0
SKU00206,2025-01-13,61,57.0
SKU00206,2025-01-20,70,40.0
SKU00206,2025-01-27,49,58.0
SKU00206,2025-02-03,55,28.0
SKU00206,2025-02-10,34,30.0
SKU00206,2025-02-17,48,47.0
SKU00206,2025-02-24,34,59.0
SKU00206,2025-03-03,35,38.0
SKU00206,2025-03-10,65,91.0
SKU00206,2025-03-17,60,59.0
SKU00206,2025-03-24,32,92.0
SKU00206,2025-03-31,40,46.0
SKU00206,2025-04-07,42,81.0
SKU00206,2025-04-14,27,35.0
SKU00206,2025-04-21,49,39.0
SKU00206,2025-04-28,74,63.0
SKU00206,2025-05-05,49,78.0
SKU00206,2025-05-12,23,59.0
SKU00206,2025-05-19,46,57.0
SKU00206,2025-05-26,56,58.0
SKU00206,2025-06-02,78,60.0
SKU00206,2025-06-09,78,56.0
SKU00206,2025-06-16,74,34.0
SKU00206,2025-06-23,74,45.0
SKU00206,2025-06-30,30,38.0
SKU00206,2025-07-07,76,55.0
SKU00206,2025-07-14,59,87.0
SKU00206,2025-07-21,49,38.0
SKU00206,2025-07-28,55,54.0
SKU00206,2025-08-04,43,45.0
SKU00206,2025-08-11,51,63.0
SKU00206,2025-08-18,68,56.0
SKU00206,2025-08-25,58,38.0
SKU00206,2025-09-01,74,67.0
SKU00206,2025-09-08,43,50.0
SKU00206,2025-09-15,61,70.0
SKU00206,2025-09-22,21,47.0
SKU00206,2025-09-29,38,60.0
SKU00206,2025-10-06,70,50.0
SKU00206,2025-10-13,80,56.0
SKU00206,2025-10-20,72,51.0
SKU00206,2025-10-27,97,80.0
SKU00206,2025-11-03,90,88.0
SKU00206,2025-11-10,129,69.0
SKU00206,2025-11-17,86,66.0
SKU00206,2025-11-24,49,77.0
SKU00206,2025-12-01,73,60.0
SKU00206,2025-12-08,112,106.0
SKU00206,2025-12-15,82,92.0
SKU00206,2025-12-22,75,83.0
SKU00206,2025-12-29,58,35.0
SKU00207,2024-01-01,56,
SKU00207,2024-01-08,50,
SKU00207,2024-01-15,32,
SKU00207,2024-01-22,34,
SKU00207,2024-01-29,72,
SKU00207,2024-02-05,68,
SKU00207,2024-02-12,44,
SKU00207,2024-02-19,38,
SKU00207,2024-02-26,42,
SKU00207,2024-03-04,47,
SKU00207,2024-03-11,64,
SKU00207,2024-03-18,69,
SKU00207,2024-03-25,71,
SKU00207,2024-04-01,61,
SKU00207,2024-04-08,52,
SKU00207,2024-04-15,46,
SKU00207,2024-04-22,65,
SKU00207,2024-04-29,42,
SKU00207,2024-05-06,28,
SKU00207,2024-05-13,70,
SKU00207,2024-05-20,47,
SKU00207,2024-05-27,82,
SKU00207,2024-06-03,38,
SKU00207,2024-06-10,45,
SKU00207,2024-06-17,58,
SKU00207,2024-06-24,13,
SKU00207,2024-07-01,57,
SKU00207,2024-07-08,39,
SKU00207,2024-07-15,79,
SKU00207,2024-07-22,54,
SKU00207,2024-07-29,61,
SKU00207,2024-08-05,45,
SKU00207,2024-08-12,37,
SKU00207,2024-08-19,69,
SKU00207,2024-08-26,36,
SKU00207,2024-09-02,63,
SKU00207,2024-09-09,59,
SKU00207,2024-09-16,69,
SKU00207,2024-09-23,75,
SKU00207,2024-09-30,38,
SKU00207,2024-10-07,59,
SKU00207,2024-10-14,86,
SKU00207,2024-10-21,55,
SKU00207,2024-10-28,81,
SKU00207,2024-11-04,63,
SKU00207,2024-11-11,83,
SKU00207,2024-11-18,84,
SKU00207,2024-11-25,64,
SKU00207,2024-12-02,66,
SKU00207,2024-12-09,117,
SKU00207,2024-12-16,76,
SKU00207,2024-12-23,113,
SKU00207,2024-12-30,29,56.0
SKU00207,2025-01-06,54,50.0
SKU00207,2025-01-13,51,32.0
SKU00207,2025-01-20,48,34.0
SKU00207,2025-01-27,34,72.0
SKU00207,2025-02-03,60,68.0
SKU00207,2025-02-10,47,44.0
SKU00207,2025-02-17,54,38.0
SKU00207,2025-02-24,21,42.0
SKU00207,2025-03-03,38,47.0
SKU00207,2025-03-10,42,64.0
SKU00207,2025-03-17,41,69.0
SKU00207,2025-03-24,64,71.0
SKU00207,2025-03-31,44,61.0
SKU00207,2025-04-07,35,52.0
SKU00207,2025-04-14,65,46.0
SKU00207,2025-04-21,50,65.0
SKU00207,2025-04-28,43,42.0
SKU00207,2025-05-05,42,28.0
SKU00207,2025-05-12,40,70.0
SKU00207,2025-05-19,55,47.0
SKU00207,2025-05-26,63,82.0
SKU00207,2025-06-02,53,38.0
SKU00207,2025-06-09,30,45.0
SKU00207,2025-06-16,75,58.0
SKU00207,2025-06-23,68,13.0
SKU00207,2025-06-30,60,57.0
SKU00207,2025-07-07,49,39.0
SKU00207,2025-07-14,59,79.0
SKU00207,2025-07-21,54,54.0
SKU00207,2025-07-28,61,61.0
SKU00207,2025-08-04,54,45.0
SKU00207,2025-08-11,25,37.0
SKU00207,2025-08-18,59,69.0
SKU00207,2025-08-25,52,36.0
SKU00207,2025-09-01,64,63.0
SKU00207,2025-09-08,52,59.0
SKU00207,2025-09-15,54,69.0
SKU00207,2025-09-22,42,75.0
SKU00207,2025-09-29,57,38.0
SKU00207,2025-10-06,57,59.0
SKU00207,2025-10-13,51,86.0
SKU00207,2025-10-20,37,55.0
SKU00207,2025-10-27,61,81.0
SKU00207,2025-11-03,101,63.0
SKU00207,2025-11-10,76,83.0
SKU00207,2025-11-17,64,84.0
SKU00207,2025-11-24,58,64.0
SKU00207,2025-12-01,111,66.0
SKU00207,2025-12-08,135,117.0
SKU00207,2025-12-15,83,76.0
SKU00207,2025-12-22,83,113.0
SKU00207,2025-12-29,26,29.0
SKU00208,2024-01-01,55,
SKU00208,2024-01-08,43,
SKU00208,2024-01-15,45,
SKU00208,2024-01-22,35,
SKU00208,2024-01-29,42,
SKU00208,2024-02-05,52,
SKU00208,2024-02-12,49,
SKU00208,2024-02-19,42,
SKU00208,2024-02-26,58,
SKU00208,2024-03-04,69,
SKU00208,2024-03-11,75,
SKU00208,2024-03-18,65,
SKU00208,2024-03-25,46,
SKU00208,2024-04-01,75,
SKU00208,2024-04-08,36,
SKU00208,2024-04-15,40,
SKU00208,2024-04-22,95,
SKU00208,2024-04-29,72,
SKU00208,2024-05-06,40,
SKU00208,2024-05-13,52,
SKU00208,2024-05-20,48,
SKU00208,2024-05-27,82,
SKU00208,2024-06-03,36,
SKU00208,2024-06-10,83,
SKU00208,2024-06-17,50,
SKU00208,2024-06-24,30,
SKU00208,2024-07-01,58,
SKU00208,2024-07-08,58,
SKU00208,2024-07-15,52,
SKU00208,2024-07-22,29,
SKU00208,2024-07-29,60,
SKU00208,2024-08-05,47,
SKU00208,2024-08-12,58,
SKU00208,2024-08-19,58,
SKU00208,2024-08-26,60,
SKU00208,2024-09-02,57,
SKU00208,2024-09-09,67,
SKU00208,2024-09-16,99,
SKU00208,2024-09-23,35,
SKU00208,2024-09-30,69,
SKU00208,2024-10-07,57,
SKU00208,2024-10-14,42,
SKU00208,2024-10-21,58,
SKU00208,2024-10-28,77,
SKU00208,2024-11-04,66,
SKU00208,2024-11-11,106,
SKU00208,2024-11-18,116,
SKU00208,2024-11-25,69,
SKU00208,2024-12-02,52,
SKU00208,2024-12-09,86,
SKU00208,2024-12-16,54,
SKU00208,2024-12-23,105,
SKU00208,2024-12-30,31,55.0
SKU00208,2025-01-06,50,43.0
SKU00208,2025-01-13,54,45.0
SKU00208,2025-01-20,65,35.0
SKU00208,2025-01-27,33,42.0
SKU00208,2025-02-03,42,52.0
SKU00208,2025-02-10,44,49.0
SKU00208,2025-02-17,46,42.0
SKU00208,2025-02-24,52,58.0
SKU00208,2025-03-03,40,69.0
SKU00208,2025-03-10,34,75.0
SKU00208,2025-03-17,62,65.0
SKU00208,2025-03-24,49,46.0
SKU00208,2025-03-31,65,75.0
SKU00208,2025-04-07,58,36.0
SKU00208,2025-04-14,77,40.0
SKU00208,2025-04-21,104,95.0
SKU00208,2025-04-28,62,72.0
SKU00208,2025-05-05,63,40.0
SKU00208,2025-05-12,52,52.0
SKU00208,2025-05-19,35,48.0
SKU00208,2025-05-26,63,82.0
SKU00208,2025-06-02,64,36.0
SKU00208,2025-06-09,40,83.0
SKU00208,2025-06-16,30,50.0
SKU00208,2025-06-23,75,30.0
SKU00208,2025-06-30,51,58.0
SKU00208,2025-07-07,52,58.0
SKU00208,2025-07-14,86,52.0
SKU00208,2025-07-21,69,29.0
SKU00208,2025-07-28,45,60.0
SKU00208,2025-08-04,64,47.0
SKU00208,2025-08-11,59,58.0
SKU00208,2025-08-18,48,58.0
SKU00208,2025-08-25,74,60.0
SKU00208,2025-09-01,48,57.0
SKU00208,2025-09-08,99,67.0
SKU00208,2025-09-15,50,99.0
SKU00208,2025-09-22,49,35.0
SKU00208,2025-09-29,58,69.0
SKU00208,2025-10-06,46,57.0
SKU00208,2025-10-13,67,42.0
SKU00208,2025-10-20,35,58.0
SKU00208,2025-10-27,82,77.0
SKU00208,2025-11-03,94,66.0
SKU00208,2025-11-10,81,106.0
SKU00208,2025-11-17,67,116.0
SKU00208,2025-11-24,95,69.0
SKU00208,2025-12-01,95,52.0
SKU00208,2025-12-08,89,86.0
SKU00208,2025-12-15,75,54.0
SKU00208,2025-12-22,96,105.0
SKU00208,2025-12-29,27,31.0
SKU00209,2024-01-01,39,
SKU00209,2024-01-08,40,
SKU00209,2024-01-15,34,
SKU00209,2024-01-22,17,
SKU00209,2024-01-29,53,
SKU00209,2024-02-05,58,
SKU00209,2024-02-12,44,
SKU00209,2024-02-19,22,
SKU00209,2024-02-26,47,
SKU00209,2024-03-04,67,
SKU00209,2024-03-11,48,
SKU00209,2024-03-18,38,
SKU00209,2024-03-25,74,
SKU00209,2024-04-01,52,
SKU00209,2024-04-08,45,
SKU00209,2024-04-15,37,
SKU00209,2024-04-22,59,
SKU00209,2024-04-29,97,
SKU00209,2024-05-06,54,
SKU00209,2024-05-13,75,
SKU00209,2024-05-20,63,
SKU00209,2024-05-27,86,
SKU00209,2024-06-03,104,
SKU00209,2024-06-10,29,
SKU00209,2024-06-17,52,
SKU00209,2024-06-24,48,
SKU00209,2024-07-01,39,
SKU00209,2024-07-08,66,
SKU00209,2024-07-15,62,
SKU00209,2024-07-22,73,
SKU00209,2024-07-29,20,
SKU00209,2024-08-05,71,
SKU00209,2024-08-12,56,
SKU00209,2024-08-19,48,
SKU00209,2024-08-26,49,
SKU00209,2024-09-02,40,
SKU00209,2024-09-09,43,
SKU00209,2024-09-16,77,
SKU00209,2024-09-23,65,
SKU00209,2024-09-30,39,
SKU00209,2024-10-07,42,
SKU00209,2024-10-14,28,
SKU00209,2024-10-21,55,
SKU00209,2024-10-28,45,
SKU00209,2024-11-04,93,
SKU00209,2024-11-11,74,
SKU00209,2024-11-18,80,
SKU00209,2024-11-25,81,
SKU00209,2024-12-02,74,
SKU00209,2024-12-09,69,
SKU00209,2024-12-16,94,
SKU00209,2024-12-23,72,
SKU00209,2024-12-30,57,39.0
SKU00209,2025-01-06,59,40.0
SKU00209,2025-01-13,53,34.0
SKU00209,2025-01-20,46,17.0
SKU00209,2025-01-27,32,53.0
SKU00209,2025-02-03,44,58.0
SKU00209,2025-02-10,30,44.0
SKU00209,2025-02-17,60,22.0
SKU00209,2025-02-24,60,47.0
SKU00209,2025-03-03,49,67.0
SKU00209,2025-03-10,70,48.0
SKU00209,2025-03-17,41,38.0
SKU00209,2025-03-24,44,74.0
SKU00209,2025-03-31,78,52.0
SKU00209,2025-04-07,71,45.0
SKU00209,2025-04-14,62,37.0
SKU00209,2025-04-21,38,59.0
SKU00209,2025-04-28,84,97.0
SKU00209,2025-05-05,43,54.0
SKU00209,2025-05-12,47,75.0
SKU00209,2025-05-19,63,63.0
SKU00209,2025-05-26,67,86.0
SKU00209,2025-06-02,44,104.0
SKU00209,2025-06-09,59,29.0
SKU00209,2025-06-16,53,52.0
SKU00209,2025-06-23,77,48.0
SKU00209,2025-06-30,94,39.0
SKU00209,2025-07-07,58,66.0
SKU00209,2025-07-14,61,62.0
SKU00209,2025-07-21,71,73.0
SKU00209,2025-07-28,95,20.0
SKU00209,2025-08-04,38,71.0
SKU00209,2025-08-11,27,56.0
SKU00209,2025-08-18,47,48.0
SKU00209,2025-08-25,44,49.0
SKU00209,2025-09-01,71,40.0
SKU00209,2025-09-08,46,43.0
SKU00209,2025-09-15,35,77.0
SKU00209,2025-09-22,76,65.0
SKU00209,2025-09-29,44,39.0
SKU00209,2025-10-06,58,42.0
SKU00209,2025-10-13,35,28.0
SKU00209,2025-10-20,54,55.0
SKU00209,2025-10-27,44,45.0
SKU00209,2025-11-03,143,93.0
SKU00209,2025-11-10,108,74.0
SKU00209,2025-11-17,71,80.0
SKU00209,2025-11-24,101,81.0
SKU00209,2025-12-01,81,74.0
SKU00209,2025-12-08,112,69.0
SKU00209,2025-12-15,77,94.0
SKU00209,2025-12-22,58,72.0
SKU00209,2025-12-29,44,57.0
SKU00210,2024-01-01,70,
SKU00210,2024-01-08,29,
SKU00210,2024-01-15,78,
SKU00210,2024-01-22,33,
SKU00210,2024-01-29,42,
SKU00210,2024-02-05,21,
SKU00210,2024-02-12,35,
SKU00210,2024-02-19,61,
SKU00210,2024-02-26,74,
SKU00210,2024-03-04,76,
SKU00210,2024-03-11,60,
SKU00210,2024-03-18,86,
SKU00210,2024-03-25,66,
SKU00210,2024-04-01,64,
SKU00210,2024-04-08,39,
SKU00210,2024-04-15,46,
SKU00210,2024-04-22,30,
SKU00210,2024-04-29,53,
SKU00210,2024-05-06,59,
SKU00210,2024-05-13,96,
SKU00210,2024-05-20,58,
SKU00210,2024-05-27,42,
SKU00210,2024-06-03,72,
SKU00210,2024-06-10,50,
SKU00210,2024-06-17,27,
SKU00210,2024-06-24,62,
SKU00210,2024-07-01,94,
SKU00210,2024-07-08,75,
SKU00210,2024-07-15,61,
SKU00210,2024-07-22,45,
SKU00210,2024-07-29,45,
SKU00210,2024-08-05,32,
SKU00210,2024-08-12,43,
SKU00210,2024-08-19,46,
SKU00210,2024-08-26,81,
SKU00210,2024-09-02,41,
SKU00210,2024-09-09,78,
SKU00210,2024-09-16,60,
SKU00210,2024-09-23,42,
SKU00210,2024-09-30,58,
SKU00210,2024-10-07,67,
SKU00210,2024-10-14,58,
SKU00210,2024-10-21,28,
SKU00210,2024-10-28,71,
SKU00210,2024-11-04,140,
SKU00210,2024-11-11,79,
SKU00210,2024-11-18,120,
SKU00210,2024-11-25,112,
SKU00210,2024-12-02,98,
SKU00210,2024-12-09,90,
SKU00210,2024-12-16,80,
SKU00210,2024-12-23,67,
SKU00210,2024-12-30,56,70.0
SKU00210,2025-01-06,39,29.0
SKU00210,2025-01-13,48,78.0
SKU00210,2025-01-20,64,33.0
SKU00210,2025-01-27,61,42.0
SKU00210,2025-02-03,43,21.0
SKU00210,2025-02-10,37,35.0
SKU00210,2025-02-17,46,61.0
SKU00210,2025-02-24,31,74.0
SKU00210,2025-03-03,59,76.0
SKU00210,2025-03-10,47,60.0
SKU00210,2025-03-17,55,86.0
SKU00210,2025-03-24,57,66.0
SKU00210,2025-03-31,66,64.0
SKU00210,2025-04-07,67,39.0
SKU00210,2025-04-14,97,46.0
SKU00210,2025-04-21,76,30.0
SKU00210,2025-04-28,62,53.0
SKU00210,2025-05-05,59,59.0
SKU00210,2025-05-12,39,96.0
SKU00210,2025-05-19,66,58.0
SKU00210,2025-05-26,38,42.0
SKU00210,2025-06-02,40,72.0
SKU00210,2025-06-09,70,50.0
SKU00210,2025-06-16,44,27.0
SKU00210,2025-06-23,34,62.0
SKU00210,2025-06-30,63,94.0
SKU00210,2025-07-07,76,75.0
SKU00210,2025-07-14,75,61.0
SKU00210,2025-07-21,68,45.0
SKU00210,2025-07-28,85,45.0
SKU00210,2025-08-04,46,32.0
SKU00210,2025-08-11,58,43.0
SKU00210,2025-08-18,73,46.0
SKU00210,2025-08-25,54,81.0
SKU00210,2025-09-01,36,41.0
SKU00210,2025-09-08,49,78.0
SKU00210,2025-09-15,58,60.0
SKU00210,2025-09-22,46,42.0
SKU00210,2025-09-29,72,58.0
SKU00210,2025-10-06,30,67.0
SKU00210,2025-10-13,62,58.0
SKU00210,2025-10-20,52,28.0
SKU00210,2025-10-27,86,71.0
SKU00210,2025-11-03,97,140.0
SKU00210,2025-11-10,100,79.0
SKU00210,2025-11-17,84,120.0
SKU00210,2025-11-24,57,112.0
SKU00210,2025-12-01,98,98.0
SKU00210,2025-12-08,78,90.0
SKU00210,2025-12-15,73,80.0
SKU00210,2025-12-22,88,67.0
SKU00210,2025-12-29,21,56.0
SKU00211,2024-01-01,74,
SKU00211,2024-01-08,69,
SKU00211,2024-01-15,42,
SKU00211,2024-01-22,28,
SKU00211,2024-01-29,54,
SKU00211,2024-02-05,51,
SKU00211,2024-02-12,46,
SKU00211,2024-02-19,48,
SKU00211,2024-02-26,50,
SKU00211,2024-03-04,61,
SKU00211,2024-03-11,44,
SKU00211,2024-03-18,51,
SKU00211,2024-03-25,40,
SKU00211,2024-04-01,59,
SKU00211,2024-04-08,51,
SKU00211,2024-04-15,52,
SKU00211,2024-04-22,45,
SKU00211,2024-04-29,20,
SKU00211,2024-05-06,71,
SKU00211,2024-05-13,38,
SKU00211,2024-05-20,34,
SKU00211,2024-05-27,80,
SKU00211,2024-06-03,42,
SKU00211,2024-06-10,62,
SKU00211,2024-06-17,69,
SKU00211,2024-06-24,80,
SKU00211,2024-07-01,44,
SKU00211,2024-07-08,76,
SKU00211,2024-07-15,52,
SKU00211,2024-07-22,54,
SKU00211,2024-07-29,50,
SKU00211,2024-08-05,66,
SKU00211,2024-08-12,39,
SKU00211,2024-08-19,100,
SKU00211,2024-08-26,21,
SKU00211,2024-09-02,20,
SKU00211,2024-09-09,66,
SKU00211,2024-09-16,36,
SKU00211,2024-09-23,90,
SKU00211,2024-09-30,54,
SKU00211,2024-10-07,33,
SKU00211,2024-10-14,58,
SKU00211,2024-10-21,86,
SKU00211,2024-10-28,63,
SKU00211,2024-11-04,92,
SKU00211,2024-11-11,89,
SKU00211,2024-11-18,66,
SKU00211,2024-11-25,68,
SKU00211,2024-12-02,102,
SKU00211,2024-12-09,97,
SKU00211,2024-12-16,82,
SKU00211,2024-12-23,114,
SKU00211,2024-12-30,48,74.0
SKU00211,2025-01-06,72,69.0
SKU00211,2025-01-13,26,42.0
SKU00211,2025-01-20,55,28.0
SKU00211,2025-01-27,28,54.0
SKU00211,2025-02-03,29,51.0
SKU00211,2025-02-10,36,46.0
SKU00211,2025-02-17,45,48.0
SKU00211,2025-02-24,33,50.0
SKU00211,2025-03-03,58,61.0
SKU00211,2025-03-10,49,44.0
SKU00211,2025-03-17,37,51.0
SKU00211,2025-03-24,51,40.0
SKU00211,2025-03-31,23,59.0
SKU00211,2025-04-07,98,51.0
SKU00211,2025-04-14,32,52.0
SKU00211,2025-04-21,44,45.0
SKU00211,2025-04-28,61,20.0
SKU00211,2025-05-05,47,71.0
SKU00211,2025-05-12,49,38.0
SKU00211,2025-05-19,31,34.0
SKU00211,2025-05-26,50,80.0
SKU00211,2025-06-02,88,42.0
SKU00211,2025-06-09,59,62.0
SKU00211,2025-06-16,49,69.0
SKU00211,2025-06-23,50,80.0
SKU00211,2025-06-30,39,44.0
SKU00211,2025-07-07,44,76.0
SKU00211,2025-07-14,65,52.0
SKU00211,2025-07-21,55,54.0
SKU00211,2025-07-28,56,50.0
SKU00211,2025-08-04,42,66.0
SKU00211,2025-08-11,72,39.0
SKU00211,2025-08-18,73,100.0
SKU00211,2025-08-25,48,21.0
SKU00211,2025-09-01,70,20.0
SKU00211,2025-09-08,64,66.0
SKU00211,2025-09-15,41,36.0
SKU00211,2025-09-22,49,90.0
SKU00211,2025-09-29,53,54.0
SKU00211,2025-10-06,58,33.0
SKU00211,2025-10-13,39,58.0
SKU00211,2025-10-20,53,86.0
SKU00211,2025-10-27,53,63.0
SKU00211,2025-11-03,110,92.0
SKU00211,2025-11-10,95,89.0
SKU00211,2025-11-17,70,66.0
SKU00211,2025-11-24,72,68.0
SKU00211,2025-12-01,70,102.0
SKU00211,2025-12-08,54,97.0
SKU00211,2025-12-15,105,82.0
SKU00211,2025-12-22,78,114.0
SKU00211,2025-12-29,51,48.0
SKU00212,2024-01-01,46,
SKU00212,2024-01-08,39,
SKU00212,2024-01-15,32,
SKU00212,2024-01-22,63,
SKU00212,2024-01-29,43,
SKU00212,2024-02-05,35,
SKU00212,2024-02-12,68,
SKU00212,2024-02-19,53,
SKU00212,2024-02-26,56,
SKU00212,2024-03-04,56,
SKU00212,2024-03-11,82,
SKU00212,2024-03-18,73,
SKU00212,2024-03-25,58,
SKU00212,2024-04-01,58,
SKU00212,2024-04-08,50,
SKU00212,2024-04-15,62,
SKU00212,2024-04-22,41,
SKU00212,2024-04-29,92,
SKU00212,2024-05-06,53,
SKU00212,2024-05-13,43,
SKU00212,2024-05-20,69,
SKU00212,2024-05-27,83,
SKU00212,2024-06-03,45,
SKU00212,2024-06-10,72,
SKU00212,2024-06-17,43,
SKU00212,2024-06-24,56,
SKU00212,2024-07-01,39,
SKU00212,2024-07-08,55,
SKU00212,2024-07-15,56,
SKU00212,2024-07-22,39,
SKU00212,2024-07-29,26,
SKU00212,2024-08-05,38,
SKU00212,2024-08-12,73,
SKU00212,2024-08-19,63,
SKU00212,2024-08-26,31,
SKU00212,2024-09-02,67,
SKU00212,2024-09-09,62,
SKU00212,2024-09-16,38,
SKU00212,2024-09-23,58,
SKU00212,2024-09-30,43,
SKU00212,2024-10-07,77,
SKU00212,2024-10-14,62,
SKU00212,2024-10-21,54,
SKU00212,2024-10-28,78,
SKU00212,2024-11-04,78,
SKU00212,2024-11-11,77,
SKU00212,2024-11-18,103,
SKU00212,2024-11-25,97,
SKU00212,2024-12-02,121,
SKU00212,2024-12-09,95,
SKU00212,2024-12-16,62,
SKU00212,2024-12-23,80,
SKU00212,2024-12-30,33,46.0
SKU00212,2025-01-06,30,39.0
SKU00212,2025-01-13,78,32.0
SKU00212,2025-01-20,54,63.0
SKU00212,2025-01-27,23,43.0
SKU00212,2025-02-03,30,35.0
SKU00212,2025-02-10,78,68.0
SKU00212,2025-02-17,36,53.0
SKU00212,2025-02-24,60,56.0
SKU00212,2025-03-03,46,56.0
SKU00212,2025-03-10,25,82.0
SKU00212,2025-03-17,53,73.0
SKU00212,2025-03-24,51,58.0
SKU00212,2025-03-31,57,58.0
SKU00212,2025-04-07,31,50.0
SKU00212,2025-04-14,71,62.0
SKU00212,2025-04-21,65,41.0
SKU00212,2025-04-28,30,92.0
SKU00212,2025-05-05,80,53.0
SKU00212,2025-05-12,53,43.0
SKU00212,2025-05-19,74,69.0
SKU00212,2025-05-26,76,83.0
SKU00212,2025-06-02,41,45.0
SKU00212,2025-06-09,45,72.0
SKU00212,2025-06-16,81,43.0
SKU00212,2025-06-23,71,56.0
SKU00212,2025-06-30,30,39.0
SKU00212,2025-07-07,58,55.0
SKU00212,2025-07-14,41,56.0
SKU00212,2025-07-21,71,39.0
SKU00212,2025-07-28,38,26.0
SKU00212,2025-08-04,47,38.0
SKU00212,2025-08-11,69,73.0
SKU00212,2025-08-18,50,63.0
SKU00212,2025-08-25,58,31.0
SKU00212,2025-09-01,58,67.0
SKU00212,2025-09-08,38,62.0
SKU00212,2025-09-15,40,38.0
SKU00212,2025-09-22,30,58.0
SKU00212,2025-09-29,37,43.0
SKU00212,2025-10-06,44,77.0
SKU00212,2025-10-13,75,62.0
SKU00212,2025-10-20,52,54.0
SKU00212,2025-10-27,61,78.0
SKU00212,2025-11-03,75,78.0
SKU00212,2025-11-10,73,77.0
SKU00212,2025-11-17,109,103.0
SKU00212,2025-11-24,113,97.0
SKU00212,2025-12-01,95,121.0
SKU00212,2025-12-08,108,95.0
SKU00212,2025-12-15,129,62.0
SKU00212,2025-12-22,89,80.0
SKU00212,2025-12-29,20,33.0
SKU00213,2024-01-01,44,
SKU00213,2024-01-08,44,
SKU00213,2024-01-15,59,
SKU00213,2024-01-22,44,
SKU00213,2024-01-29,54,
SKU00213,2024-02-05,38,
SKU00213,2024-02-12,44,
SKU00213,2024-02-19,56,
SKU00213,2024-02-26,63,
SKU00213,2024-03-04,75,
SKU00213,2024-03-11,90,
SKU00213,2024-03-18,39,
SKU00213,2024-03-25,38,
SKU00213,2024-04-01,60,
SKU00213,2024-04-08,65,
SKU00213,2024-04-15,39,
SKU00213,2024-04-22,29,
SKU00213,2024-04-29,77,
SKU00213,2024-05-06,32,
SKU00213,2024-05-13,46,
SKU00213,2024-05-20,36,
SKU00213,2024-05-27,50,
SKU00213,2024-06-03,64,
SKU00213,2024-06-10,31,
SKU00213,2024-06-17,44,
SKU00213,2024-06-24,42,
SKU00213,2024-07-01,69,
SKU00213,2024-07-08,29,
SKU00213,2024-07-15,59,
SKU00213,2024-07-22,79,
SKU00213,2024-07-29,59,
SKU00213,2024-08-05,41,
SKU00213,2024-08-12,41,
SKU00213,2024-08-19,54,
SKU00213,2024-08-26,41,
SKU00213,2024-09-02,80,
SKU00213,2024-09-09,53,
SKU00213,2024-09-16,25,
SKU00213,2024-09-23,66,
SKU00213,2024-09-30,23,
SKU00213,2024-10-07,43,
SKU00213,2024-10-14,40,
SKU00213,2024-10-21,36,
SKU00213,2024-10-28,101,
SKU00213,2024-11-04,93,
SKU00213,2024-11-11,73,
SKU00213,2024-11-18,91,
SKU00213,2024-11-25,66,
SKU00213,2024-12-02,90,
SKU00213,2024-12-09,62,
SKU00213,2024-12-16,102,
SKU00213,2024-12-23,93,
SKU00213,2024-12-30,52,44.0
SKU00213,2025-01-06,51,44.0
SKU00213,2025-01-13,47,59.0
SKU00213,2025-01-20,49,44.0
SKU00213,2025-01-27,38,54.0
SKU00213,2025-02-03,40,38.0
SKU00213,2025-02-10,63,44.0
SKU00213,2025-02-17,57,56.0
SKU00213,2025-02-24,76,63.0
SKU00213,2025-03-03,34,75.0
SKU00213,2025-03-10,41,90.0
SKU00213,2025-03-17,59,39.0
SKU00213,2025-03-24,39,38.0
SKU00213,2025-03-31,63,60.0
SKU00213,2025-04-07,76,65.0
SKU00213,2025-04-14,64,39.0
SKU00213,2025-04-21,57,29.0
SKU00213,2025-04-28,32,77.0
SKU00213,2025-05-05,57,32.0
SKU00213,2025-05-12,60,46.0
SKU00213,2025-05-19,40,36.0
SKU00213,2025-05-26,66,50.0
SKU00213,2025-06-02,22,64.0
SKU00213,2025-06-09,46,31.0
SKU00213,2025-06-16,53,44.0
SKU00213,2025-06-23,50,42.0
SKU00213,2025-06-30,47,69.0
SKU00213,2025-07-07,68,29.0
SKU00213,2025-07-14,51,59.0
SKU00213,2025-07-21,38,79.0
SKU00213,2025-07-28,33,59.0
SKU00213,2025-08-04,39,41.0
SKU00213,2025-08-11,54,41.0
SKU00213,2025-08-18,46,54.0
SKU00213,2025-08-25,61,41.0
SKU00213,2025-09-01,45,80.0
SKU00213,2025-09-08,46,53.0
SKU00213,2025-09-15,58,25.0
SKU00213,2025-09-22,52,66.0
SKU00213,2025-09-29,68,23.0
SKU00213,2025-10-06,56,43.0
SKU00213,2025-10-13,46,40.0
SKU00213,2025-10-20,29,36.0
SKU00213,2025-10-27,39,101.0
SKU00213,2025-11-03,84,93.0
SKU00213,2025-11-10,107,73.0
SKU00213,2025-11-17,113,91.0
SKU00213,2025-11-24,101,66.0
SKU00213,2025-12-01,69,90.0
SKU00213,2025-12-08,43,62.0
SKU00213,2025-12-15,70,102.0
SKU00213,2025-12-22,81,93.0
SKU00213,2025-12-29,44,52.0
SKU00214,2024-01-01,54,
SKU00214,2024-01-08,24,
SKU00214,2024-01-15,81,
SKU00214,2024-01-22,63,
SKU00214,2024-01-29,45,
SKU00214,2024-02-05,64,
SKU00214,2024-02-12,39,
SKU00214,2024-02-19,25,
SKU00214,2024-02-26,46,
SKU00214,2024-03-04,76,
SKU00214,2024-03-11,67,
SKU00214,2024-03-18,66,
SKU00214,2024-03-25,75,
SKU00214,2024-04-01,49,
SKU00214,2024-04-08,62,
SKU00214,2024-04-15,88,
SKU00214,2024-04-22,54,
SKU00214,2024-04-29,64,
SKU00214,2024-05-06,35,
SKU00214,2024-05-13,49,
SKU00214,2024-05-20,60,
SKU00214,2024-05-27,81,
SKU00214,2024-06-03,77,
SKU00214,2024-06-10,59,
SKU00214,2024-06-17,41,
SKU00214,2024-06-24,50,
SKU00214,2024-07-01,55,
SKU00214,2024-07-08,44,
SKU00214,2024-07-15,59,
SKU00214,2024-07-22,71,
SKU00214,2024-07-29,42,
SKU00214,2024-08-05,64,
SKU00214,2024-08-12,47,
SKU00214,2024-08-19,51,
SKU00214,2024-08-26,79,
SKU00214,2024-09-02,47,
SKU00214,2024-09-09,69,
SKU00214,2024-09-16,70,
SKU00214,2024-09-23,61,
SKU00214,2024-09-30,58,
SKU00214,2024-10-07,51,
SKU00214,2024-10-14,52,
SKU00214,2024-10-21,47,
SKU00214,2024-10-28,85,
SKU00214,2024-11-04,112,
SKU00214,2024-11-11,106,
SKU00214,2024-11-18,56,
SKU00214,2024-11-25,111,
SKU00214,2024-12-02,56,
SKU00214,2024-12-09,82,
SKU00214,2024-12-16,122,
SKU00214,2024-12-23,89,
SKU00214,2024-12-30,47,54.0
SKU00214,2025-01-06,25,24.0
SKU00214,2025-01-13,54,81.0
SKU00214,2025-01-20,36,63.0
SKU00214,2025-01-27,55,45.0
SKU00214,2025-02-03,35,64.0
SKU00214,2025-02-10,43,39.0
SKU00214,2025-02-17,41,25.0
SKU00214,2025-02-24,28,46.0
SKU00214,2025-03-03,53,76.0
SKU00214,2025-03-10,62,67.0
SKU00214,2025-03-17,50,66.0
SKU00214,2025-03-24,49,75.0
SKU00214,2025-03-31,52,49.0
SKU00214,2025-04-07,50,62.0
SKU00214,2025-04-14,51,88.0
SKU00214,2025-04-21,62,54.0
SKU00214,2025-04-28,39,64.0
SKU00214,2025-05-05,56,35.0
SKU00214,2025-05-12,65,49.0
SKU00214,2025-05-19,64,60.0
SKU00214,2025-05-26,55,81.0
SKU00214,2025-06-02,33,77.0
SKU00214,2025-06-09,60,59.0
SKU00214,2025-06-16,57,41.0
SKU00214,2025-06-23,56,50.0
SKU00214,2025-06-30,58,55.0
SKU00214,2025-07-07,59,44.0
SKU00214,2025-07-14,64,59.0
SKU00214,2025-07-21,61,71.0
SKU00214,2025-07-28,73,42.0
SKU00214,2025-08-04,24,64.0
SKU00214,2025-08-11,60,47.0
SKU00214,2025-08-18,34,51.0
SKU00214,2025-08-25,76,79.0
SKU00214,2025-09-01,49,47.0
SKU00214,2025-09-08,44,69.0
SKU00214,2025-09-15,38,70.0
SKU00214,2025-09-22,53,61.0
SKU00214,2025-09-29,56,58.0
SKU00214,2025-10-06,51,51.0
SKU00214,2025-10-13,35,52.0
SKU00214,2025-10-20,67,47.0
SKU00214,2025-10-27,67,85.0
SKU00214,2025-11-03,125,112.0
SKU00214,2025-11-10,92,106.0
SKU00214,2025-11-17,96,56.0
SKU00214,2025-11-24,107,111.0
SKU00214,2025-12-01,108,56.0
SKU00214,2025-12-08,102,82.0
SKU00214,2025-12-15,72,122.0
SKU00214,2025-12-22,70,89.0
SKU00214,2025-12-29,33,47.0
SKU00215,2024-01-01,44,
SKU00215,2024-01-08,22,
SKU00215,2024-01-15,23,
SKU00215,2024-01-22,64,
SKU00215,2024-01-29,43,
SKU00215,2024-02-05,59,
SKU00215,2024-02-12,32,
SKU00215,2024-02-19,50,
SKU00215,2024-02-26,32,
SKU00215,2024-03-04,60,
SKU00215,2024-03-11,61,
SKU00215,2024-03-18,56,
SKU00215,2024-03-25,59,
SKU00215,2024-04-01,66,
SKU00215,2024-04-08,30,
SKU00215,2024-04-15,50,
SKU00215,2024-04-22,34,
SKU00215,2024-04-29,69,
SKU00215,2024-05-06,95,
SKU00215,2024-05-13,68,
SKU00215,2024-05-20,57,
SKU00215,2024-05-27,24,
SKU00215,2024-06-03,90,
SKU00215,2024-06-10,51,
SKU00215,2024-06-17,45,
SKU00215,2024-06-24,36,
SKU00215,2024-07-01,54,
SKU00215,2024-07-08,67,
SKU00215,2024-07-15,44,
SKU00215,2024-07-22,43,
SKU00215,2024-07-29,50,
SKU00215,2024-08-05,38,
SKU00215,2024-08-12,45,
SKU00215,2024-08-19,34,
SKU00215,2024-08-26,38,
SKU00215,2024-09-02,50,
SKU00215,2024-09-09,57,
SKU00215,2024-09-16,56,
SKU00215,2024-09-23,48,
SKU00215,2024-09-30,52,
SKU00215,2024-10-07,44,
SKU00215,2024-10-14,72,
SKU00215,2024-10-21,41,
SKU00215,2024-10-28,94,
SKU00215,2024-11-04,114,
SKU00215,2024-11-11,97,
SKU00215,2024-11-18,99,
SKU00215,2024-11-25,54,
SKU00215,2024-12-02,131,
SKU00215,2024-12-09,73,
SKU00215,2024-12-16,98,
SKU00215,2024-12-23,70,
SKU00215,2024-12-30,41,44.0
SKU00215,2025-01-06,37,22.0
SKU00215,2025-01-13,82,23.0
SKU00215,2025-01-20,31,64.0
SKU00215,2025-01-27,46,43.0
SKU00215,2025-02-03,43,59.0
SKU00215,2025-02-10,57,32.0
SKU00215,2025-02-17,84,50.0
SKU00215,2025-02-24,36,32.0
SKU00215,2025-03-03,53,60.0
SKU00215,2025-03-10,36,61.0
SKU00215,2025-03-17,71,56.0
SKU00215,2025-03-24,42,59.0
SKU00215,2025-03-31,49,66.0
SKU00215,2025-04-07,92,30.0
SKU00215,2025-04-14,73,50.0
SKU00215,2025-04-21,51,34.0
SKU00215,2025-04-28,42,69.0
SKU00215,2025-05-05,60,95.0
SKU00215,2025-05-12,66,68.0
SKU00215,2025-05-19,43,57.0
SKU00215,2025-05-26,36,24.0
SKU00215,2025-06-02,61,90.0
SKU00215,2025-06-09,56,51.0
SKU00215,2025-06-16,47,45.0
SKU00215,2025-06-23,50,36.0
SKU00215,2025-06-30,50,54.0
SKU00215,2025-07-07,57,67.0
SKU00215,2025-07-14,79,44.0
SKU00215,2025-07-21,49,43.0
SKU00215,2025-07-28,60,50.0
SKU00215,2025-08-04,64,38.0
SKU00215,2025-08-11,62,45.0
SKU00215,2025-08-18,27,34.0
SKU00215,2025-08-25,86,38.0
SKU00215,2025-09-01,71,50.0
SKU00215,2025-09-08,51,57.0
SKU00215,2025-09-15,71,56.0
SKU00215,2025-09-22,59,48.0
SKU00215,2025-09-29,55,52.0
SKU00215,2025-10-06,41,44.0
SKU00215,2025-10-13,67,72.0
SKU00215,2025-10-20,44,41.0
SKU00215,2025-10-27,52,94.0
SKU00215,2025-11-03,99,114.0
SKU00215,2025-11-10,58,97.0
SKU00215,2025-11-17,65,99.0
SKU00215,2025-11-24,111,54.0
SKU00215,2025-12-01,89,131.0
SKU00215,2025-12-08,76,73.0
SKU00215,2025-12-15,105,98.0
SKU00215,2025-12-22,78,70.0
SKU00215,2025-12-29,30,41.0
SKU00216,2024-01-01,63,
SKU00216,2024-01-08,36,
SKU00216,2024-01-15,16,
SKU00216,2024-01-22,82,
SKU00216,2024-01-29,28,
SKU00216,2024-02-05,40,
SKU00216,2024-02-12,47,
SKU00216,2024-02-19,54,
SKU00216,2024-02-26,35,
SKU00216,2024-03-04,105,
SKU00216,2024-03-11,32,
SKU00216,2024-03-18,42,
SKU00216,2024-03-25,52,
SKU00216,2024-04-01,31,
SKU00216,2024-04-08,39,
SKU00216,2024-04-15,70,
SKU00216,2024-04-22,36,
SKU00216,2024-04-29,52,
SKU00216,2024-05-06,57,
SKU00216,2024-05-13,51,
SKU00216,2024-05-20,32,
SKU00216,2024-05-27,39,
SKU00216,2024-06-03,42,
SKU00216,2024-06-10,21,
SKU00216,2024-06-17,57,
SKU00216,2024-06-24,56,
SKU00216,2024-07-01,49,
SKU00216,2024-07-08,49,
SKU00216,2024-07-15,49,
SKU00216,2024-07-22,71,
SKU00216,2024-07-29,73,
SKU00216,2024-08-05,74,
SKU00216,2024-08-12,41,
SKU00216,2024-08-19,49,
SKU00216,2024-08-26,64,
SKU00216,2024-09-02,66,
SKU00216,2024-09-09,63,
SKU00216,2024-09-16,59,
SKU00216,2024-09-23,45,
SKU00216,2024-09-30,38,
SKU00216,2024-10-07,62,
SKU00216,2024-10-14,47,
SKU00216,2024-10-21,50,
SKU00216,2024-10-28,51,
SKU00216,2024-11-04,58,
SKU00216,2024-11-11,107,
SKU00216,2024-11-18,80,
SKU00216,2024-11-25,83,
SKU00216,2024-12-02,122,
SKU00216,2024-12-09,52,
SKU00216,2024-12-16,111,
SKU00216,2024-12-23,87,
SKU00216,2024-12-30,48,63.0
SKU00216,2025-01-06,46,36.0
SKU00216,2025-01-13,61,16.0
SKU00216,2025-01-20,53,82.0
SKU00216,2025-01-27,43,28.0
SKU00216,2025-02-03,62,40.0
SKU00216,2025-02-10,45,47.0
SKU00216,2025-02-17,37,54.0
SKU00216,2025-02-24,42,35.0
SKU00216,2025-03-03,36,105.0
SKU00216,2025-03-10,31,32.0
SKU00216,2025-03-17,48,42.0
SKU00216,2025-03-24,76,52.0
SKU00216,2025-03-31,51,31.0
SKU00216,2025-04-07,53,39.0
SKU00216,2025-04-14,97,70.0
SKU00216,2025-04-21,62,36.0
SKU00216,2025-04-28,73,52.0
SKU00216,2025-05-05,64,57.0
SKU00216,2025-05-12,35,51.0
SKU00216,2025-05-19,38,32.0
SKU00216,2025-05-26,47,39.0
SKU00216,2025-06-02,30,42.0
SKU00216,2025-06-09,53,21.0
SKU00216,2025-06-16,56,57.0
SKU00216,2025-06-23,67,56.0
SKU00216,2025-06-30,79,49.0
SKU00216,2025-07-07,69,49.0
SKU00216,2025-07-14,62,49.0
SKU00216,2025-07-21,74,71.0
SKU00216,2025-07-28,58,73.0
SKU00216,2025-08-04,41,74.0
SKU00216,2025-08-11,51,41.0
SKU00216,2025-08-18,55,49.0
SKU00216,2025-08-25,60,64.0
SKU00216,2025-09-01,36,66.0
SKU00216,2025-09-08,45,63.0
SKU00216,2025-09-15,55,59.0
SKU00216,2025-09-22,60,45.0
SKU00216,2025-09-29,65,38.0
SKU00216,2025-10-06,62,62.0
SKU00216,2025-10-13,65,47.0
SKU00216,2025-10-20,62,50.0
SKU00216,2025-10-27,45,51.0
SKU00216,2025-11-03,57,58.0
SKU00216,2025-11-10,64,107.0
SKU00216,2025-11-17,92,80.0
SKU00216,2025-11-24,106,83.0
SKU00216,2025-12-01,47,122.0
SKU00216,2025-12-08,106,52.0
SKU00216,2025-12-15,119,111.0
SKU00216,2025-12-22,87,87.0
SKU00216,2025-12-29,24,48.0
SKU00217,2024-01-01,53,
SKU00217,2024-01-08,27,
SKU00217,2024-01-15,29,
SKU00217,2024-01-22,50,
SKU00217,2024-01-29,68,
SKU00217,2024-02-05,37,
SKU00217,2024-02-12,70,
SKU00217,2024-02-19,40,
SKU00217,2024-02-26,36,
SKU00217,2024-03-04,51,
SKU00217,2024-03-11,52,
SKU00217,2024-03-18,35,
SKU00217,2024-03-25,48,
SKU00217,2024-04-01,84,
SKU00217,2024-04-08,33,
SKU00217,2024-04-15,28,
SKU00217,2024-04-22,55,
SKU00217,2024-04-29,67,
SKU00217,2024-05-06,50,
SKU00217,2024-05-13,57,
SKU00217,2024-05-20,41,
SKU00217,2024-05-27,36,
SKU00217,2024-06-03,55,
SKU00217,2024-06-10,97,
SKU00217,2024-06-17,80,
SKU00217,2024-06-24,38,
SKU00217,2024-07-01,55,
SKU00217,2024-07-08,42,
SKU00217,2024-07-15,57,
SKU00217,2024-07-22,43,
SKU00217,2024-07-29,33,
SKU00217,2024-08-05,58,
SKU00217,2024-08-12,50,
SKU00217,2024-08-19,43,
SKU00217,2024-08-26,58,
SKU00217,2024-09-02,29,
SKU00217,2024-09-09,63,
SKU00217,2024-09-16,52,
SKU00217,2024-09-23,62,
SKU00217,2024-09-30,22,
SKU00217,2024-10-07,61,
SKU00217,2024-10-14,38,
SKU00217,2024-10-21,40,
SKU00217,2024-10-28,65,
SKU00217,2024-11-04,82,
SKU00217,2024-11-11,78,
SKU00217,2024-11-18,74,
SKU00217,2024-11-25,94,
SKU00217,2024-12-02,73,
SKU00217,2024-12-09,109,
SKU00217,2024-12-16,112,
SKU00217,2024-12-23,45,
SKU00217,2024-12-30,66,53.0
SKU00217,2025-01-06,49,27.0
SKU00217,2025-01-13,50,29.0
SKU00217,2025-01-20,40,50.0
SKU00217,2025-01-27,51,68.0
SKU00217,2025-02-03,27,37.0
SKU00217,2025-02-10,39,70.0
SKU00217,2025-02-17,51,40.0
SKU00217,2025-02-24,53,36.0
SKU00217,2025-03-03,43,51.0
SKU00217,2025-03-10,57,52.0
SKU00217,2025-03-17,44,35.0
SKU00217,2025-03-24,48,48.0
SKU00217,2025-03-31,69,84.0
SKU00217,2025-04-07,58,33.0
SKU00217,2025-04-14,80,28.0
SKU00217,2025-04-21,60,55.0
SKU00217,2025-04-28,39,67.0
SKU00217,2025-05-05,37,50.0
SKU00217,2025-05-12,57,57.0
SKU00217,2025-05-19,59,41.0
SKU00217,2025-05-26,48,36.0
SKU00217,2025-06-02,41,55.0
SKU00217,2025-06-09,60,97.0
SKU00217,2025-06-16,57,80.0
SKU00217,2025-06-23,51,38.0
SKU00217,2025-06-30,32,55.0
SKU00217,2025-07-07,62,42.0
SKU00217,2025-07-14,64,57.0
SKU00217,2025-07-21,31,43.0
SKU00217,2025-07-28,32,33.0
SKU00217,2025-08-04,66,58.0
SKU00217,2025-08-11,45,50.0
SKU00217,2025-08-18,72,43.0
SKU00217,2025-08-25,38,58.0
SKU00217,2025-09-01,69,29.0
SKU00217,2025-09-08,41,63.0
SKU00217,2025-09-15,55,52.0
SKU00217,2025-09-22,49,62.0
SKU00217,2025-09-29,66,22.0
SKU00217,2025-10-06,73,61.0
SKU00217,2025-10-13,48,38.0
SKU00217,2025-10-20,39,40.0
SKU00217,2025-10-27,91,65.0
SKU00217,2025-11-03,87,82.0
SKU00217,2025-11-10,106,78.0
SKU00217,2025-11-17,93,74.0
SKU00217,2025-11-24,60,94.0
SKU00217,2025-12-01,91,73.0
SKU00217,2025-12-08,79,109.0
SKU00217,2025-12-15,109,112.0
SKU00217,2025-12-22,108,45.0
SKU00217,2025-12-29,24,66.0
SKU00218,2024-01-01,76,
SKU00218,2024-01-08,75,
SKU00218,2024-01-15,25,
SKU00218,2024-01-22,39,
SKU00218,2024-01-29,35,
SKU00218,2024-02-05,99,
SKU00218,2024-02-12,65,
SKU00218,2024-02-19,29,
SKU00218,2024-02-26,36,
SKU00218,2024-03-04,55,
SKU00218,2024-03-11,47,
SKU00218,2024-03-18,35,
SKU00218,2024-03-25,46,
SKU00218,2024-04-01,41,
SKU00218,2024-04-08,73,
SKU00218,2024-04-15,52,
SKU00218,2024-04-22,62,
SKU00218,2024-04-29,70,
SKU00218,2024-05-06,36,
SKU00218,2024-05-13,65,
SKU00218,2024-05-20,47,
SKU00218,2024-05-27,22,
SKU00218,2024-06-03,47,
SKU00218,2024-06-10,44,
SKU00218,2024-06-17,50,
SKU00218,2024-06-24,58,
SKU00218,2024-07-01,51,
SKU00218,2024-07-08,53,
SKU00218,2024-07-15,51,
SKU00218,2024-07-22,72,
SKU00218,2024-07-29,54,
SKU00218,2024-08-05,71,
SKU00218,2024-08-12,49,
SKU00218,2024-08-19,39,
SKU00218,2024-08-26,49,
SKU00218,2024-09-02,49,
SKU00218,2024-09-09,39,
SKU00218,2024-09-16,48,
SKU00218,2024-09-23,77,
SKU00218,2024-09-30,64,
SKU00218,2024-10-07,59,
SKU00218,2024-10-14,80,
SKU00218,2024-10-21,82,
SKU00218,2024-10-28,70,
SKU00218,2024-11-04,115,
SKU00218,2024-11-11,78,
SKU00218,2024-11-18,66,
SKU00218,2024-11-25,94,
SKU00218,2024-12-02,121,
SKU00218,2024-12-09,95,
SKU00218,2024-12-16,93,
SKU00218,2024-12-23,71,
SKU00218,2024-12-30,89,76.0
SKU00218,2025-01-06,41,75.0
SKU00218,2025-01-13,52,25.0
SKU00218,2025-01-20,29,39.0
SKU00218,2025-01-27,36,35.0
SKU00218,2025-02-03,33,99.0
SKU00218,2025-02-10,47,65.0
SKU00218,2025-02-17,46,29.0
SKU00218,2025-02-24,47,36.0
SKU00218,2025-03-03,57,55.0
SKU00218,2025-03-10,38,47.0
SKU00218,2025-03-17,75,35.0
SKU00218,2025-03-24,55,46.0
SKU00218,2025-03-31,46,41.0
SKU00218,2025-04-07,53,73.0
SKU00218,2025-04-14,68,52.0
SKU00218,2025-04-21,48,62.0
SKU00218,2025-04-28,46,70.0
SKU00218,2025-05-05,42,36.0
SKU00218,2025-05-12,79,65.0
SKU00218,2025-05-19,79,47.0
SKU00218,2025-05-26,29,22.0
SKU00218,2025-06-02,50,47.0
SKU00218,2025-06-09,40,44.0
SKU00218,2025-06-16,67,50.0
SKU00218,2025-06-23,47,58.0
SKU00218,2025-06-30,76,51.0
SKU00218,2025-07-07,64,53.0
SKU00218,2025-07-14,35,51.0
SKU00218,2025-07-21,41,72.0
SKU00218,2025-07-28,45,54.0
SKU00218,2025-08-04,65,71.0
SKU00218,2025-08-11,56,49.0
SKU00218,2025-08-18,59,39.0
SKU00218,2025-08-25,51,49.0
SKU00218,2025-09-01,55,49.0
SKU00218,2025-09-08,37,39.0
SKU00218,2025-09-15,71,48.0
SKU00218,2025-09-22,71,77.0
SKU00218,2025-09-29,48,64.0
SKU00218,2025-10-06,38,59.0
SKU00218,2025-10-13,74,80.0
SKU00218,2025-10-20,36,82.0
SKU00218,2025-10-27,42,70.0
SKU00218,2025-11-03,76,115.0
SKU00218,2025-11-10,85,78.0
SKU00218,2025-11-17,95,66.0
SKU00218,2025-11-24,82,94.0
SKU00218,2025-12-01,50,121.0
SKU00218,2025-12-08,104,95.0
SKU00218,2025-12-15,73,93.0
SKU00218,2025-12-22,120,71.0
SKU00218,2025-12-29,40,89.0
SKU00219,2024-01-01,53,
SKU00219,2024-01-08,61,
SKU00219,2024-01-15,27,
SKU00219,2024-01-22,43,
SKU00219,2024-01-29,22,
SKU00219,2024-02-05,45,
SKU00219,2024-02-12,48,
SKU00219,2024-02-19,33,
SKU00219,2024-02-26,40,
SKU00219,2024-03-04,54,
SKU00219,2024-03-11,52,
SKU00219,2024-03-18,55,
SKU00219,2024-03-25,53,
SKU00219,2024-04-01,46,
SKU00219,2024-04-08,60,
SKU00219,2024-04-15,41,
SKU00219,2024-04-22,53,
SKU00219,2024-04-29,42,
SKU00219,2024-05-06,62,
SKU00219,2024-05-13,73,
SKU00219,2024-05-20,37,
SKU00219,2024-05-27,75,
SKU00219,2024-06-03,52,
SKU00219,2024-06-10,50,
SKU00219,2024-06-17,53,
SKU00219,2024-06-24,67,
SKU00219,2024-07-01,63,
SKU00219,2024-07-08,85,
SKU00219,2024-07-15,82,
SKU00219,2024-07-22,53,
SKU00219,2024-07-29,50,
SKU00219,2024-08-05,61,
SKU00219,2024-08-12,71,
SKU00219,2024-08-19,53,
SKU00219,2024-08-26,59,
SKU00219,2024-09-02,34,
SKU00219,2024-09-09,39,
SKU00219,2024-09-16,57,
SKU00219,2024-09-23,39,
SKU00219,2024-09-30,31,
SKU00219,2024-10-07,90,
SKU00219,2024-10-14,44,
SKU00219,2024-10-21,47,
SKU00219,2024-10-28,37,
SKU00219,2024-11-04,73,
SKU00219,2024-11-11,85,
SKU00219,2024-11-18,88,
SKU00219,2024-11-25,69,
SKU00219,2024-12-02,77,
SKU00219,2024-12-09,69,
SKU00219,2024-12-16,55,
SKU00219,2024-12-23,91,
SKU00219,2024-12-30,72,53.0
SKU00219,2025-01-06,36,61.0
SKU00219,2025-01-13,47,27.0
SKU00219,2025-01-20,25,43.0
SKU00219,2025-01-27,36,22.0
SKU00219,2025-02-03,48,45.0
SKU00219,2025-02-10,52,48.0
SKU00219,2025-02-17,46,33.0
SKU00219,2025-02-24,36,40.0
SKU00219,2025-03-03,42,54.0
SKU00219,2025-03-10,34,52.0
SKU00219,2025-03-17,36,55.0
SKU00219,2025-03-24,38,53.0
SKU00219,2025-03-31,31,46.0
SKU00219,2025-04-07,38,60.0
SKU00219,2025-04-14,67,41.0
SKU00219,2025-04-21,66,53.0
SKU00219,2025-04-28,50,42.0
SKU00219,2025-05-05,36,62.0
SKU00219,2025-05-12,75,73.0
SKU00219,2025-05-19,80,37.0
SKU00219,2025-05-26,43,75.0
SKU00219,2025-06-02,59,52.0
SKU00219,2025-06-09,46,50.0
SKU00219,2025-06-16,60,53.0
SKU00219,2025-06-23,52,67.0
SKU00219,2025-06-30,56,63.0
SKU00219,2025-07-07,77,85.0
SKU00219,2025-07-14,68,82.0
SKU00219,2025-07-21,46,53.0
SKU00219,2025-07-28,62,50.0
SKU00219,2025-08-04,47,61.0
SKU00219,2025-08-11,77,71.0
SKU00219,2025-08-18,70,53.0
SKU00219,2025-08-25,48,59.0
SKU00219,2025-09-01,82,34.0
SKU00219,2025-09-08,70,39.0
SKU00219,2025-09-15,90,57.0
SKU00219,2025-09-22,46,39.0
SKU00219,2025-09-29,61,31.0
SKU00219,2025-10-06,32,90.0
SKU00219,2025-10-13,45,44.0
SKU00219,2025-10-20,41,47.0
SKU00219,2025-10-27,70,37.0
SKU00219,2025-11-03,96,73.0
SKU00219,2025-11-10,90,85.0
SKU00219,2025-11-17,77,88.0
SKU00219,2025-11-24,81,69.0
SKU00219,2025-12-01,81,77.0
SKU00219,2025-12-08,54,69.0
SKU00219,2025-12-15,68,55.0
SKU00219,2025-12-22,66,91.0
SKU00219,2025-12-29,30,72.0
SKU00220,2024-01-01,33,
SKU00220,2024-01-08,77,
SKU00220,2024-01-15,49,
SKU00220,2024-01-22,30,
SKU00220,2024-01-29,59,
SKU00220,2024-02-05,59,
SKU00220,2024-02-12,14,
SKU00220,2024-02-19,31,
SKU00220,2024-02-26,21,
SKU00220,2024-03-04,65,
SKU00220,2024-03-11,51,
SKU00220,2024-03-18,49,
SKU00220,2024-03-25,56,
SKU00220,2024-04-01,40,
SKU00220,2024-04-08,29,
SKU00220,2024-04-15,35,
SKU00220,2024-04-22,36,
SKU00220,2024-04-29,50,
SKU00220,2024-05-06,64,
SKU00220,2024-05-13,53,
SKU00220,2024-05-20,53,
SKU00220,2024-05-27,29,
SKU00220,2024-06-03,79,
SKU00220,2024-06-10,53,
SKU00220,2024-06-17,40,
SKU00220,2024-06-24,37,
SKU00220,2024-07-01,28,
SKU00220,2024-07-08,65,
SKU00220,2024-07-15,80,
SKU00220,2024-07-22,49,
SKU00220,2024-07-29,70,
SKU00220,2024-08-05,47,
SKU00220,2024-08-12,38,
SKU00220,2024-08-19,96,
SKU00220,2024-08-26,59,
SKU00220,2024-09-02,44,
SKU00220,2024-09-09,60,
SKU00220,2024-09-16,47,
SKU00220,2024-09-23,47,
SKU00220,2024-09-30,62,
SKU00220,2024-10-07,54,
SKU00220,2024-10-14,47,
SKU00220,2024-10-21,64,
SKU00220,2024-10-28,91,
SKU00220,2024-11-04,89,
SKU00220,2024-11-11,53,
SKU00220,2024-11-18,82,
SKU00220,2024-11-25,94,
SKU00220,2024-12-02,94,
SKU00220,2024-12-09,53,
SKU00220,2024-12-16,70,
SKU00220,2024-12-23,113,
SKU00220,2024-12-30,89,33.0
SKU00220,2025-01-06,50,77.0
SKU00220,2025-01-13,45,49.0
SKU00220,2025-01-20,49,30.0
SKU00220,2025-01-27,30,59.0
SKU00220,2025-02-03,74,59.0
SKU00220,2025-02-10,49,14.0
SKU00220,2025-02-17,50,31.0
SKU00220,2025-02-24,71,21.0
SKU00220,2025-03-03,51,65.0
SKU00220,2025-03-10,47,51.0
SKU00220,2025-03-17,81,49.0
SKU00220,2025-03-24,55,56.0
SKU00220,2025-03-31,70,40.0
SKU00220,2025-04-07,47,29.0
SKU00220,2025-04-14,56,35.0
SKU00220,2025-04-21,51,36.0
SKU00220,2025-04-28,48,50.0
SKU00220,2025-05-05,45,64.0
SKU00220,2025-05-12,66,53.0
SKU00220,2025-05-19,68,53.0
SKU00220,2025-05-26,59,29.0
SKU00220,2025-06-02,60,79.0
SKU00220,2025-06-09,59,53.0
SKU00220,2025-06-16,55,40.0
SKU00220,2025-06-23,49,37.0
SKU00220,2025-06-30,63,28.0
SKU00220,2025-07-07,43,65.0
SKU00220,2025-07-14,42,80.0
SKU00220,2025-07-21,69,49.0
SKU00220,2025-07-28,60,70.0
SKU00220,2025-08-04,77,47.0
SKU00220,2025-08-11,50,38.0
SKU00220,2025-08-18,51,96.0
SKU00220,2025-08-25,47,59.0
SKU00220,2025-09-01,52,44.0
SKU00220,2025-09-08,70,60.0
SKU00220,2025-09-15,69,47.0
SKU00220,2025-09-22,38,47.0
SKU00220,2025-09-29,40,62.0
SKU00220,2025-10-06,58,54.0
SKU00220,2025-10-13,42,47.0
SKU00220,2025-10-20,56,64.0
SKU00220,2025-10-27,59,91.0
SKU00220,2025-11-03,100,89.0
SKU00220,2025-11-10,80,53.0
SKU00220,2025-11-17,80,82.0
SKU00220,2025-11-24,136,94.0
SKU00220,2025-12-01,93,94.0
SKU00220,2025-12-08,89,53.0
SKU00220,2025-12-15,114,70.0
SKU00220,2025-12-22,80,113.0
SKU00220,2025-12-29,30,89.0
SKU00221,2024-01-01,32,
SKU00221,2024-01-08,49,
SKU00221,2024-01-15,81,
SKU00221,2024-01-22,15,
SKU00221,2024-01-29,31,
SKU00221,2024-02-05,54,
SKU00221,2024-02-12,30,
SKU00221,2024-02-19,47,
SKU00221,2024-02-26,46,
SKU00221,2024-03-04,47,
SKU00221,2024-03-11,43,
SKU00221,2024-03-18,74,
SKU00221,2024-03-25,77,
SKU00221,2024-04-01,52,
SKU00221,2024-04-08,46,
SKU00221,2024-04-15,52,
SKU00221,2024-04-22,46,
SKU00221,2024-04-29,61,
SKU00221,2024-05-06,27,
SKU00221,2024-05-13,29,
SKU00221,2024-05-20,62,
SKU00221,2024-05-27,28,
SKU00221,2024-06-03,72,
SKU00221,2024-06-10,89,
SKU00221,2024-06-17,77,
SKU00221,2024-06-24,56,
SKU00221,2024-07-01,79,
SKU00221,2024-07-08,56,
SKU00221,2024-07-15,56,
SKU00221,2024-07-22,46,
SKU00221,2024-07-29,38,
SKU00221,2024-08-05,47,
SKU00221,2024-08-12,70,
SKU00221,2024-08-19,43,
SKU00221,2024-08-26,32,
SKU00221,2024-09-02,59,
SKU00221,2024-09-09,71,
SKU00221,2024-09-16,79,
SKU00221,2024-09-23,51,
SKU00221,2024-09-30,42,
SKU00221,2024-10-07,46,
SKU00221,2024-10-14,46,
SKU00221,2024-10-21,53,
SKU00221,2024-10-28,85,
SKU00221,2024-11-04,51,
SKU00221,2024-11-11,108,
SKU00221,2024-11-18,57,
SKU00221,2024-11-25,72,
SKU00221,2024-12-02,87,
SKU00221,2024-12-09,36,
SKU00221,2024-12-16,100,
SKU00221,2024-12-23,114,
SKU00221,2024-12-30,38,32.0
SKU00221,2025-01-06,46,49.0
SKU00221,2025-01-13,25,81.0
SKU00221,2025-01-20,15,15.0
SKU00221,2025-01-27,62,31.0
SKU00221,2025-02-03,50,54.0
SKU00221,2025-02-10,39,30.0
SKU00221,2025-02-17,24,47.0
SKU00221,2025-02-24,32,46.0
SKU00221,2025-03-03,35,47.0
SKU00221,2025-03-10,61,43.0
SKU00221,2025-03-17,41,74.0
SKU00221,2025-03-24,78,77.0
SKU00221,2025-03-31,76,52.0
SKU00221,2025-04-07,41,46.0
SKU00221,2025-04-14,56,52.0
SKU00221,2025-04-21,45,46.0
SKU00221,2025-04-28,68,61.0
SKU00221,2025-05-05,71,27.0
SKU00221,2025-05-12,69,29.0
SKU00221,2025-05-19,52,62.0
SKU00221,2025-05-26,42,28.0
SKU00221,2025-06-02,55,72.0
SKU00221,2025-06-09,51,89.0
SKU00221,2025-06-16,49,77.0
SKU00221,2025-06-23,28,56.0
SKU00221,2025-06-30,70,79.0
SKU00221,2025-07-07,38,56.0
SKU00221,2025-07-14,59,56.0
SKU00221,2025-07-21,57,46.0
SKU00221,2025-07-28,48,38.0
SKU00221,2025-08-04,48,47.0
SKU00221,2025-08-11,48,70.0
SKU00221,2025-08-18,30,43.0
SKU00221,2025-08-25,40,32.0
SKU00221,2025-09-01,59,59.0
SKU00221,2025-09-08,50,71.0
SKU00221,2025-09-15,49,79.0
SKU00221,2025-09-22,65,51.0
SKU00221,2025-09-29,66,42.0
SKU00221,2025-10-06,57,46.0
SKU00221,2025-10-13,53,46.0
SKU00221,2025-10-20,37,53.0
SKU00221,2025-10-27,30,85.0
SKU00221,2025-11-03,59,51.0
SKU00221,2025-11-10,62,108.0
SKU00221,2025-11-17,92,57.0
SKU00221,2025-11-24,94,72.0
SKU00221,2025-12-01,72,87.0
SKU00221,2025-12-08,99,36.0
SKU00221,2025-12-15,83,100.0
SKU00221,2025-12-22,76,114.0
SKU00221,2025-12-29,36,38.0
SKU00222,2024-01-01,37,
SKU00222,2024-01-08,48,
SKU00222,2024-01-15,38,
SKU00222,2024-01-22,34,
SKU00222,2024-01-29,42,
SKU00222,2024-02-05,27,
SKU00222,2024-02-12,61,
SKU00222,2024-02-19,32,
SKU00222,2024-02-26,62,
SKU00222,2024-03-04,40,
SKU00222,2024-03-11,62,
SKU00222,2024-03-18,46,
SKU00222,2024-03-25,82,
SKU00222,2024-04-01,61,
SKU00222,2024-04-08,52,
SKU00222,2024-04-15,57,
SKU00222,2024-04-22,64,
SKU00222,2024-04-29,71,
SKU00222,2024-05-06,37,
SKU00222,2024-05-13,75,
SKU00222,2024-05-20,65,
SKU00222,2024-05-27,47,
SKU00222,2024-06-03,79,
SKU00222,2024-06-10,34,
SKU00222,2024-06-17,58,
SKU00222,2024-06-24,26,
SKU00222,2024-07-01,67,
SKU00222,2024-07-08,56,
SKU00222,2024-07-15,47,
SKU00222,2024-07-22,54,
SKU00222,2024-07-29,32,
SKU00222,2024-08-05,63,
SKU00222,2024-08-12,59,
SKU00222,2024-08-19,28,
SKU00222,2024-08-26,73,
SKU00222,2024-09-02,37,
SKU00222,2024-09-09,66,
SKU00222,2024-09-16,31,
SKU00222,2024-09-23,53,
SKU00222,2024-09-30,51,
SKU00222,2024-10-07,54,
SKU00222,2024-10-14,60,
SKU00222,2024-10-21,52,
SKU00222,2024-10-28,41,
SKU00222,2024-11-04,68,
SKU00222,2024-11-11,82,
SKU00222,2024-11-18,75,
SKU00222,2024-11-25,110,
SKU00222,2024-12-02,107,
SKU00222,2024-12-09,69,
SKU00222,2024-12-16,95,
SKU00222,2024-12-23,93,
SKU00222,2024-12-30,42,37.0
SKU00222,2025-01-06,31,48.0
SKU00222,2025-01-13,61,38.0
SKU00222,2025-01-20,62,34.0
SKU00222,2025-01-27,51,42.0
SKU00222,2025-02-03,63,27.0
SKU00222,2025-02-10,42,61.0
SKU00222,2025-02-17,69,32.0
SKU00222,2025-02-24,34,62.0
SKU00222,2025-03-03,47,40.0
SKU00222,2025-03-10,69,62.0
SKU00222,2025-03-17,64,46.0
SKU00222,2025-03-24,40,82.0
SKU00222,2025-03-31,30,61.0
SKU00222,2025-04-07,36,52.0
SKU00222,2025-04-14,41,57.0
SKU00222,2025-04-21,42,64.0
SKU00222,2025-04-28,37,71.0
SKU00222,2025-05-05,65,37.0
SKU00222,2025-05-12,65,75.0
SKU00222,2025-05-19,50,65.0
SKU00222,2025-05-26,70,47.0
SKU00222,2025-06-02,88,79.0
SKU00222,2025-06-09,78,34.0
SKU00222,2025-06-16,38,58.0
SKU00222,2025-06-23,44,26.0
SKU00222,2025-06-30,65,67.0
SKU00222,2025-07-07,82,56.0
SKU00222,2025-07-14,65,47.0
SKU00222,2025-07-21,31,54.0
SKU00222,2025-07-28,54,32.0
SKU00222,2025-08-04,71,63.0
SKU00222,2025-08-11,37,59.0
SKU00222,2025-08-18,99,28.0
SKU00222,2025-08-25,61,73.0
SKU00222,2025-09-01,72,37.0
SKU00222,2025-09-08,51,66.0
SKU00222,2025-09-15,57,31.0
SKU00222,2025-09-22,43,53.0
SKU00222,2025-09-29,72,51.0
SKU00222,2025-10-06,64,54.0
SKU00222,2025-10-13,25,60.0
SKU00222,2025-10-20,78,52.0
SKU00222,2025-10-27,96,41.0
SKU00222,2025-11-03,100,68.0
SKU00222,2025-11-10,85,82.0
SKU00222,2025-11-17,61,75.0
SKU00222,2025-11-24,92,110.0
SKU00222,2025-12-01,115,107.0
SKU00222,2025-12-08,85,69.0
SKU00222,2025-12-15,74,95.0
SKU00222,2025-12-22,63,93.0
SKU00222,2025-12-29,22,42.0
SKU00223,2024-01-01,52,
SKU00223,2024-01-08,54,
SKU00223,2024-01-15,29,
SKU00223,2024-01-22,32,
SKU00223,2024-01-29,52,
SKU00223,2024-02-05,53,
SKU00223,2024-02-12,46,
SKU00223,2024-02-19,36,
SKU00223,2024-02-26,55,
SKU00223,2024-03-04,44,
SKU00223,2024-03-11,74,
SKU00223,2024-03-18,74,
SKU00223,2024-03-25,57,
SKU00223,2024-04-01,62,
SKU00223,2024-04-08,42,
SKU00223,2024-04-15,70,
SKU00223,2024-04-22,63,
SKU00223,2024-04-29,27,
SKU00223,2024-05-06,40,
SKU00223,2024-05-13,67,
SKU00223,2024-05-20,63,
SKU00223,2024-05-27,41,
SKU00223,2024-06-03,76,
SKU00223,2024-06-10,39,
SKU00223,2024-06-17,76,
SKU00223,2024-06-24,40,
SKU00223,2024-07-01,59,
SKU00223,2024-07-08,54,
SKU00223,2024-07-15,32,
SKU00223,2024-07-22,59,
SKU00223,2024-07-29,67,
SKU00223,2024-08-05,66,
SKU00223,2024-08-12,29,
SKU00223,2024-08-19,43,
SKU00223,2024-08-26,85,
SKU00223,2024-09-02,55,
SKU00223,2024-09-09,55,
SKU00223,2024-09-16,44,
SKU00223,2024-09-23,63,
SKU00223,2024-09-30,69,
SKU00223,2024-10-07,52,
SKU00223,2024-10-14,57,
SKU00223,2024-10-21,59,
SKU00223,2024-10-28,52,
SKU00223,2024-11-04,100,
SKU00223,2024-11-11,71,
SKU00223,2024-11-18,118,
SKU00223,2024-11-25,88,
SKU00223,2024-12-02,70,
SKU00223,2024-12-09,84,
SKU00223,2024-12-16,82,
SKU00223,2024-12-23,134,
SKU00223,2024-12-30,85,52.0
SKU00223,2025-01-06,30,54.0
SKU00223,2025-01-13,44,29.0
SKU00223,2025-01-20,25,32.0
SKU00223,2025-01-27,62,52.0
SKU00223,2025-02-03,34,53.0
SKU00223,2025-02-10,40,46.0
SKU00223,2025-02-17,63,36.0
SKU00223,2025-02-24,38,55.0
SKU00223,2025-03-03,46,44.0
SKU00223,2025-03-10,51,74.0
SKU00223,2025-03-17,71,74.0
SKU00223,2025-03-24,67,57.0
SKU00223,2025-03-31,75,62.0
SKU00223,2025-04-07,44,42.0
SKU00223,2025-04-14,91,70.0
SKU00223,2025-04-21,41,63.0
SKU00223,2025-04-28,65,27.0
SKU00223,2025-05-05,64,40.0
SKU00223,2025-05-12,45,67.0
SKU00223,2025-05-19,41,63.0
SKU00223,2025-05-26,38,41.0
SKU00223,2025-06-02,44,76.0
SKU00223,2025-06-09,56,39.0
SKU00223,2025-06-16,68,76.0
SKU00223,2025-06-23,55,40.0
SKU00223,2025-06-30,60,59.0
SKU00223,2025-07-07,81,54.0
SKU00223,2025-07-14,99,32.0
SKU00223,2025-07-21,65,59.0
SKU00223,2025-07-28,63,67.0
SKU00223,2025-08-04,33,66.0
SKU00223,2025-08-11,51,29.0
SKU00223,2025-08-18,54,43.0
SKU00223,2025-08-25,69,85.0
SKU00223,2025-09-01,47,55.0
SKU00223,2025-09-08,29,55.0
SKU00223,2025-09-15,59,44.0
SKU00223,2025-09-22,50,63.0
SKU00223,2025-09-29,44,69.0
SKU00223,2025-10-06,63,52.0
SKU00223,2025-10-13,37,57.0
SKU00223,2025-10-20,35,59.0
SKU00223,2025-10-27,70,52.0
SKU00223,2025-11-03,69,100.0
SKU00223,2025-11-10,72,71.0
SKU00223,2025-11-17,124,118.0
SKU00223,2025-11-24,115,88.0
SKU00223,2025-12-01,74,70.0
SKU00223,2025-12-08,87,84.0
SKU00223,2025-12-15,95,82.0
SKU00223,2025-12-22,84,134.0
SKU00223,2025-12-29,18,85.0
SKU00224,2024-01-01,71,
SKU00224,2024-01-08,61,
SKU00224,2024-01-15,42,
SKU00224,2024-01-22,33,
SKU00224,2024-01-29,68,
SKU00224,2024-02-05,49,
SKU00224,2024-02-12,39,
SKU00224,2024-02-19,44,
SKU00224,2024-02-26,51,
SKU00224,2024-03-04,81,
SKU00224,2024-03-11,60,
SKU00224,2024-03-18,58,
SKU00224,2024-03-25,70,
SKU00224,2024-04-01,68,
SKU00224,2024-04-08,62,
SKU00224,2024-04-15,52,
SKU00224,2024-04-22,75,
SKU00224,2024-04-29,60,
SKU00224,2024-05-06,53,
SKU00224,2024-05-13,75,
SKU00224,2024-05-20,55,
SKU00224,2024-05-27,53,
SKU00224,2024-06-03,40,
SKU00224,2024-06-10,71,
SKU00224,2024-06-17,35,
SKU00224,2024-06-24,58,
SKU00224,2024-07-01,61,
SKU00224,2024-07-08,45,
SKU00224,2024-07-15,69,
SKU00224,2024-07-22,40,
SKU00224,2024-07-29,69,
SKU00224,2024-08-05,53,
SKU00224,2024-08-12,42,
SKU00224,2024-08-19,65,
SKU00224,2024-08-26,66,
SKU00224,2024-09-02,66,
SKU00224,2024-09-09,85,
SKU00224,2024-09-16,54,
SKU00224,2024-09-23,45,
SKU00224,2024-09-30,46,
SKU00224,2024-10-07,59,
SKU00224,2024-10-14,61,
SKU00224,2024-10-21,27,
SKU00224,2024-10-28,74,
SKU00224,2024-11-04,106,
SKU00224,2024-11-11,100,
SKU00224,2024-11-18,99,
SKU00224,2024-11-25,92,
SKU00224,2024-12-02,122,
SKU00224,2024-12-09,87,
SKU00224,2024-12-16,101,
SKU00224,2024-12-23,92,
SKU00224,2024-12-30,47,71.0
SKU00224,2025-01-06,53,61.0
SKU00224,2025-01-13,32,42.0
SKU00224,2025-01-20,42,33.0
SKU00224,2025-01-27,63,68.0
SKU00224,2025-02-03,56,49.0
SKU00224,2025-02-10,35,39.0
SKU00224,2025-02-17,44,44.0
SKU00224,2025-02-24,30,51.0
SKU00224,2025-03-03,51,81.0
SKU00224,2025-03-10,50,60.0
SKU00224,2025-03-17,72,58.0
SKU00224,2025-03-24,69,70.0
SKU00224,2025-03-31,65,68.0
SKU00224,2025-04-07,44,62.0
SKU00224,2025-04-14,71,52.0
SKU00224,2025-04-21,50,75.0
SKU00224,2025-04-28,32,60.0
SKU00224,2025-05-05,58,53.0
SKU00224,2025-05-12,37,75.0
SKU00224,2025-05-19,24,55.0
SKU00224,2025-05-26,58,53.0
SKU00224,2025-06-02,45,40.0
SKU00224,2025-06-09,50,71.0
SKU00224,2025-06-16,66,35.0
SKU00224,2025-06-23,45,58.0
SKU00224,2025-06-30,38,61.0
SKU00224,2025-07-07,60,45.0
SKU00224,2025-07-14,57,69.0
SKU00224,2025-07-21,35,40.0
SKU00224,2025-07-28,59,69.0
SKU00224,2025-08-04,65,53.0
SKU00224,2025-08-11,54,42.0
SKU00224,2025-08-18,57,65.0
SKU00224,2025-08-25,74,66.0
SKU00224,2025-09-01,91,66.0
SKU00224,2025-09-08,80,85.0
SKU00224,2025-09-15,87,54.0
SKU00224,2025-09-22,29,45.0
SKU00224,2025-09-29,49,46.0
SKU00224,2025-10-06,49,59.0
SKU00224,2025-10-13,58,61.0
SKU00224,2025-10-20,29,27.0
SKU00224,2025-10-27,81,74.0
SKU00224,2025-11-03,101,106.0
SKU00224,2025-11-10,66,100.0
SKU00224,2025-11-17,89,99.0
SKU00224,2025-11-24,74,92.0
SKU00224,2025-12-01,118,122.0
SKU00224,2025-12-08,98,87.0
SKU00224,2025-12-15,97,101.0
SKU00224,2025-12-22,72,92.0
SKU00224,2025-12-29,13,47.0
SKU00225,2024-01-01,45,
SKU00225,2024-01-08,41,
SKU00225,2024-01-15,34,
SKU00225,2024-01-22,67,
SKU00225,2024-01-29,42,
SKU00225,2024-02-05,67,
SKU00225,2024-02-12,23,
SKU00225,2024-02-19,71,
SKU00225,2024-02-26,35,
SKU00225,2024-03-04,66,
SKU00225,2024-03-11,39,
SKU00225,2024-03-18,71,
SKU00225,2024-03-25,54,
SKU00225,2024-04-01,39,
SKU00225,2024-04-08,75,
SKU00225,2024-04-15,91,
SKU00225,2024-04-22,32,
SKU00225,2024-04-29,76,
SKU00225,2024-05-06,61,
SKU00225,2024-05-13,95,
SKU00225,2024-05-20,54,
SKU00225,2024-05-27,69,
SKU00225,2024-06-03,62,
SKU00225,2024-06-10,57,
SKU00225,2024-06-17,72,
SKU00225,2024-06-24,43,
SKU00225,2024-07-01,64,
SKU00225,2024-07-08,39,
SKU00225,2024-07-15,80,
SKU00225,2024-07-22,80,
SKU00225,2024-07-29,56,
SKU00225,2024-08-05,72,
SKU00225,2024-08-12,57,
SKU00225,2024-08-19,78,
SKU00225,2024-08-26,63,
SKU00225,2024-09-02,48,
SKU00225,2024-09-09,52,
SKU00225,2024-09-16,53,
SKU00225,2024-09-23,41,
SKU00225,2024-09-30,73,
SKU00225,2024-10-07,59,
SKU00225,2024-10-14,24,
SKU00225,2024-10-21,54,
SKU00225,2024-10-28,54,
SKU00225,2024-11-04,54,
SKU00225,2024-11-11,79,
SKU00225,2024-11-18,67,
SKU00225,2024-11-25,94,
SKU00225,2024-12-02,81,
SKU00225,2024-12-09,100,
SKU00225,2024-12-16,79,
SKU00225,2024-12-23,84,
SKU00225,2024-12-30,57,45.0
SKU00225,2025-01-06,18,41.0
SKU00225,2025-01-13,66,34.0
SKU00225,2025-01-20,45,67.0
SKU00225,2025-01-27,55,42.0
SKU00225,2025-02-03,33,67.0
SKU00225,2025-02-10,39,23.0
SKU00225,2025-02-17,42,71.0
SKU00225,2025-02-24,32,35.0
SKU00225,2025-03-03,48,66.0
SKU00225,2025-03-10,50,39.0
SKU00225,2025-03-17,62,71.0
SKU00225,2025-03-24,62,54.0
SKU00225,2025-03-31,47,39.0
SKU00225,2025-04-07,60,75.0
SKU00225,2025-04-14,59,91.0
SKU00225,2025-04-21,48,32.0
SKU00225,2025-04-28,53,76.0
SKU00225,2025-05-05,39,61.0
SKU00225,2025-05-12,62,95.0
SKU00225,2025-05-19,56,54.0
SKU00225,2025-05-26,74,69.0
SKU00225,2025-06-02,62,62.0
SKU00225,2025-06-09,53,57.0
SKU00225,2025-06-16,55,72.0
SKU00225,2025-06-23,53,43.0
SKU00225,2025-06-30,51,64.0
SKU00225,2025-07-07,48,39.0
SKU00225,2025-07-14,66,80.0
SKU00225,2025-07-21,76,80.0
SKU00225,2025-07-28,55,56.0
SKU00225,2025-08-04,52,72.0
SKU00225,2025-08-11,49,57.0
SKU00225,2025-08-18,42,78.0
SKU00225,2025-08-25,60,63.0
SKU00225,2025-09-01,54,48.0
SKU00225,2025-09-08,84,52.0
SKU00225,2025-09-15,24,53.0
SKU00225,2025-09-22,56,41.0
SKU00225,2025-09-29,54,73.0
SKU00225,2025-10-06,58,59.0
SKU00225,2025-10-13,60,24.0
SKU00225,2025-10-20,46,54.0
SKU00225,2025-10-27,56,54.0
SKU00225,2025-11-03,89,54.0
SKU00225,2025-11-10,113,79.0
SKU00225,2025-11-17,119,67.0
SKU00225,2025-11-24,82,94.0
SKU00225,2025-12-01,91,81.0
SKU00225,2025-12-08,55,100.0
SKU00225,2025-12-15,69,79.0
SKU00225,2025-12-22,116,84.0
SKU00225,2025-12-29,43,57.0
SKU00226,2024-01-01,34,
SKU00226,2024-01-08,39,
SKU00226,2024-01-15,65,
SKU00226,2024-01-22,44,
SKU00226,2024-01-29,45,
SKU00226,2024-02-05,52,
SKU00226,2024-02-12,26,
SKU00226,2024-02-19,33,
SKU00226,2024-02-26,33,
SKU00226,2024-03-04,95,
SKU00226,2024-03-11,39,
SKU00226,2024-03-18,53,
SKU00226,2024-03-25,55,
SKU00226,2024-04-01,93,
SKU00226,2024-04-08,57,
SKU00226,2024-04-15,47,
SKU00226,2024-04-22,44,
SKU00226,2024-04-29,66,
SKU00226,2024-05-06,50,
SKU00226,2024-05-13,49,
SKU00226,2024-05-20,64,
SKU00226,2024-05-27,54,
SKU00226,2024-06-03,60,
SKU00226,2024-06-10,67,
SKU00226,2024-06-17,49,
SKU00226,2024-06-24,65,
SKU00226,2024-07-01,54,
SKU00226,2024-07-08,73,
SKU00226,2024-07-15,82,
SKU00226,2024-07-22,46,
SKU00226,2024-07-29,58,
SKU00226,2024-08-05,42,
SKU00226,2024-08-12,44,
SKU00226,2024-08-19,46,
SKU00226,2024-08-26,73,
SKU00226,2024-09-02,46,
SKU00226,2024-09-09,63,
SKU00226,2024-09-16,38,
SKU00226,2024-09-23,72,
SKU00226,2024-09-30,69,
SKU00226,2024-10-07,51,
SKU00226,2024-10-14,54,
SKU00226,2024-10-21,38,
SKU00226,2024-10-28,89,
SKU00226,2024-11-04,131,
SKU00226,2024-11-11,77,
SKU00226,2024-11-18,98,
SKU00226,2024-11-25,125,
SKU00226,2024-12-02,91,
SKU00226,2024-12-09,83,
SKU00226,2024-12-16,126,
SKU00226,2024-12-23,95,
SKU00226,2024-12-30,54,34.0
SKU00226,2025-01-06,26,39.0
SKU00226,2025-01-13,29,65.0
SKU00226,2025-01-20,62,44.0
SKU00226,2025-01-27,52,45.0
SKU00226,2025-02-03,47,52.0
SKU00226,2025-02-10,77,26.0
SKU00226,2025-02-17,67,33.0
SKU00226,2025-02-24,46,33.0
SKU00226,2025-03-03,49,95.0
SKU00226,2025-03-10,63,39.0
SKU00226,2025-03-17,62,53.0
SKU00226,2025-03-24,50,55.0
SKU00226,2025-03-31,21,93.0
SKU00226,2025-04-07,83,57.0
SKU00226,2025-04-14,66,47.0
SKU00226,2025-04-21,73,44.0
SKU00226,2025-04-28,53,66.0
SKU00226,2025-05-05,54,50.0
SKU00226,2025-05-12,62,49.0
SKU00226,2025-05-19,64,64.0
SKU00226,2025-05-26,35,54.0
SKU00226,2025-06-02,72,60.0
SKU00226,2025-06-09,45,67.0
SKU00226,2025-06-16,62,49.0
SKU00226,2025-06-23,35,65.0
SKU00226,2025-06-30,64,54.0
SKU00226,2025-07-07,31,73.0
SKU00226,2025-07-14,63,82.0
SKU00226,2025-07-21,75,46.0
SKU00226,2025-07-28,81,58.0
SKU00226,2025-08-04,44,42.0
SKU00226,2025-08-11,86,44.0
SKU00226,2025-08-18,71,46.0
SKU00226,2025-08-25,48,73.0
SKU00226,2025-09-01,46,46.0
SKU00226,2025-09-08,41,63.0
SKU00226,2025-09-15,47,38.0
SKU00226,2025-09-22,61,72.0
SKU00226,2025-09-29,55,69.0
SKU00226,2025-10-06,72,51.0
SKU00226,2025-10-13,40,54.0
SKU00226,2025-10-20,55,38.0
SKU00226,2025-10-27,50,89.0
SKU00226,2025-11-03,103,131.0
SKU00226,2025-11-10,80,77.0
SKU00226,2025-11-17,101,98.0
SKU00226,2025-11-24,110,125.0
SKU00226,2025-12-01,142,91.0
SKU00226,2025-12-08,113,83.0
SKU00226,2025-12-15,81,126.0
SKU00226,2025-12-22,98,95.0
SKU00226,2025-12-29,21,54.0
SKU00227,2024-01-01,33,
SKU00227,2024-01-08,53,
SKU00227,2024-01-15,57,
SKU00227,2024-01-22,21,
SKU00227,2024-01-29,53,
SKU00227,2024-02-05,39,
SKU00227,2024-02-12,33,
SKU00227,2024-02-19,24,
SKU00227,2024-02-26,23,
SKU00227,2024-03-04,37,
SKU00227,2024-03-11,75,
SKU00227,2024-03-18,50,
SKU00227,2024-03-25,50,
SKU00227,2024-04-01,31,
SKU00227,2024-04-08,52,
SKU00227,2024-04-15,43,
SKU00227,2024-04-22,53,
SKU00227,2024-04-29,18,
SKU00227,2024-05-06,57,
SKU00227,2024-05-13,49,
SKU00227,2024-05-20,44,
SKU00227,2024-05-27,53,
SKU00227,2024-06-03,52,
SKU00227,2024-06-10,41,
SKU00227,2024-06-17,35,
SKU00227,2024-06-24,91,
SKU00227,2024-07-01,63,
SKU00227,2024-07-08,42,
SKU00227,2024-07-15,55,
SKU00227,2024-07-22,70,
SKU00227,2024-07-29,34,
SKU00227,2024-08-05,38,
SKU00227,2024-08-12,73,
SKU00227,2024-08-19,52,
SKU00227,2024-08-26,47,
SKU00227,2024-09-02,54,
SKU00227,2024-09-09,46,
SKU00227,2024-09-16,66,
SKU00227,2024-09-23,74,
SKU00227,2024-09-30,32,
SKU00227,2024-10-07,14,
SKU00227,2024-10-14,52,
SKU00227,2024-10-21,84,
SKU00227,2024-10-28,82,
SKU00227,2024-11-04,85,
SKU00227,2024-11-11,95,
SKU00227,2024-11-18,83,
SKU00227,2024-11-25,98,
SKU00227,2024-12-02,79,
SKU00227,2024-12-09,111,
SKU00227,2024-12-16,100,
SKU00227,2024-12-23,111,
SKU00227,2024-12-30,54,33.0
SKU00227,2025-01-06,33,53.0
SKU00227,2025-01-13,40,57.0
SKU00227,2025-01-20,46,21.0
SKU00227,2025-01-27,45,53.0
SKU00227,2025-02-03,70,39.0
SKU00227,2025-02-10,65,33.0
SKU00227,2025-02-17,51,24.0
SKU00227,2025-02-24,61,23.0
SKU00227,2025-03-03,34,37.0
SKU00227,2025-03-10,64,75.0
SKU00227,2025-03-17,42,50.0
SKU00227,2025-03-24,41,50.0
SKU00227,2025-03-31,40,31.0
SKU00227,2025-04-07,44,52.0
SKU00227,2025-04-14,57,43.0
SKU00227,2025-04-21,36,53.0
SKU00227,2025-04-28,54,18.0
SKU00227,2025-05-05,28,57.0
SKU00227,2025-05-12,54,49.0
SKU00227,2025-05-19,56,44.0
SKU00227,2025-05-26,37,53.0
SKU00227,2025-06-02,49,52.0
SKU00227,2025-06-09,48,41.0
SKU00227,2025-06-16,59,35.0
SKU00227,2025-06-23,44,91.0
SKU00227,2025-06-30,48,63.0
SKU00227,2025-07-07,59,42.0
SKU00227,2025-07-14,42,55.0
SKU00227,2025-07-21,73,70.0
SKU00227,2025-07-28,59,34.0
SKU00227,2025-08-04,88,38.0
SKU00227,2025-08-11,45,73.0
SKU00227,2025-08-18,92,52.0
SKU00227,2025-08-25,45,47.0
SKU00227,2025-09-01,29,54.0
SKU00227,2025-09-08,58,46.0
SKU00227,2025-09-15,31,66.0
SKU00227,2025-09-22,66,74.0
SKU00227,2025-09-29,49,32.0
SKU00227,2025-10-06,68,14.0
SKU00227,2025-10-13,43,52.0
SKU00227,2025-10-20,33,84.0
SKU00227,2025-10-27,79,82.0
SKU00227,2025-11-03,90,85.0
SKU00227,2025-11-10,104,95.0
SKU00227,2025-11-17,102,83.0
SKU00227,2025-11-24,91,98.0
SKU00227,2025-12-01,89,79.0
SKU00227,2025-12-08,82,111.0
SKU00227,2025-12-15,91,100.0
SKU00227,2025-12-22,73,111.0
SKU00227,2025-12-29,32,54.0
SKU00228,2024-01-01,56,
SKU00228,2024-01-08,54,
SKU00228,2024-01-15,45,
SKU00228,2024-01-22,39,
SKU00228,2024-01-29,65,
SKU00228,2024-02-05,40,
SKU00228,2024-02-12,33,
SKU00228,2024-02-19,23,
SKU00228,2024-02-26,35,
SKU00228,2024-03-04,49,
SKU00228,2024-03-11,42,
SKU00228,2024-03-18,52,
SKU00228,2024-03-25,57,
SKU00228,2024-04-01,57,
SKU00228,2024-04-08,61,
SKU00228,2024-04-15,46,
SKU00228,2024-04-22,42,
SKU00228,2024-04-29,29,
SKU00228,2024-05-06,50,
SKU00228,2024-05-13,78,
SKU00228,2024-05-20,69,
SKU00228,2024-05-27,65,
SKU00228,2024-06-03,58,
SKU00228,2024-06-10,66,
SKU00228,2024-06-17,53,
SKU00228,2024-06-24,60,
SKU00228,2024-07-01,90,
SKU00228,2024-07-08,79,
SKU00228,2024-07-15,36,
SKU00228,2024-07-22,50,
SKU00228,2024-07-29,56,
SKU00228,2024-08-05,39,
SKU00228,2024-08-12,55,
SKU00228,2024-08-19,78,
SKU00228,2024-08-26,90,
SKU00228,2024-09-02,72,
SKU00228,2024-09-09,51,
SKU00228,2024-09-16,43,
SKU00228,2024-09-23,42,
SKU00228,2024-09-30,100,
SKU00228,2024-10-07,51,
SKU00228,2024-10-14,60,
SKU00228,2024-10-21,44,
SKU00228,2024-10-28,120,
SKU00228,2024-11-04,58,
SKU00228,2024-11-11,101,
SKU00228,2024-11-18,76,
SKU00228,2024-11-25,70,
SKU00228,2024-12-02,69,
SKU00228,2024-12-09,82,
SKU00228,2024-12-16,71,
SKU00228,2024-12-23,97,
SKU00228,2024-12-30,64,56.0
SKU00228,2025-01-06,53,54.0
SKU00228,2025-01-13,43,45.0
SKU00228,2025-01-20,27,39.0
SKU00228,2025-01-27,54,65.0
SKU00228,2025-02-03,64,40.0
SKU00228,2025-02-10,42,33.0
SKU00228,2025-02-17,52,23.0
SKU00228,2025-02-24,38,35.0
SKU00228,2025-03-03,35,49.0
SKU00228,2025-03-10,56,42.0
SKU00228,2025-03-17,61,52.0
SKU00228,2025-03-24,66,57.0
SKU00228,2025-03-31,47,57.0
SKU00228,2025-04-07,46,61.0
SKU00228,2025-04-14,61,46.0
SKU00228,2025-04-21,54,42.0
SKU00228,2025-04-28,68,29.0
SKU00228,2025-05-05,39,50.0
SKU00228,2025-05-12,54,78.0
SKU00228,2025-05-19,53,69.0
SKU00228,2025-05-26,54,65.0
SKU00228,2025-06-02,79,58.0
SKU00228,2025-06-09,58,66.0
SKU00228,2025-06-16,57,53.0
SKU00228,2025-06-23,45,60.0
SKU00228,2025-06-30,51,90.0
SKU00228,2025-07-07,31,79.0
SKU00228,2025-07-14,46,36.0
SKU00228,2025-07-21,44,50.0
SKU00228,2025-07-28,79,56.0
SKU00228,2025-08-04,56,39.0
SKU00228,2025-08-11,51,55.0
SKU00228,2025-08-18,40,78.0
SKU00228,2025-08-25,73,90.0
SKU00228,2025-09-01,74,72.0
SKU00228,2025-09-08,45,51.0
SKU00228,2025-09-15,53,43.0
SKU00228,2025-09-22,51,42.0
SKU00228,2025-09-29,46,100.0
SKU00228,2025-10-06,36,51.0
SKU00228,2025-10-13,43,60.0
SKU00228,2025-10-20,62,44.0
SKU00228,2025-10-27,49,120.0
SKU00228,2025-11-03,56,58.0
SKU00228,2025-11-10,100,101.0
SKU00228,2025-11-17,94,76.0
SKU00228,2025-11-24,82,70.0
SKU00228,2025-12-01,85,69.0
SKU00228,2025-12-08,43,82.0
SKU00228,2025-12-15,68,71.0
SKU00228,2025-12-22,63,97.0
SKU00228,2025-12-29,29,64.0
SKU00229,2024-01-01,51,
SKU00229,2024-01-08,38,
SKU00229,2024-01-15,62,
SKU00229,2024-01-22,48,
SKU00229,2024-01-29,45,
SKU00229,2024-02-05,47,
SKU00229,2024-02-12,37,
SKU00229,2024-02-19,55,
SKU00229,2024-02-26,48,
SKU00229,2024-03-04,68,
SKU00229,2024-03-11,58,
SKU00229,2024-03-18,47,
SKU00229,2024-03-25,41,
SKU00229,2024-04-01,29,
SKU00229,2024-04-08,28,
SKU00229,2024-04-15,47,
SKU00229,2024-04-22,64,
SKU00229,2024-04-29,40,
SKU00229,2024-05-06,32,
SKU00229,2024-05-13,56,
SKU00229,2024-05-20,33,
SKU00229,2024-05-27,53,
SKU00229,2024-06-03,29,
SKU00229,2024-06-10,78,
SKU00229,2024-06-17,47,
SKU00229,2024-06-24,76,
SKU00229,2024-07-01,39,
SKU00229,2024-07-08,45,
SKU00229,2024-07-15,61,
SKU00229,2024-07-22,62,
SKU00229,2024-07-29,42,
SKU00229,2024-08-05,72,
SKU00229,2024-08-12,51,
SKU00229,2024-08-19,42,
SKU00229,2024-08-26,52,
SKU00229,2024-09-02,60,
SKU00229,2024-09-09,63,
SKU00229,2024-09-16,76,
SKU00229,2024-09-23,39,
SKU00229,2024-09-30,32,
SKU00229,2024-10-07,38,
SKU00229,2024-10-14,61,
SKU00229,2024-10-21,51,
SKU00229,2024-10-28,53,
SKU00229,2024-11-04,86,
SKU00229,2024-11-11,82,
SKU00229,2024-11-18,70,
SKU00229,2024-11-25,106,
SKU00229,2024-12-02,102,
SKU00229,2024-12-09,68,
SKU00229,2024-12-16,74,
SKU00229,2024-12-23,105,
SKU00229,2024-12-30,32,51.0
SKU00229,2025-01-06,68,38.0
SKU00229,2025-01-13,36,62.0
SKU00229,2025-01-20,30,48.0
SKU00229,2025-01-27,69,45.0
SKU00229,2025-02-03,84,47.0
SKU00229,2025-02-10,46,37.0
SKU00229,2025-02-17,38,55.0
SKU00229,2025-02-24,44,48.0
SKU00229,2025-03-03,56,68.0
SKU00229,2025-03-10,37,58.0
SKU00229,2025-03-17,50,47.0
SKU00229,2025-03-24,53,41.0
SKU00229,2025-03-31,67,29.0
SKU00229,2025-04-07,56,28.0
SKU00229,2025-04-14,30,47.0
SKU00229,2025-04-21,76,64.0
SKU00229,2025-04-28,90,40.0
SKU00229,2025-05-05,35,32.0
SKU00229,2025-05-12,73,56.0
SKU00229,2025-05-19,41,33.0
SKU00229,2025-05-26,62,53.0
SKU00229,2025-06-02,47,29.0
SKU00229,2025-06-09,45,78.0
SKU00229,2025-06-16,37,47.0
SKU00229,2025-06-23,52,76.0
SKU00229,2025-06-30,44,39.0
SKU00229,2025-07-07,44,45.0
SKU00229,2025-07-14,55,61.0
SKU00229,2025-07-21,57,62.0
SKU00229,2025-07-28,50,42.0
SKU00229,2025-08-04,65,72.0
SKU00229,2025-08-11,44,51.0
SKU00229,2025-08-18,30,42.0
SKU00229,2025-08-25,45,52.0
SKU00229,2025-09-01,29,60.0
SKU00229,2025-09-08,73,63.0
SKU00229,2025-09-15,66,76.0
SKU00229,2025-09-22,80,39.0
SKU00229,2025-09-29,47,32.0
SKU00229,2025-10-06,47,38.0
SKU00229,2025-10-13,24,61.0
SKU00229,2025-10-20,78,51.0
SKU00229,2025-10-27,78,53.0
SKU00229,2025-11-03,105,86.0
SKU00229,2025-11-10,93,82.0
SKU00229,2025-11-17,125,70.0
SKU00229,2025-11-24,55,106.0
SKU00229,2025-12-01,107,102.0
SKU00229,2025-12-08,68,68.0
SKU00229,2025-12-15,115,74.0
SKU00229,2025-12-22,126,105.0
SKU00229,2025-12-29,29,32.0
SKU00230,2024-01-01,40,
SKU00230,2024-01-08,45,
SKU00230,2024-01-15,54,
SKU00230,2024-01-22,24,
SKU00230,2024-01-29,65,
SKU00230,2024-02-05,72,
SKU00230,2024-02-12,57,
SKU00230,2024-02-19,58,
SKU00230,2024-02-26,55,
SKU00230,2024-03-04,66,
SKU00230,2024-03-11,34,
SKU00230,2024-03-18,65,
SKU00230,2024-03-25,63,
SKU00230,2024-04-01,89,
SKU00230,2024-04-08,61,
SKU00230,2024-04-15,70,
SKU00230,2024-04-22,72,
SKU00230,2024-04-29,38,
SKU00230,2024-05-06,47,
SKU00230,2024-05-13,61,
SKU00230,2024-05-20,39,
SKU00230,2024-05-27,66,
SKU00230,2024-06-03,41,
SKU00230,2024-06-10,40,
SKU00230,2024-06-17,67,
SKU00230,2024-06-24,28,
SKU00230,2024-07-01,58,
SKU00230,2024-07-08,42,
SKU00230,2024-07-15,77,
SKU00230,2024-07-22,58,
SKU00230,2024-07-29,42,
SKU00230,2024-08-05,66,
SKU00230,2024-08-12,48,
SKU00230,2024-08-19,53,
SKU00230,2024-08-26,29,
SKU00230,2024-09-02,74,
SKU00230,2024-09-09,73,
SKU00230,2024-09-16,61,
SKU00230,2024-09-23,39,
SKU00230,2024-09-30,78,
SKU00230,2024-10-07,76,
SKU00230,2024-10-14,77,
SKU00230,2024-10-21,58,
SKU00230,2024-10-28,52,
SKU00230,2024-11-04,82,
SKU00230,2024-11-11,107,
SKU00230,2024-11-18,111,
SKU00230,2024-11-25,109,
SKU00230,2024-12-02,92,
SKU00230,2024-12-09,67,
SKU00230,2024-12-16,96,
SKU00230,2024-12-23,73,
SKU00230,2024-12-30,70,40.0
SKU00230,2025-01-06,43,45.0
SKU00230,2025-01-13,43,54.0
SKU00230,2025-01-20,31,24.0
SKU00230,2025-01-27,62,65.0
SKU00230,2025-02-03,46,72.0
SKU00230,2025-02-10,26,57.0
SKU00230,2025-02-17,81,58.0
SKU00230,2025-02-24,78,55.0
SKU00230,2025-03-03,61,66.0
SKU00230,2025-03-10,74,34.0
SKU00230,2025-03-17,79,65.0
SKU00230,2025-03-24,53,63.0
SKU00230,2025-03-31,79,89.0
SKU00230,2025-04-07,90,61.0
SKU00230,2025-04-14,37,70.0
SKU00230,2025-04-21,47,72.0
SKU00230,2025-04-28,53,38.0
SKU00230,2025-05-05,62,47.0
SKU00230,2025-05-12,68,61.0
SKU00230,2025-05-19,88,39.0
SKU00230,2025-05-26,56,66.0
SKU00230,2025-06-02,49,41.0
SKU00230,2025-06-09,71,40.0
SKU00230,2025-06-16,68,67.0
SKU00230,2025-06-23,71,28.0
SKU00230,2025-06-30,72,58.0
SKU00230,2025-07-07,77,42.0
SKU00230,2025-07-14,55,77.0
SKU00230,2025-07-21,45,58.0
SKU00230,2025-07-28,99,42.0
SKU00230,2025-08-04,68,66.0
SKU00230,2025-08-11,66,48.0
SKU00230,2025-08-18,90,53.0
SKU00230,2025-08-25,73,29.0
SKU00230,2025-09-01,37,74.0
SKU00230,2025-09-08,52,73.0
SKU00230,2025-09-15,49,61.0
SKU00230,2025-09-22,58,39.0
SKU00230,2025-09-29,51,78.0
SKU00230,2025-10-06,65,76.0
SKU00230,2025-10-13,57,77.0
SKU00230,2025-10-20,64,58.0
SKU00230,2025-10-27,89,52.0
SKU00230,2025-11-03,87,82.0
SKU00230,2025-11-10,80,107.0
SKU00230,2025-11-17,167,111.0
SKU00230,2025-11-24,76,109.0
SKU00230,2025-12-01,78,92.0
SKU00230,2025-12-08,84,67.0
SKU00230,2025-12-15,56,96.0
SKU00230,2025-12-22,79,73.0
SKU00230,2025-12-29,20,70.0
SKU00231,2024-01-01,47,
SKU00231,2024-01-08,41,
SKU00231,2024-01-15,52,
SKU00231,2024-01-22,56,
SKU00231,2024-01-29,57,
SKU00231,2024-02-05,61,
SKU00231,2024-02-12,49,
SKU00231,2024-02-19,44,
SKU00231,2024-02-26,35,
SKU00231,2024-03-04,42,
SKU00231,2024-03-11,61,
SKU00231,2024-03-18,65,
SKU00231,2024-03-25,58,
SKU00231,2024-04-01,69,
SKU00231,2024-04-08,45,
SKU00231,2024-04-15,43,
SKU00231,2024-04-22,39,
SKU00231,2024-04-29,44,
SKU00231,2024-05-06,79,
SKU00231,2024-05-13,59,
SKU00231,2024-05-20,84,
SKU00231,2024-05-27,74,
SKU00231,2024-06-03,42,
SKU00231,2024-06-10,56,
SKU00231,2024-06-17,45,
SKU00231,2024-06-24,35,
SKU00231,2024-07-01,33,
SKU00231,2024-07-08,75,
SKU00231,2024-07-15,37,
SKU00231,2024-07-22,27,
SKU00231,2024-07-29,17,
SKU00231,2024-08-05,68,
SKU00231,2024-08-12,84,
SKU00231,2024-08-19,43,
SKU00231,2024-08-26,49,
SKU00231,2024-09-02,70,
SKU00231,2024-09-09,38,
SKU00231,2024-09-16,50,
SKU00231,2024-09-23,56,
SKU00231,2024-09-30,64,
SKU00231,2024-10-07,91,
SKU00231,2024-10-14,55,
SKU00231,2024-10-21,63,
SKU00231,2024-10-28,85,
SKU00231,2024-11-04,90,
SKU00231,2024-11-11,61,
SKU00231,2024-11-18,65,
SKU00231,2024-11-25,78,
SKU00231,2024-12-02,87,
SKU00231,2024-12-09,96,
SKU00231,2024-12-16,82,
SKU00231,2024-12-23,101,
SKU00231,2024-12-30,36,47.0
SKU00231,2025-01-06,54,41.0
SKU00231,2025-01-13,59,52.0
SKU00231,2025-01-20,34,56.0
SKU00231,2025-01-27,68,57.0
SKU00231,2025-02-03,42,61.0
SKU00231,2025-02-10,82,49.0
SKU00231,2025-02-17,18,44.0
SKU00231,2025-02-24,41,35.0
SKU00231,2025-03-03,80,42.0
SKU00231,2025-03-10,64,61.0
SKU00231,2025-03-17,74,65.0
SKU00231,2025-03-24,61,58.0
SKU00231,2025-03-31,28,69.0
SKU00231,2025-04-07,67,45.0
SKU00231,2025-04-14,52,43.0
SKU00231,2025-04-21,42,39.0
SKU00231,2025-04-28,62,44.0
SKU00231,2025-05-05,35,79.0
SKU00231,2025-05-12,65,59.0
SKU00231,2025-05-19,72,84.0
SKU00231,2025-05-26,83,74.0
SKU00231,2025-06-02,78,42.0
SKU00231,2025-06-09,34,56.0
SKU00231,2025-06-16,41,45.0
SKU00231,2025-06-23,81,35.0
SKU00231,2025-06-30,60,33.0
SKU00231,2025-07-07,22,75.0
SKU00231,2025-07-14,37,37.0
SKU00231,2025-07-21,37,27.0
SKU00231,2025-07-28,73,17.0
SKU00231,2025-08-04,89,68.0
SKU00231,2025-08-11,90,84.0
SKU00231,2025-08-18,54,43.0
SKU00231,2025-08-25,62,49.0
SKU00231,2025-09-01,32,70.0
SKU00231,2025-09-08,36,38.0
SKU00231,2025-09-15,40,50.0
SKU00231,2025-09-22,35,56.0
SKU00231,2025-09-29,83,64.0
SKU00231,2025-10-06,60,91.0
SKU00231,2025-10-13,47,55.0
SKU00231,2025-10-20,53,63.0
SKU00231,2025-10-27,76,85.0
SKU00231,2025-11-03,91,90.0
SKU00231,2025-11-10,78,61.0
SKU00231,2025-11-17,93,65.0
SKU00231,2025-11-24,101,78.0
SKU00231,2025-12-01,106,87.0
SKU00231,2025-12-08,90,96.0
SKU00231,2025-12-15,76,82.0
SKU00231,2025-12-22,84,101.0
SKU00231,2025-12-29,26,36.0
SKU00232,2024-01-01,41,
SKU00232,2024-01-08,60,
SKU00232,2024-01-15,41,
SKU00232,2024-01-22,42,
SKU00232,2024-01-29,64,
SKU00232,2024-02-05,49,
SKU00232,2024-02-12,18,
SKU00232,2024-02-19,23,
SKU00232,2024-02-26,40,
SKU00232,2024-03-04,49,
SKU00232,2024-03-11,74,
SKU00232,2024-03-18,44,
SKU00232,2024-03-25,33,
SKU00232,2024-04-01,82,
SKU00232,2024-04-08,48,
SKU00232,2024-04-15,81,
SKU00232,2024-04-22,58,
SKU00232,2024-04-29,56,
SKU00232,2024-05-06,41,
SKU00232,2024-05-13,88,
SKU00232,2024-05-20,35,
SKU00232,2024-05-27,78,
SKU00232,2024-06-03,47,
SKU00232,2024-06-10,91,
SKU00232,2024-06-17,81,
SKU00232,2024-06-24,37,
SKU00232,2024-07-01,67,
SKU00232,2024-07-08,43,
SKU00232,2024-07-15,64,
SKU00232,2024-07-22,56,
SKU00232,2024-07-29,43,
SKU00232,2024-08-05,33,
SKU00232,2024-08-12,41,
SKU00232,2024-08-19,60,
SKU00232,2024-08-26,42,
SKU00232,2024-09-02,34,
SKU00232,2024-09-09,61,
SKU00232,2024-09-16,50,
SKU00232,2024-09-23,58,
SKU00232,2024-09-30,40,
SKU00232,2024-10-07,76,
SKU00232,2024-10-14,37,
SKU00232,2024-10-21,29,
SKU00232,2024-10-28,52,
SKU00232,2024-11-04,99,
SKU00232,2024-11-11,84,
SKU00232,2024-11-18,87,
SKU00232,2024-11-25,69,
SKU00232,2024-12-02,74,
SKU00232,2024-12-09,102,
SKU00232,2024-12-16,110,
SKU00232,2024-12-23,109,
SKU00232,2024-12-30,41,41.0
SKU00232,2025-01-06,44,60.0
SKU00232,2025-01-13,38,41.0
SKU00232,2025-01-20,43,42.0
SKU00232,2025-01-27,77,64.0
SKU00232,2025-02-03,69,49.0
SKU00232,2025-02-10,62,18.0
SKU00232,2025-02-17,44,23.0
SKU00232,2025-02-24,53,40.0
SKU00232,2025-03-03,70,49.0
SKU00232,2025-03-10,61,74.0
SKU00232,2025-03-17,26,44.0
SKU00232,2025-03-24,58,33.0
SKU00232,2025-03-31,73,82.0
SKU00232,2025-04-07,54,48.0
SKU00232,2025-04-14,65,81.0
SKU00232,2025-04-21,46,58.0
SKU00232,2025-04-28,76,56.0
SKU00232,2025-05-05,50,41.0
SKU00232,2025-05-12,60,88.0
SKU00232,2025-05-19,81,35.0
SKU00232,2025-05-26,57,78.0
SKU00232,2025-06-02,50,47.0
SKU00232,2025-06-09,61,91.0
SKU00232,2025-06-16,47,81.0
SKU00232,2025-06-23,72,37.0
SKU00232,2025-06-30,64,67.0
SKU00232,2025-07-07,38,43.0
SKU00232,2025-07-14,35,64.0
SKU00232,2025-07-21,43,56.0
SKU00232,2025-07-28,59,43.0
SKU00232,2025-08-04,39,33.0
SKU00232,2025-08-11,69,41.0
SKU00232,2025-08-18,48,60.0
SKU00232,2025-08-25,72,42.0
SKU00232,2025-09-01,57,34.0
SKU00232,2025-09-08,55,61.0
SKU00232,2025-09-15,79,50.0
SKU00232,2025-09-22,63,58.0
SKU00232,2025-09-29,48,40.0
SKU00232,2025-10-06,43,76.0
SKU00232,2025-10-13,44,37.0
SKU00232,2025-10-20,73,29.0
SKU00232,2025-10-27,61,52.0
SKU00232,2025-11-03,87,99.0
SKU00232,2025-11-10,98,84.0
SKU00232,2025-11-17,84,87.0
SKU00232,2025-11-24,72,69.0
SKU00232,2025-12-01,117,74.0
SKU00232,2025-12-08,70,102.0
SKU00232,2025-12-15,60,110.0
SKU00232,2025-12-22,69,109.0
SKU00232,2025-12-29,32,41.0
SKU00233,2024-01-01,77,
SKU00233,2024-01-08,45,
SKU00233,2024-01-15,40,
SKU00233,2024-01-22,25,
SKU00233,2024-01-29,85,
SKU00233,2024-02-05,48,
SKU00233,2024-02-12,28,
SKU00233,2024-02-19,21,
SKU00233,2024-02-26,29,
SKU00233,2024-03-04,66,
SKU00233,2024-03-11,42,
SKU00233,2024-03-18,103,
SKU00233,2024-03-25,50,
SKU00233,2024-04-01,70,
SKU00233,2024-04-08,38,
SKU00233,2024-04-15,78,
SKU00233,2024-04-22,49,
SKU00233,2024-04-29,55,
SKU00233,2024-05-06,33,
SKU00233,2024-05-13,57,
SKU00233,2024-05-20,47,
SKU00233,2024-05-27,49,
SKU00233,2024-06-03,27,
SKU00233,2024-06-10,45,
SKU00233,2024-06-17,60,
SKU00233,2024-06-24,64,
SKU00233,2024-07-01,26,
SKU00233,2024-07-08,30,
SKU00233,2024-07-15,23,
SKU00233,2024-07-22,61,
SKU00233,2024-07-29,46,
SKU00233,2024-08-05,40,
SKU00233,2024-08-12,34,
SKU00233,2024-08-19,73,
SKU00233,2024-08-26,48,
SKU00233,2024-09-02,49,
SKU00233,2024-09-09,53,
SKU00233,2024-09-16,65,
SKU00233,2024-09-23,16,
SKU00233,2024-09-30,50,
SKU00233,2024-10-07,49,
SKU00233,2024-10-14,50,
SKU00233,2024-10-21,81,
SKU00233,2024-10-28,55,
SKU00233,2024-11-04,52,
SKU00233,2024-11-11,84,
SKU00233,2024-11-18,102,
SKU00233,2024-11-25,84,
SKU00233,2024-12-02,112,
SKU00233,2024-12-09,70,
SKU00233,2024-12-16,66,
SKU00233,2024-12-23,135,
SKU00233,2024-12-30,35,77.0
SKU00233,2025-01-06,49,45.0
SKU00233,2025-01-13,24,40.0
SKU00233,2025-01-20,76,25.0
SKU00233,2025-01-27,45,85.0
SKU00233,2025-02-03,48,48.0
SKU00233,2025-02-10,26,28.0
SKU00233,2025-02-17,71,21.0
SKU00233,2025-02-24,27,29.0
SKU00233,2025-03-03,33,66.0
SKU00233,2025-03-10,72,42.0
SKU00233,2025-03-17,64,103.0
SKU00233,2025-03-24,57,50.0
SKU00233,2025-03-31,40,70.0
SKU00233,2025-04-07,44,38.0
SKU00233,2025-04-14,35,78.0
SKU00233,2025-04-21,69,49.0
SKU00233,2025-04-28,20,55.0
SKU00233,2025-05-05,56,33.0
SKU00233,2025-05-12,74,57.0
SKU00233,2025-05-19,71,47.0
SKU00233,2025-05-26,71,49.0
SKU00233,2025-06-02,48,27.0
SKU00233,2025-06-09,62,45.0
SKU00233,2025-06-16,51,60.0
SKU00233,2025-06-23,42,64.0
SKU00233,2025-06-30,74,26.0
SKU00233,2025-07-07,82,30.0
SKU00233,2025-07-14,45,23.0
SKU00233,2025-07-21,29,61.0
SKU00233,2025-07-28,93,46.0
SKU00233,2025-08-04,51,40.0
SKU00233,2025-08-11,53,34.0
SKU00233,2025-08-18,65,73.0
SKU00233,2025-08-25,78,48.0
SKU00233,2025-09-01,34,49.0
SKU00233,2025-09-08,52,53.0
SKU00233,2025-09-15,68,65.0
SKU00233,2025-09-22,36,16.0
SKU00233,2025-09-29,76,50.0
SKU00233,2025-10-06,44,49.0
SKU00233,2025-10-13,64,50.0
SKU00233,2025-10-20,42,81.0
SKU00233,2025-10-27,87,55.0
SKU00233,2025-11-03,77,52.0
SKU00233,2025-11-10,103,84.0
SKU00233,2025-11-17,52,102.0
SKU00233,2025-11-24,103,84.0
SKU00233,2025-12-01,91,112.0
SKU00233,2025-12-08,94,70.0
SKU00233,2025-12-15,70,66.0
SKU00233,2025-12-22,89,135.0
SKU00233,2025-12-29,27,35.0
SKU00234,2024-01-01,78,
SKU00234,2024-01-08,30,
SKU00234,2024-01-15,71,
SKU00234,2024-01-22,40,
SKU00234,2024-01-29,52,
SKU00234,2024-02-05,55,
SKU00234,2024-02-12,27,
SKU00234,2024-02-19,49,
SKU00234,2024-02-26,70,
SKU00234,2024-03-04,60,
SKU00234,2024-03-11,44,
SKU00234,2024-03-18,44,
SKU00234,2024-03-25,76,
SKU00234,2024-04-01,75,
SKU00234,2024-04-08,36,
SKU00234,2024-04-15,69,
SKU00234,2024-04-22,65,
SKU00234,2024-04-29,57,
SKU00234,2024-05-06,85,
SKU00234,2024-05-13,74,
SKU00234,2024-05-20,57,
SKU00234,2024-05-27,82,
SKU00234,2024-06-03,85,
SKU00234,2024-06-10,57,
SKU00234,2024-06-17,39,
SKU00234,2024-06-24,58,
SKU00234,2024-07-01,64,
SKU00234,2024-07-08,33,
SKU00234,2024-07-15,73,
SKU00234,2024-07-22,39,
SKU00234,2024-07-29,72,
SKU00234,2024-08-05,70,
SKU00234,2024-08-12,59,
SKU00234,2024-08-19,39,
SKU00234,2024-08-26,33,
SKU00234,2024-09-02,30,
SKU00234,2024-09-09,38,
SKU00234,2024-09-16,50,
SKU00234,2024-09-23,43,
SKU00234,2024-09-30,63,
SKU00234,2024-10-07,55,
SKU00234,2024-10-14,51,
SKU00234,2024-10-21,25,
SKU00234,2024-10-28,67,
SKU00234,2024-11-04,94,
SKU00234,2024-11-11,110,
SKU00234,2024-11-18,135,
SKU00234,2024-11-25,58,
SKU00234,2024-12-02,78,
SKU00234,2024-12-09,114,
SKU00234,2024-12-16,112,
SKU00234,2024-12-23,113,
SKU00234,2024-12-30,60,78.0
SKU00234,2025-01-06,33,30.0
SKU00234,2025-01-13,48,71.0
SKU00234,2025-01-20,35,40.0
SKU00234,2025-01-27,73,52.0
SKU00234,2025-02-03,44,55.0
SKU00234,2025-02-10,79,27.0
SKU00234,2025-02-17,65,49.0
SKU00234,2025-02-24,31,70.0
SKU00234,2025-03-03,94,60.0
SKU00234,2025-03-10,51,44.0
SKU00234,2025-03-17,34,44.0
SKU00234,2025-03-24,51,76.0
SKU00234,2025-03-31,72,75.0
SKU00234,2025-04-07,46,36.0
SKU00234,2025-04-14,67,69.0
SKU00234,2025-04-21,42,65.0
SKU00234,2025-04-28,71,57.0
SKU00234,2025-05-05,47,85.0
SKU00234,2025-05-12,40,74.0
SKU00234,2025-05-19,49,57.0
SKU00234,2025-05-26,30,82.0
SKU00234,2025-06-02,44,85.0
SKU00234,2025-06-09,59,57.0
SKU00234,2025-06-16,45,39.0
SKU00234,2025-06-23,47,58.0
SKU00234,2025-06-30,51,64.0
SKU00234,2025-07-07,28,33.0
SKU00234,2025-07-14,32,73.0
SKU00234,2025-07-21,41,39.0
SKU00234,2025-07-28,45,72.0
SKU00234,2025-08-04,51,70.0
SKU00234,2025-08-11,51,59.0
SKU00234,2025-08-18,35,39.0
SKU00234,2025-08-25,65,33.0
SKU00234,2025-09-01,65,30.0
SKU00234,2025-09-08,39,38.0
SKU00234,2025-09-15,67,50.0
SKU00234,2025-09-22,50,43.0
SKU00234,2025-09-29,47,63.0
SKU00234,2025-10-06,96,55.0
SKU00234,2025-10-13,67,51.0
SKU00234,2025-10-20,49,25.0
SKU00234,2025-10-27,85,67.0
SKU00234,2025-11-03,101,94.0
SKU00234,2025-11-10,95,110.0
SKU00234,2025-11-17,130,135.0
SKU00234,2025-11-24,106,58.0
SKU00234,2025-12-01,88,78.0
SKU00234,2025-12-08,72,114.0
SKU00234,2025-12-15,108,112.0
SKU00234,2025-12-22,115,113.0
SKU00234,2025-12-29,19,60.0
SKU00235,2024-01-01,34,
SKU00235,2024-01-08,33,
SKU00235,2024-01-15,65,
SKU00235,2024-01-22,56,
SKU00235,2024-01-29,26,
SKU00235,2024-02-05,46,
SKU00235,2024-02-12,28,
SKU00235,2024-02-19,68,
SKU00235,2024-02-26,39,
SKU00235,2024-03-04,67,
SKU00235,2024-03-11,32,
SKU00235,2024-03-18,86,
SKU00235,2024-03-25,51,
SKU00235,2024-04-01,46,
SKU00235,2024-04-08,43,
SKU00235,2024-04-15,60,
SKU00235,2024-04-22,58,
SKU00235,2024-04-29,37,
SKU00235,2024-05-06,65,
SKU00235,2024-05-13,65,
SKU00235,2024-05-20,92,
SKU00235,2024-05-27,79,
SKU00235,2024-06-03,40,
SKU00235,2024-06-10,32,
SKU00235,2024-06-17,112,
SKU00235,2024-06-24,44,
SKU00235,2024-07-01,48,
SKU00235,2024-07-08,40,
SKU00235,2024-07-15,55,
SKU00235,2024-07-22,56,
SKU00235,2024-07-29,49,
SKU00235,2024-08-05,32,
SKU00235,2024-08-12,56,
SKU00235,2024-08-19,53,
SKU00235,2024-08-26,42,
SKU00235,2024-09-02,61,
SKU00235,2024-09-09,46,
SKU00235,2024-09-16,57,
SKU00235,2024-09-23,40,
SKU00235,2024-09-30,55,
SKU00235,2024-10-07,39,
SKU00235,2024-10-14,50,
SKU00235,2024-10-21,84,
SKU00235,2024-10-28,78,
SKU00235,2024-11-04,94,
SKU00235,2024-11-11,70,
SKU00235,2024-11-18,65,
SKU00235,2024-11-25,52,
SKU00235,2024-12-02,138,
SKU00235,2024-12-09,90,
SKU00235,2024-12-16,77,
SKU00235,2024-12-23,101,
SKU00235,2024-12-30,58,34.0
SKU00235,2025-01-06,21,33.0
SKU00235,2025-01-13,45,65.0
SKU00235,2025-01-20,38,56.0
SKU00235,2025-01-27,34,26.0
SKU00235,2025-02-03,33,46.0
SKU00235,2025-02-10,41,28.0
SKU00235,2025-02-17,50,68.0
SKU00235,2025-02-24,36,39.0
SKU00235,2025-03-03,42,67.0
SKU00235,2025-03-10,36,32.0
SKU00235,2025-03-17,51,86.0
SKU00235,2025-03-24,22,51.0
SKU00235,2025-03-31,23,46.0
SKU00235,2025-04-07,59,43.0
SKU00235,2025-04-14,60,60.0
SKU00235,2025-04-21,70,58.0
SKU00235,2025-04-28,63,37.0
SKU00235,2025-05-05,26,65.0
SKU00235,2025-05-12,78,65.0
SKU00235,2025-05-19,57,92.0
SKU00235,2025-05-26,44,79.0
SKU00235,2025-06-02,26,40.0
SKU00235,2025-06-09,39,32.0
SKU00235,2025-06-16,40,112.0
SKU00235,2025-06-23,39,44.0
SKU00235,2025-06-30,50,48.0
SKU00235,2025-07-07,47,40.0
SKU00235,2025-07-14,59,55.0
SKU00235,2025-07-21,82,56.0
SKU00235,2025-07-28,43,49.0
SKU00235,2025-08-04,66,32.0
SKU00235,2025-08-11,43,56.0
SKU00235,2025-08-18,50,53.0
SKU00235,2025-08-25,73,42.0
SKU00235,2025-09-01,48,61.0
SKU00235,2025-09-08,69,46.0
SKU00235,2025-09-15,22,57.0
SKU00235,2025-09-22,11,40.0
SKU00235,2025-09-29,70,55.0
SKU00235,2025-10-06,65,39.0
SKU00235,2025-10-13,71,50.0
SKU00235,2025-10-20,44,84.0
SKU00235,2025-10-27,50,78.0
SKU00235,2025-11-03,82,94.0
SKU00235,2025-11-10,85,70.0
SKU00235,2025-11-17,90,65.0
SKU00235,2025-11-24,112,52.0
SKU00235,2025-12-01,86,138.0
SKU00235,2025-12-08,91,90.0
SKU00235,2025-12-15,49,77.0
SKU00235,2025-12-22,76,101.0
SKU00235,2025-12-29,19,58.0
SKU00236,2024-01-01,45,
SKU00236,2024-01-08,49,
SKU00236,2024-01-15,53,
SKU00236,2024-01-22,65,
SKU00236,2024-01-29,32,
SKU00236,2024-02-05,55,
SKU00236,2024-02-12,48,
SKU00236,2024-02-19,52,
SKU00236,2024-02-26,67,
SKU00236,2024-03-04,65,
SKU00236,2024-03-11,40,
SKU00236,2024-03-18,67,
SKU00236,2024-03-25,49,
SKU00236,2024-04-01,48,
SKU00236,2024-04-08,48,
SKU00236,2024-04-15,29,
SKU00236,2024-04-22,75,
SKU00236,2024-04-29,73,
SKU00236,2024-05-06,56,
SKU00236,2024-05-13,63,
SKU00236,2024-05-20,33,
SKU00236,2024-05-27,29,
SKU00236,2024-06-03,57,
SKU00236,2024-06-10,72,
SKU00236,2024-06-17,54,
SKU00236,2024-06-24,45,
SKU00236,2024-07-01,59,
SKU00236,2024-07-08,55,
SKU00236,2024-07-15,90,
SKU00236,2024-07-22,44,
SKU00236,2024-07-29,34,
SKU00236,2024-08-05,49,
SKU00236,2024-08-12,30,
SKU00236,2024-08-19,64,
SKU00236,2024-08-26,48,
SKU00236,2024-09-02,36,
SKU00236,2024-09-09,31,
SKU00236,2024-09-16,52,
SKU00236,2024-09-23,66,
SKU00236,2024-09-30,64,
SKU00236,2024-10-07,32,
SKU00236,2024-10-14,75,
SKU00236,2024-10-21,63,
SKU00236,2024-10-28,54,
SKU00236,2024-11-04,68,
SKU00236,2024-11-11,69,
SKU00236,2024-11-18,84,
SKU00236,2024-11-25,69,
SKU00236,2024-12-02,69,
SKU00236,2024-12-09,52,
SKU00236,2024-12-16,106,
SKU00236,2024-12-23,100,
SKU00236,2024-12-30,68,45.0
SKU00236,2025-01-06,42,49.0
SKU00236,2025-01-13,53,53.0
SKU00236,2025-01-20,60,65.0
SKU00236,2025-01-27,78,32.0
SKU00236,2025-02-03,29,55.0
SKU00236,2025-02-10,75,48.0
SKU00236,2025-02-17,56,52.0
SKU00236,2025-02-24,50,67.0
SKU00236,2025-03-03,51,65.0
SKU00236,2025-03-10,52,40.0
SKU00236,2025-03-17,68,67.0
SKU00236,2025-03-24,42,49.0
SKU00236,2025-03-31,60,48.0
SKU00236,2025-04-07,75,48.0
SKU00236,2025-04-14,56,29.0
SKU00236,2025-04-21,33,75.0
SKU00236,2025-04-28,72,73.0
SKU00236,2025-05-05,69,56.0
SKU00236,2025-05-12,79,63.0
SKU00236,2025-05-19,59,33.0
SKU00236,2025-05-26,60,29.0
SKU00236,2025-06-02,69,57.0
SKU00236,2025-06-09,58,72.0
SKU00236,2025-06-16,54,54.0
SKU00236,2025-06-23,54,45.0
SKU00236,2025-06-30,53,59.0
SKU00236,2025-07-07,59,55.0
SKU00236,2025-07-14,78,90.0
SKU00236,2025-07-21,37,44.0
SKU00236,2025-07-28,76,34.0
SKU00236,2025-08-04,32,49.0
SKU00236,2025-08-11,47,30.0
SKU00236,2025-08-18,47,64.0
SKU00236,2025-08-25,69,48.0
SKU00236,2025-09-01,71,36.0
SKU00236,2025-09-08,32,31.0
SKU00236,2025-09-15,57,52.0
SKU00236,2025-09-22,65,66.0
SKU00236,2025-09-29,49,64.0
SKU00236,2025-10-06,54,32.0
SKU00236,2025-10-13,39,75.0
SKU00236,2025-10-20,47,63.0
SKU00236,2025-10-27,39,54.0
SKU00236,2025-11-03,71,68.0
SKU00236,2025-11-10,130,69.0
SKU00236,2025-11-17,115,84.0
SKU00236,2025-11-24,92,69.0
SKU00236,2025-12-01,79,69.0
SKU00236,2025-12-08,96,52.0
SKU00236,2025-12-15,154,106.0
SKU00236,2025-12-22,50,100.0
SKU00236,2025-12-29,27,68.0
SKU00237,2024-01-01,44,
SKU00237,2024-01-08,39,
SKU00237,2024-01-15,22,
SKU00237,2024-01-22,62,
SKU00237,2024-01-29,68,
SKU00237,2024-02-05,44,
SKU00237,2024-02-12,59,
SKU00237,2024-02-19,19,
SKU00237,2024-02-26,93,
SKU00237,2024-03-04,61,
SKU00237,2024-03-11,69,
SKU00237,2024-03-18,56,
SKU00237,2024-03-25,87,
SKU00237,2024-04-01,66,
SKU00237,2024-04-08,34,
SKU00237,2024-04-15,40,
SKU00237,2024-04-22,50,
SKU00237,2024-04-29,67,
SKU00237,2024-05-06,88,
SKU00237,2024-05-13,38,
SKU00237,2024-05-20,43,
SKU00237,2024-05-27,34,
SKU00237,2024-06-03,31,
SKU00237,2024-06-10,59,
SKU00237,2024-06-17,42,
SKU00237,2024-06-24,51,
SKU00237,2024-07-01,65,
SKU00237,2024-07-08,53,
SKU00237,2024-07-15,78,
SKU00237,2024-07-22,53,
SKU00237,2024-07-29,72,
SKU00237,2024-08-05,85,
SKU00237,2024-08-12,34,
SKU00237,2024-08-19,83,
SKU00237,2024-08-26,50,
SKU00237,2024-09-02,30,
SKU00237,2024-09-09,40,
SKU00237,2024-09-16,73,
SKU00237,2024-09-23,33,
SKU00237,2024-09-30,36,
SKU00237,2024-10-07,55,
SKU00237,2024-10-14,33,
SKU00237,2024-10-21,40,
SKU00237,2024-10-28,83,
SKU00237,2024-11-04,114,
SKU00237,2024-11-11,85,
SKU00237,2024-11-18,71,
SKU00237,2024-11-25,96,
SKU00237,2024-12-02,126,
SKU00237,2024-12-09,76,
SKU00237,2024-12-16,107,
SKU00237,2024-12-23,92,
SKU00237,2024-12-30,63,44.0
SKU00237,2025-01-06,21,39.0
SKU00237,2025-01-13,32,22.0
SKU00237,2025-01-20,49,62.0
SKU00237,2025-01-27,77,68.0
SKU00237,2025-02-03,41,44.0
SKU00237,2025-02-10,35,59.0
SKU00237,2025-02-17,49,19.0
SKU00237,2025-02-24,42,93.0
SKU00237,2025-03-03,48,61.0
SKU00237,2025-03-10,60,69.0
SKU00237,2025-03-17,65,56.0
SKU00237,2025-03-24,59,87.0
SKU00237,2025-03-31,56,66.0
SKU00237,2025-04-07,51,34.0
SKU00237,2025-04-14,113,40.0
SKU00237,2025-04-21,50,50.0
SKU00237,2025-04-28,52,67.0
SKU00237,2025-05-05,31,88.0
SKU00237,2025-05-12,42,38.0
SKU00237,2025-05-19,51,43.0
SKU00237,2025-05-26,38,34.0
SKU00237,2025-06-02,62,31.0
SKU00237,2025-06-09,57,59.0
SKU00237,2025-06-16,53,42.0
SKU00237,2025-06-23,74,51.0
SKU00237,2025-06-30,50,65.0
SKU00237,2025-07-07,35,53.0
SKU00237,2025-07-14,57,78.0
SKU00237,2025-07-21,78,53.0
SKU00237,2025-07-28,58,72.0
SKU00237,2025-08-04,28,85.0
SKU00237,2025-08-11,41,34.0
SKU00237,2025-08-18,53,83.0
SKU00237,2025-08-25,55,50.0
SKU00237,2025-09-01,38,30.0
SKU00237,2025-09-08,49,40.0
SKU00237,2025-09-15,70,73.0
SKU00237,2025-09-22,75,33.0
SKU00237,2025-09-29,83,36.0
SKU00237,2025-10-06,53,55.0
SKU00237,2025-10-13,37,33.0
SKU00237,2025-10-20,74,40.0
SKU00237,2025-10-27,121,83.0
SKU00237,2025-11-03,86,114.0
SKU00237,2025-11-10,50,85.0
SKU00237,2025-11-17,101,71.0
SKU00237,2025-11-24,81,96.0
SKU00237,2025-12-01,72,126.0
SKU00237,2025-12-08,69,76.0
SKU00237,2025-12-15,49,107.0
SKU00237,2025-12-22,96,92.0
SKU00237,2025-12-29,33,63.0
SKU00238,2024-01-01,56,
SKU00238,2024-01-08,33,
SKU00238,2024-01-15,52,
SKU00238,2024-01-22,43,
SKU00238,2024-01-29,73,
SKU00238,2024-02-05,30,
SKU00238,2024-02-12,37,
SKU00238,2024-02-19,64,
SKU00238,2024-02-26,38,
SKU00238,2024-03-04,63,
SKU00238,2024-03-11,42,
SKU00238,2024-03-18,50,
SKU00238,2024-03-25,51,
SKU00238,2024-04-01,30,
SKU00238,2024-04-08,103,
SKU00238,2024-04-15,86,
SKU00238,2024-04-22,65,
SKU00238,2024-04-29,115,
SKU00238,2024-05-06,68,
SKU00238,2024-05-13,26,
SKU00238,2024-05-20,57,
SKU00238,2024-05-27,28,
SKU00238,2024-06-03,25,
SKU00238,2024-06-10,51,
SKU00238,2024-06-17,44,
SKU00238,2024-06-24,67,
SKU00238,2024-07-01,59,
SKU00238,2024-07-08,56,
SKU00238,2024-07-15,70,
SKU00238,2024-07-22,35,
SKU00238,2024-07-29,57,
SKU00238,2024-08-05,31,
SKU00238,2024-08-12,39,
SKU00238,2024-08-19,54,
SKU00238,2024-08-26,71,
SKU00238,2024-09-02,48,
SKU00238,2024-09-09,56,
SKU00238,2024-09-16,52,
SKU00238,2024-09-23,39,
SKU00238,2024-09-30,68,
SKU00238,2024-10-07,46,
SKU00238,2024-10-14,70,
SKU00238,2024-10-21,51,
SKU00238,2024-10-28,67,
SKU00238,2024-11-04,81,
SKU00238,2024-11-11,106,
SKU00238,2024-11-18,102,
SKU00238,2024-11-25,88,
SKU00238,2024-12-02,115,
SKU00238,2024-12-09,83,
SKU00238,2024-12-16,87,
SKU00238,2024-12-23,107,
SKU00238,2024-12-30,54,56.0
SKU00238,2025-01-06,37,33.0
SKU00238,2025-01-13,39,52.0
SKU00238,2025-01-20,49,43.0
SKU00238,2025-01-27,30,73.0
SKU00238,2025-02-03,55,30.0
SKU00238,2025-02-10,35,37.0
SKU00238,2025-02-17,47,64.0
SKU00238,2025-02-24,53,38.0
SKU00238,2025-03-03,40,63.0
SKU00238,2025-03-10,77,42.0
SKU00238,2025-03-17,29,50.0
SKU00238,2025-03-24,40,51.0
SKU00238,2025-03-31,84,30.0
SKU00238,2025-04-07,63,103.0
SKU00238,2025-04-14,92,86.0
SKU00238,2025-04-21,81,65.0
SKU00238,2025-04-28,62,115.0
SKU00238,2025-05-05,43,68.0
SKU00238,2025-05-12,41,26.0
SKU00238,2025-05-19,59,57.0
SKU00238,2025-05-26,75,28.0
SKU00238,2025-06-02,78,25.0
SKU00238,2025-06-09,58,51.0
SKU00238,2025-06-16,42,44.0
SKU00238,2025-06-23,59,67.0
SKU00238,2025-06-30,56,59.0
SKU00238,2025-07-07,60,56.0
SKU00238,2025-07-14,55,70.0
SKU00238,2025-07-21,36,35.0
SKU00238,2025-07-28,28,57.0
SKU00238,2025-08-04,39,31.0
SKU00238,2025-08-11,63,39.0
SKU00238,2025-08-18,52,54.0
SKU00238,2025-08-25,47,71.0
SKU00238,2025-09-01,52,48.0
SKU00238,2025-09-08,36,56.0
SKU00238,2025-09-15,55,52.0
SKU00238,2025-09-22,55,39.0
SKU00238,2025-09-29,41,68.0
SKU00238,2025-10-06,38,46.0
SKU00238,2025-10-13,43,70.0
SKU00238,2025-10-20,57,51.0
SKU00238,2025-10-27,51,67.0
SKU00238,2025-11-03,100,81.0
SKU00238,2025-11-10,85,106.0
SKU00238,2025-11-17,83,102.0
SKU00238,2025-11-24,88,88.0
SKU00238,2025-12-01,113,115.0
SKU00238,2025-12-08,80,83.0
SKU00238,2025-12-15,81,87.0
SKU00238,2025-12-22,71,107.0
SKU00238,2025-12-29,54,54.0
SKU00239,2024-01-01,44,
SKU00239,2024-01-08,64,
SKU00239,2024-01-15,34,
SKU00239,2024-01-22,28,
SKU00239,2024-01-29,51,
SKU00239,2024-02-05,54,
SKU00239,2024-02-12,30,
SKU00239,2024-02-19,33,
SKU00239,2024-02-26,69,
SKU00239,2024-03-04,36,
SKU00239,2024-03-11,52,
SKU00239,2024-03-18,31,
SKU00239,2024-03-25,47,
SKU00239,2024-04-01,117,
SKU00239,2024-04-08,49,
SKU00239,2024-04-15,63,
SKU00239,2024-04-22,54,
SKU00239,2024-04-29,54,
SKU00239,2024-05-06,49,
SKU00239,2024-05-13,47,
SKU00239,2024-05-20,35,
SKU00239,2024-05-27,48,
SKU00239,2024-06-03,55,
SKU00239,2024-06-10,25,
SKU00239,2024-06-17,47,
SKU00239,2024-06-24,64,
SKU00239,2024-07-01,43,
SKU00239,2024-07-08,45,
SKU00239,2024-07-15,65,
SKU00239,2024-07-22,36,
SKU00239,2024-07-29,71,
SKU00239,2024-08-05,45,
SKU00239,2024-08-12,48,
SKU00239,2024-08-19,69,
SKU00239,2024-08-26,53,
SKU00239,2024-09-02,86,
SKU00239,2024-09-09,71,
SKU00239,2024-09-16,52,
SKU00239,2024-09-23,57,
SKU00239,2024-09-30,51,
SKU00239,2024-10-07,53,
SKU00239,2024-10-14,51,
SKU00239,2024-10-21,53,
SKU00239,2024-10-28,87,
SKU00239,2024-11-04,79,
SKU00239,2024-11-11,97,
SKU00239,2024-11-18,63,
SKU00239,2024-11-25,85,
SKU00239,2024-12-02,83,
SKU00239,2024-12-09,98,
SKU00239,2024-12-16,54,
SKU00239,2024-12-23,74,
SKU00239,2024-12-30,66,44.0
SKU00239,2025-01-06,51,64.0
SKU00239,2025-01-13,41,34.0
SKU00239,2025-01-20,51,28.0
SKU00239,2025-01-27,16,51.0
SKU00239,2025-02-03,37,54.0
SKU00239,2025-02-10,47,30.0
SKU00239,2025-02-17,37,33.0
SKU00239,2025-02-24,27,69.0
SKU00239,2025-03-03,69,36.0
SKU00239,2025-03-10,49,52.0
SKU00239,2025-03-17,82,31.0
SKU00239,2025-03-24,32,47.0
SKU00239,2025-03-31,52,117.0
SKU00239,2025-04-07,66,49.0
SKU00239,2025-04-14,37,63.0
SKU00239,2025-04-21,15,54.0
SKU00239,2025-04-28,47,54.0
SKU00239,2025-05-05,59,49.0
SKU00239,2025-05-12,54,47.0
SKU00239,2025-05-19,79,35.0
SKU00239,2025-05-26,32,48.0
SKU00239,2025-06-02,76,55.0
SKU00239,2025-06-09,37,25.0
SKU00239,2025-06-16,55,47.0
SKU00239,2025-06-23,48,64.0
SKU00239,2025-06-30,66,43.0
SKU00239,2025-07-07,52,45.0
SKU00239,2025-07-14,53,65.0
SKU00239,2025-07-21,27,36.0
SKU00239,2025-07-28,69,71.0
SKU00239,2025-08-04,39,45.0
SKU00239,2025-08-11,46,48.0
SKU00239,2025-08-18,41,69.0
SKU00239,2025-08-25,40,53.0
SKU00239,2025-09-01,56,86.0
SKU00239,2025-09-08,44,71.0
SKU00239,2025-09-15,59,52.0
SKU00239,2025-09-22,54,57.0
SKU00239,2025-09-29,36,51.0
SKU00239,2025-10-06,40,53.0
SKU00239,2025-10-13,76,51.0
SKU00239,2025-10-20,40,53.0
SKU00239,2025-10-27,102,87.0
SKU00239,2025-11-03,45,79.0
SKU00239,2025-11-10,106,97.0
SKU00239,2025-11-17,91,63.0
SKU00239,2025-11-24,78,85.0
SKU00239,2025-12-01,98,83.0
SKU00239,2025-12-08,116,98.0
SKU00239,2025-12-15,92,54.0
SKU00239,2025-12-22,78,74.0
SKU00239,2025-12-29,26,66.0
SKU00240,2024-01-01,30,
SKU00240,2024-01-08,50,
SKU00240,2024-01-15,56,
SKU00240,2024-01-22,32,
SKU00240,2024-01-29,46,
SKU00240,2024-02-05,47,
SKU00240,2024-02-12,44,
SKU00240,2024-02-19,36,
SKU00240,2024-02-26,70,
SKU00240,2024-03-04,50,
SKU00240,2024-03-11,74,
SKU00240,2024-03-18,97,
SKU00240,2024-03-25,82,
SKU00240,2024-04-01,57,
SKU00240,2024-04-08,56,
SKU00240,2024-04-15,38,
SKU00240,2024-04-22,50,
SKU00240,2024-04-29,60,
SKU00240,2024-05-06,37,
SKU00240,2024-05-13,36,
SKU00240,2024-05-20,47,
SKU00240,2024-05-27,45,
SKU00240,2024-06-03,47,
SKU00240,2024-06-10,46,
SKU00240,2024-06-17,68,
SKU00240,2024-06-24,42,
SKU00240,2024-07-01,40,
SKU00240,2024-07-08,46,
SKU00240,2024-07-15,42,
SKU00240,2024-07-22,39,
SKU00240,2024-07-29,29,
SKU00240,2024-08-05,45,
SKU00240,2024-08-12,50,
SKU00240,2024-08-19,50,
SKU00240,2024-08-26,30,
SKU00240,2024-09-02,55,
SKU00240,2024-09-09,90,
SKU00240,2024-09-16,41,
SKU00240,2024-09-23,38,
SKU00240,2024-09-30,34,
SKU00240,2024-10-07,72,
SKU00240,2024-10-14,48,
SKU00240,2024-10-21,60,
SKU00240,2024-10-28,80,
SKU00240,2024-11-04,89,
SKU00240,2024-11-11,145,
SKU00240,2024-11-18,125,
SKU00240,2024-11-25,67,
SKU00240,2024-12-02,118,
SKU00240,2024-12-09,96,
SKU00240,2024-12-16,73,
SKU00240,2024-12-23,78,
SKU00240,2024-12-30,71,30.0
SKU00240,2025-01-06,59,50.0
SKU00240,2025-01-13,32,56.0
SKU00240,2025-01-20,21,32.0
SKU00240,2025-01-27,41,46.0
SKU00240,2025-02-03,83,47.0
SKU00240,2025-02-10,45,44.0
SKU00240,2025-02-17,35,36.0
SKU00240,2025-02-24,62,70.0
SKU00240,2025-03-03,43,50.0
SKU00240,2025-03-10,36,74.0
SKU00240,2025-03-17,48,97.0
SKU00240,2025-03-24,49,82.0
SKU00240,2025-03-31,25,57.0
SKU00240,2025-04-07,73,56.0
SKU00240,2025-04-14,68,38.0
SKU00240,2025-04-21,53,50.0
SKU00240,2025-04-28,48,60.0
SKU00240,2025-05-05,36,37.0
SKU00240,2025-05-12,51,36.0
SKU00240,2025-05-19,62,47.0
SKU00240,2025-05-26,62,45.0
SKU00240,2025-06-02,62,47.0
SKU00240,2025-06-09,52,46.0
SKU00240,2025-06-16,42,68.0
SKU00240,2025-06-23,74,42.0
SKU00240,2025-06-30,23,40.0
SKU00240,2025-07-07,83,46.0
SKU00240,2025-07-14,85,42.0
SKU00240,2025-07-21,51,39.0
SKU00240,2025-07-28,65,29.0
SKU00240,2025-08-04,87,45.0
SKU00240,2025-08-11,39,50.0
SKU00240,2025-08-18,36,50.0
SKU00240,2025-08-25,57,30.0
SKU00240,2025-09-01,37,55.0
SKU00240,2025-09-08,49,90.0
SKU00240,2025-09-15,39,41.0
SKU00240,2025-09-22,64,38.0
SKU00240,2025-09-29,60,34.0
SKU00240,2025-10-06,91,72.0
SKU00240,2025-10-13,39,48.0
SKU00240,2025-10-20,87,60.0
SKU00240,2025-10-27,69,80.0
SKU00240,2025-11-03,89,89.0
SKU00240,2025-11-10,59,145.0
SKU00240,2025-11-17,74,125.0
SKU00240,2025-11-24,72,67.0
SKU00240,2025-12-01,89,118.0
SKU00240,2025-12-08,81,96.0
SKU00240,2025-12-15,109,73.0
SKU00240,2025-12-22,81,78.0
SKU00240,2025-12-29,46,71.0
SKU00241,2024-01-01,60,
SKU00241,2024-01-08,29,
SKU00241,2024-01-15,37,
SKU00241,2024-01-22,31,
SKU00241,2024-01-29,71,
SKU00241,2024-02-05,29,
SKU00241,2024-02-12,49,
SKU00241,2024-02-19,23,
SKU00241,2024-02-26,60,
SKU00241,2024-03-04,74,
SKU00241,2024-03-11,62,
SKU00241,2024-03-18,57,
SKU00241,2024-03-25,53,
SKU00241,2024-04-01,70,
SKU00241,2024-04-08,57,
SKU00241,2024-04-15,37,
SKU00241,2024-04-22,49,
SKU00241,2024-04-29,53,
SKU00241,2024-05-06,58,
SKU00241,2024-05-13,42,
SKU00241,2024-05-20,63,
SKU00241,2024-05-27,36,
SKU00241,2024-06-03,44,
SKU00241,2024-06-10,38,
SKU00241,2024-06-17,37,
SKU00241,2024-06-24,84,
SKU00241,2024-07-01,46,
SKU00241,2024-07-08,54,
SKU00241,2024-07-15,57,
SKU00241,2024-07-22,57,
SKU00241,2024-07-29,73,
SKU00241,2024-08-05,35,
SKU00241,2024-08-12,44,
SKU00241,2024-08-19,39,
SKU00241,2024-08-26,63,
SKU00241,2024-09-02,45,
SKU00241,2024-09-09,41,
SKU00241,2024-09-16,56,
SKU00241,2024-09-23,38,
SKU00241,2024-09-30,34,
SKU00241,2024-10-07,33,
SKU00241,2024-10-14,90,
SKU00241,2024-10-21,58,
SKU00241,2024-10-28,74,
SKU00241,2024-11-04,86,
SKU00241,2024-11-11,78,
SKU00241,2024-11-18,57,
SKU00241,2024-11-25,113,
SKU00241,2024-12-02,105,
SKU00241,2024-12-09,98,
SKU00241,2024-12-16,56,
SKU00241,2024-12-23,92,
SKU00241,2024-12-30,27,60.0
SKU00241,2025-01-06,55,29.0
SKU00241,2025-01-13,45,37.0
SKU00241,2025-01-20,58,31.0
SKU00241,2025-01-27,30,71.0
SKU00241,2025-02-03,27,29.0
SKU00241,2025-02-10,46,49.0
SKU00241,2025-02-17,44,23.0
SKU00241,2025-02-24,74,60.0
SKU00241,2025-03-03,46,74.0
SKU00241,2025-03-10,53,62.0
SKU00241,2025-03-17,47,57.0
SKU00241,2025-03-24,76,53.0
SKU00241,2025-03-31,46,70.0
SKU00241,2025-04-07,35,57.0
SKU00241,2025-04-14,64,37.0
SKU00241,2025-04-21,67,49.0
SKU00241,2025-04-28,55,53.0
SKU00241,2025-05-05,50,58.0
SKU00241,2025-05-12,54,42.0
SKU00241,2025-05-19,48,63.0
SKU00241,2025-05-26,57,36.0
SKU00241,2025-06-02,45,44.0
SKU00241,2025-06-09,64,38.0
SKU00241,2025-06-16,57,37.0
SKU00241,2025-06-23,58,84.0
SKU00241,2025-06-30,82,46.0
SKU00241,2025-07-07,69,54.0
SKU00241,2025-07-14,63,57.0
SKU00241,2025-07-21,69,57.0
SKU00241,2025-07-28,71,73.0
SKU00241,2025-08-04,38,35.0
SKU00241,2025-08-11,62,44.0
SKU00241,2025-08-18,57,39.0
SKU00241,2025-08-25,86,63.0
SKU00241,2025-09-01,43,45.0
SKU00241,2025-09-08,63,41.0
SKU00241,2025-09-15,59,56.0
SKU00241,2025-09-22,45,38.0
SKU00241,2025-09-29,52,34.0
SKU00241,2025-10-06,42,33.0
SKU00241,2025-10-13,61,90.0
SKU00241,2025-10-20,57,58.0
SKU00241,2025-10-27,43,74.0
SKU00241,2025-11-03,49,86.0
SKU00241,2025-11-10,80,78.0
SKU00241,2025-11-17,83,57.0
SKU00241,2025-11-24,92,113.0
SKU00241,2025-12-01,108,105.0
SKU00241,2025-12-08,106,98.0
SKU00241,2025-12-15,138,56.0
SKU00241,2025-12-22,95,92.0
SKU00241,2025-12-29,47,27.0
SKU00242,2024-01-01,51,
SKU00242,2024-01-08,53,
SKU00242,2024-01-15,57,
SKU00242,2024-01-22,50,
SKU00242,2024-01-29,36,
SKU00242,2024-02-05,71,
SKU00242,2024-02-12,61,
SKU00242,2024-02-19,74,
SKU00242,2024-02-26,52,
SKU00242,2024-03-04,61,
SKU00242,2024-03-11,55,
SKU00242,2024-03-18,80,
SKU00242,2024-03-25,76,
SKU00242,2024-04-01,45,
SKU00242,2024-04-08,72,
SKU00242,2024-04-15,59,
SKU00242,2024-04-22,60,
SKU00242,2024-04-29,45,
SKU00242,2024-05-06,35,
SKU00242,2024-05-13,55,
SKU00242,2024-05-20,81,
SKU00242,2024-05-27,55,
SKU00242,2024-06-03,64,
SKU00242,2024-06-10,57,
SKU00242,2024-06-17,65,
SKU00242,2024-06-24,56,
SKU00242,2024-07-01,59,
SKU00242,2024-07-08,42,
SKU00242,2024-07-15,34,
SKU00242,2024-07-22,27,
SKU00242,2024-07-29,70,
SKU00242,2024-08-05,53,
SKU00242,2024-08-12,54,
SKU00242,2024-08-19,38,
SKU00242,2024-08-26,45,
SKU00242,2024-09-02,50,
SKU00242,2024-09-09,39,
SKU00242,2024-09-16,51,
SKU00242,2024-09-23,65,
SKU00242,2024-09-30,87,
SKU00242,2024-10-07,79,
SKU00242,2024-10-14,50,
SKU00242,2024-10-21,78,
SKU00242,2024-10-28,70,
SKU00242,2024-11-04,45,
SKU00242,2024-11-11,86,
SKU00242,2024-11-18,88,
SKU00242,2024-11-25,66,
SKU00242,2024-12-02,85,
SKU00242,2024-12-09,80,
SKU00242,2024-12-16,92,
SKU00242,2024-12-23,68,
SKU00242,2024-12-30,58,51.0
SKU00242,2025-01-06,58,53.0
SKU00242,2025-01-13,43,57.0
SKU00242,2025-01-20,47,50.0
SKU00242,2025-01-27,46,36.0
SKU00242,2025-02-03,24,71.0
SKU00242,2025-02-10,54,61.0
SKU00242,2025-02-17,67,74.0
SKU00242,2025-02-24,59,52.0
SKU00242,2025-03-03,56,61.0
SKU00242,2025-03-10,61,55.0
SKU00242,2025-03-17,48,80.0
SKU00242,2025-03-24,63,76.0
SKU00242,2025-03-31,62,45.0
SKU00242,2025-04-07,49,72.0
SKU00242,2025-04-14,29,59.0
SKU00242,2025-04-21,47,60.0
SKU00242,2025-04-28,55,45.0
SKU00242,2025-05-05,36,35.0
SKU00242,2025-05-12,49,55.0
SKU00242,2025-05-19,59,81.0
SKU00242,2025-05-26,41,55.0
SKU00242,2025-06-02,44,64.0
SKU00242,2025-06-09,81,57.0
SKU00242,2025-06-16,67,65.0
SKU00242,2025-06-23,124,56.0
SKU00242,2025-06-30,57,59.0
SKU00242,2025-07-07,32,42.0
SKU00242,2025-07-14,60,34.0
SKU00242,2025-07-21,58,27.0
SKU00242,2025-07-28,51,70.0
SKU00242,2025-08-04,43,53.0
SKU00242,2025-08-11,71,54.0
SKU00242,2025-08-18,66,38.0
SKU00242,2025-08-25,28,45.0
SKU00242,2025-09-01,66,50.0
SKU00242,2025-09-08,60,39.0
SKU00242,2025-09-15,32,51.0
SKU00242,2025-09-22,48,65.0
SKU00242,2025-09-29,41,87.0
SKU00242,2025-10-06,47,79.0
SKU00242,2025-10-13,54,50.0
SKU00242,2025-10-20,54,78.0
SKU00242,2025-10-27,30,70.0
SKU00242,2025-11-03,71,45.0
SKU00242,2025-11-10,60,86.0
SKU00242,2025-11-17,129,88.0
SKU00242,2025-11-24,75,66.0
SKU00242,2025-12-01,55,85.0
SKU00242,2025-12-08,64,80.0
SKU00242,2025-12-15,104,92.0
SKU00242,2025-12-22,59,68.0
SKU00242,2025-12-29,24,58.0
SKU00243,2024-01-01,45,
SKU00243,2024-01-08,69,
SKU00243,2024-01-15,11,
SKU00243,2024-01-22,57,
SKU00243,2024-01-29,21,
SKU00243,2024-02-05,64,
SKU00243,2024-02-12,90,
SKU00243,2024-02-19,62,
SKU00243,2024-02-26,66,
SKU00243,2024-03-04,43,
SKU00243,2024-03-11,60,
SKU00243,2024-03-18,44,
SKU00243,2024-03-25,70,
SKU00243,2024-04-01,75,
SKU00243,2024-04-08,59,
SKU00243,2024-04-15,73,
SKU00243,2024-04-22,70,
SKU00243,2024-04-29,57,
SKU00243,2024-05-06,88,
SKU00243,2024-05-13,46,
SKU00243,2024-05-20,93,
SKU00243,2024-05-27,52,
SKU00243,2024-06-03,38,
SKU00243,2024-06-10,68,
SKU00243,2024-06-17,77,
SKU00243,2024-06-24,31,
SKU00243,2024-07-01,80,
SKU00243,2024-07-08,39,
SKU00243,2024-07-15,75,
SKU00243,2024-07-22,54,
SKU00243,2024-07-29,84,
SKU00243,2024-08-05,37,
SKU00243,2024-08-12,32,
SKU00243,2024-08-19,61,
SKU00243,2024-08-26,42,
SKU00243,2024-09-02,65,
SKU00243,2024-09-09,55,
SKU00243,2024-09-16,93,
SKU00243,2024-09-23,76,
SKU00243,2024-09-30,40,
SKU00243,2024-10-07,38,
SKU00243,2024-10-14,60,
SKU00243,2024-10-21,38,
SKU00243,2024-10-28,82,
SKU00243,2024-11-04,83,
SKU00243,2024-11-11,94,
SKU00243,2024-11-18,106,
SKU00243,2024-11-25,114,
SKU00243,2024-12-02,100,
SKU00243,2024-12-09,127,
SKU00243,2024-12-16,105,
SKU00243,2024-12-23,63,
SKU00243,2024-12-30,74,45.0
SKU00243,2025-01-06,63,69.0
SKU00243,2025-01-13,71,11.0
SKU00243,2025-01-20,49,57.0
SKU00243,2025-01-27,49,21.0
SKU00243,2025-02-03,16,64.0
SKU00243,2025-02-10,58,90.0
SKU00243,2025-02-17,50,62.0
SKU00243,2025-02-24,38,66.0
SKU00243,2025-03-03,61,43.0
SKU00243,2025-03-10,30,60.0
SKU00243,2025-03-17,86,44.0
SKU00243,2025-03-24,59,70.0
SKU00243,2025-03-31,47,75.0
SKU00243,2025-04-07,47,59.0
SKU00243,2025-04-14,70,73.0
SKU00243,2025-04-21,30,70.0
SKU00243,2025-04-28,56,57.0
SKU00243,2025-05-05,37,88.0
SKU00243,2025-05-12,35,46.0
SKU00243,2025-05-19,41,93.0
SKU00243,2025-05-26,68,52.0
SKU00243,2025-06-02,65,38.0
SKU00243,2025-06-09,82,68.0
SKU00243,2025-06-16,67,77.0
SKU00243,2025-06-23,39,31.0
SKU00243,2025-06-30,58,80.0
SKU00243,2025-07-07,36,39.0
SKU00243,2025-07-14,64,75.0
SKU00243,2025-07-21,113,54.0
SKU00243,2025-07-28,57,84.0
SKU00243,2025-08-04,54,37.0
SKU00243,2025-08-11,38,32.0
SKU00243,2025-08-18,55,61.0
SKU00243,2025-08-25,49,42.0
SKU00243,2025-09-01,59,65.0
SKU00243,2025-09-08,38,55.0
SKU00243,2025-09-15,47,93.0
SKU00243,2025-09-22,53,76.0
SKU00243,2025-09-29,28,40.0
SKU00243,2025-10-06,89,38.0
SKU00243,2025-10-13,55,60.0
SKU00243,2025-10-20,76,38.0
SKU00243,2025-10-27,75,82.0
SKU00243,2025-11-03,108,83.0
SKU00243,2025-11-10,94,94.0
SKU00243,2025-11-17,76,106.0
SKU00243,2025-11-24,95,114.0
SKU00243,2025-12-01,90,100.0
SKU00243,2025-12-08,79,127.0
SKU00243,2025-12-15,76,105.0
SKU00243,2025-12-22,88,63.0
SKU00243,2025-12-29,40,74.0
SKU00244,2024-01-01,28,
SKU00244,2024-01-08,42,
SKU00244,2024-01-15,58,
SKU00244,2024-01-22,44,
SKU00244,2024-01-29,88,
SKU00244,2024-02-05,49,
SKU00244,2024-02-12,71,
SKU00244,2024-02-19,43,
SKU00244,2024-02-26,53,
SKU00244,2024-03-04,51,
SKU00244,2024-03-11,81,
SKU00244,2024-03-18,48,
SKU00244,2024-03-25,51,
SKU00244,2024-04-01,78,
SKU00244,2024-04-08,51,
SKU00244,2024-04-15,28,
SKU00244,2024-04-22,84,
SKU00244,2024-04-29,36,
SKU00244,2024-05-06,47,
SKU00244,2024-05-13,53,
SKU00244,2024-05-20,46,
SKU00244,2024-05-27,47,
SKU00244,2024-06-03,43,
SKU00244,2024-06-10,70,
SKU00244,2024-06-17,64,
SKU00244,2024-06-24,34,
SKU00244,2024-07-01,33,
SKU00244,2024-07-08,58,
SKU00244,2024-07-15,52,
SKU00244,2024-07-22,72,
SKU00244,2024-07-29,58,
SKU00244,2024-08-05,85,
SKU00244,2024-08-12,50,
SKU00244,2024-08-19,99,
SKU00244,2024-08-26,33,
SKU00244,2024-09-02,42,
SKU00244,2024-09-09,44,
SKU00244,2024-09-16,69,
SKU00244,2024-09-23,32,
SKU00244,2024-09-30,76,
SKU00244,2024-10-07,59,
SKU00244,2024-10-14,47,
SKU00244,2024-10-21,49,
SKU00244,2024-10-28,52,
SKU00244,2024-11-04,129,
SKU00244,2024-11-11,79,
SKU00244,2024-11-18,102,
SKU00244,2024-11-25,80,
SKU00244,2024-12-02,90,
SKU00244,2024-12-09,69,
SKU00244,2024-12-16,80,
SKU00244,2024-12-23,80,
SKU00244,2024-12-30,54,28.0
SKU00244,2025-01-06,34,42.0
SKU00244,2025-01-13,35,58.0
SKU00244,2025-01-20,53,44.0
SKU00244,2025-01-27,32,88.0
SKU00244,2025-02-03,45,49.0
SKU00244,2025-02-10,42,71.0
SKU00244,2025-02-17,28,43.0
SKU00244,2025-02-24,33,53.0
SKU00244,2025-03-03,49,51.0
SKU00244,2025-03-10,52,81.0
SKU00244,2025-03-17,50,48.0
SKU00244,2025-03-24,66,51.0
SKU00244,2025-03-31,47,78.0
SKU00244,2025-04-07,48,51.0
SKU00244,2025-04-14,65,28.0
SKU00244,2025-04-21,49,84.0
SKU00244,2025-04-28,50,36.0
SKU00244,2025-05-05,57,47.0
SKU00244,2025-05-12,57,53.0
SKU00244,2025-05-19,87,46.0
SKU00244,2025-05-26,36,47.0
SKU00244,2025-06-02,41,43.0
SKU00244,2025-06-09,57,70.0
SKU00244,2025-06-16,69,64.0
SKU00244,2025-06-23,83,34.0
SKU00244,2025-06-30,52,33.0
SKU00244,2025-07-07,41,58.0
SKU00244,2025-07-14,67,52.0
SKU00244,2025-07-21,74,72.0
SKU00244,2025-07-28,47,58.0
SKU00244,2025-08-04,59,85.0
SKU00244,2025-08-11,59,50.0
SKU00244,2025-08-18,48,99.0
SKU00244,2025-08-25,47,33.0
SKU00244,2025-09-01,56,42.0
SKU00244,2025-09-08,44,44.0
SKU00244,2025-09-15,64,69.0
SKU00244,2025-09-22,58,32.0
SKU00244,2025-09-29,55,76.0
SKU00244,2025-10-06,66,59.0
SKU00244,2025-10-13,76,47.0
SKU00244,2025-10-20,60,49.0
SKU00244,2025-10-27,71,52.0
SKU00244,2025-11-03,76,129.0
SKU00244,2025-11-10,72,79.0
SKU00244,2025-11-17,79,102.0
SKU00244,2025-11-24,60,80.0
SKU00244,2025-12-01,107,90.0
SKU00244,2025-12-08,96,69.0
SKU00244,2025-12-15,62,80.0
SKU00244,2025-12-22,144,80.0
SKU00244,2025-12-29,38,54.0
SKU00245,2024-01-01,44,
SKU00245,2024-01-08,57,
SKU00245,2024-01-15,49,
SKU00245,2024-01-22,39,
SKU00245,2024-01-29,39,
SKU00245,2024-02-05,51,
SKU00245,2024-02-12,36,
SKU00245,2024-02-19,60,
SKU00245,2024-02-26,27,
SKU00245,2024-03-04,48,
SKU00245,2024-03-11,49,
SKU00245,2024-03-18,50,
SKU00245,2024-03-25,67,
SKU00245,2024-04-01,40,
SKU00245,2024-04-08,42,
SKU00245,2024-04-15,98,
SKU00245,2024-04-22,34,
SKU00245,2024-04-29,50,
SKU00245,2024-05-06,26,
SKU00245,2024-05-13,33,
SKU00245,2024-05-20,47,
SKU00245,2024-05-27,27,
SKU00245,2024-06-03,52,
SKU00245,2024-06-10,72,
SKU00245,2024-06-17,44,
SKU00245,2024-06-24,67,
SKU00245,2024-07-01,78,
SKU00245,2024-07-08,53,
SKU00245,2024-07-15,30,
SKU00245,2024-07-22,69,
SKU00245,2024-07-29,44,
SKU00245,2024-08-05,70,
SKU00245,2024-08-12,57,
SKU00245,2024-08-19,69,
SKU00245,2024-08-26,59,
SKU00245,2024-09-02,25,
SKU00245,2024-09-09,51,
SKU00245,2024-09-16,66,
SKU00245,2024-09-23,81,
SKU00245,2024-09-30,59,
SKU00245,2024-10-07,52,
SKU00245,2024-10-14,42,
SKU00245,2024-10-21,74,
SKU00245,2024-10-28,59,
SKU00245,2024-11-04,92,
SKU00245,2024-11-11,93,
SKU00245,2024-11-18,88,
SKU00245,2024-11-25,88,
SKU00245,2024-12-02,80,
SKU00245,2024-12-09,75,
SKU00245,2024-12-16,56,
SKU00245,2024-12-23,71,
SKU00245,2024-12-30,57,44.0
SKU00245,2025-01-06,62,57.0
SKU00245,2025-01-13,57,49.0
SKU00245,2025-01-20,63,39.0
SKU00245,2025-01-27,33,39.0
SKU00245,2025-02-03,71,51.0
SKU00245,2025-02-10,27,36.0
SKU00245,2025-02-17,60,60.0
SKU00245,2025-02-24,60,27.0
SKU00245,2025-03-03,56,48.0
SKU00245,2025-03-10,47,49.0
SKU00245,2025-03-17,62,50.0
SKU00245,2025-03-24,57,67.0
SKU00245,2025-03-31,27,40.0
SKU00245,2025-04-07,31,42.0
SKU00245,2025-04-14,45,98.0
SKU00245,2025-04-21,67,34.0
SKU00245,2025-04-28,61,50.0
SKU00245,2025-05-05,52,26.0
SKU00245,2025-05-12,52,33.0
SKU00245,2025-05-19,59,47.0
SKU00245,2025-05-26,35,27.0
SKU00245,2025-06-02,49,52.0
SKU00245,2025-06-09,65,72.0
SKU00245,2025-06-16,50,44.0
SKU00245,2025-06-23,81,67.0
SKU00245,2025-06-30,46,78.0
SKU00245,2025-07-07,96,53.0
SKU00245,2025-07-14,69,30.0
SKU00245,2025-07-21,40,69.0
SKU00245,2025-07-28,33,44.0
SKU00245,2025-08-04,65,70.0
SKU00245,2025-08-11,90,57.0
SKU00245,2025-08-18,47,69.0
SKU00245,2025-08-25,66,59.0
SKU00245,2025-09-01,66,25.0
SKU00245,2025-09-08,33,51.0
SKU00245,2025-09-15,87,66.0
SKU00245,2025-09-22,43,81.0
SKU00245,2025-09-29,75,59.0
SKU00245,2025-10-06,42,52.0
SKU00245,2025-10-13,41,42.0
SKU00245,2025-10-20,23,74.0
SKU00245,2025-10-27,41,59.0
SKU00245,2025-11-03,92,92.0
SKU00245,2025-11-10,107,93.0
SKU00245,2025-11-17,60,88.0
SKU00245,2025-11-24,80,88.0
SKU00245,2025-12-01,71,80.0
SKU00245,2025-12-08,127,75.0
SKU00245,2025-12-15,69,56.0
SKU00245,2025-12-22,81,71.0
SKU00245,2025-12-29,43,57.0
SKU00246,2024-01-01,31,
SKU00246,2024-01-08,58,
SKU00246,2024-01-15,32,
SKU00246,2024-01-22,43,
SKU00246,2024-01-29,32,
SKU00246,2024-02-05,38,
SKU00246,2024-02-12,56,
SKU00246,2024-02-19,47,
SKU00246,2024-02-26,48,
SKU00246,2024-03-04,39,
SKU00246,2024-03-11,22,
SKU00246,2024-03-18,63,
SKU00246,2024-03-25,114,
SKU00246,2024-04-01,71,
SKU00246,2024-04-08,48,
SKU00246,2024-04-15,55,
SKU00246,2024-04-22,56,
SKU00246,2024-04-29,76,
SKU00246,2024-05-06,32,
SKU00246,2024-05-13,62,
SKU00246,2024-05-20,79,
SKU00246,2024-05-27,77,
SKU00246,2024-06-03,74,
SKU00246,2024-06-10,65,
SKU00246,2024-06-17,48,
SKU00246,2024-06-24,89,
SKU00246,2024-07-01,62,
SKU00246,2024-07-08,35,
SKU00246,2024-07-15,43,
SKU00246,2024-07-22,54,
SKU00246,2024-07-29,63,
SKU00246,2024-08-05,68,
SKU00246,2024-08-12,65,
SKU00246,2024-08-19,65,
SKU00246,2024-08-26,58,
SKU00246,2024-09-02,58,
SKU00246,2024-09-09,41,
SKU00246,2024-09-16,69,
SKU00246,2024-09-23,71,
SKU00246,2024-09-30,57,
SKU00246,2024-10-07,87,
SKU00246,2024-10-14,51,
SKU00246,2024-10-21,58,
SKU00246,2024-10-28,88,
SKU00246,2024-11-04,85,
SKU00246,2024-11-11,126,
SKU00246,2024-11-18,98,
SKU00246,2024-11-25,75,
SKU00246,2024-12-02,94,
SKU00246,2024-12-09,97,
SKU00246,2024-12-16,74,
SKU00246,2024-12-23,88,
SKU00246,2024-12-30,37,31.0
SKU00246,2025-01-06,59,58.0
SKU00246,2025-01-13,29,32.0
SKU00246,2025-01-20,60,43.0
SKU00246,2025-01-27,43,32.0
SKU00246,2025-02-03,27,38.0
SKU00246,2025-02-10,68,56.0
SKU00246,2025-02-17,58,47.0
SKU00246,2025-02-24,36,48.0
SKU00246,2025-03-03,42,39.0
SKU00246,2025-03-10,47,22.0
SKU00246,2025-03-17,82,63.0
SKU00246,2025-03-24,47,114.0
SKU00246,2025-03-31,60,71.0
SKU00246,2025-04-07,42,48.0
SKU00246,2025-04-14,66,55.0
SKU00246,2025-04-21,50,56.0
SKU00246,2025-04-28,58,76.0
SKU00246,2025-05-05,25,32.0
SKU00246,2025-05-12,53,62.0
SKU00246,2025-05-19,71,79.0
SKU00246,2025-05-26,61,77.0
SKU00246,2025-06-02,88,74.0
SKU00246,2025-06-09,50,65.0
SKU00246,2025-06-16,43,48.0
SKU00246,2025-06-23,70,89.0
SKU00246,2025-06-30,51,62.0
SKU00246,2025-07-07,93,35.0
SKU00246,2025-07-14,32,43.0
SKU00246,2025-07-21,35,54.0
SKU00246,2025-07-28,29,63.0
SKU00246,2025-08-04,73,68.0
SKU00246,2025-08-11,48,65.0
SKU00246,2025-08-18,53,65.0
SKU00246,2025-08-25,73,58.0
SKU00246,2025-09-01,59,58.0
SKU00246,2025-09-08,52,41.0
SKU00246,2025-09-15,48,69.0
SKU00246,2025-09-22,37,71.0
SKU00246,2025-09-29,33,57.0
SKU00246,2025-10-06,77,87.0
SKU00246,2025-10-13,26,51.0
SKU00246,2025-10-20,56,58.0
SKU00246,2025-10-27,83,88.0
SKU00246,2025-11-03,94,85.0
SKU00246,2025-11-10,75,126.0
SKU00246,2025-11-17,69,98.0
SKU00246,2025-11-24,62,75.0
SKU00246,2025-12-01,75,94.0
SKU00246,2025-12-08,86,97.0
SKU00246,2025-12-15,60,74.0
SKU00246,2025-12-22,80,88.0
SKU00246,2025-12-29,21,37.0
SKU00247,2024-01-01,21,
SKU00247,2024-01-08,67,
SKU00247,2024-01-15,55,
SKU00247,2024-01-22,81,
SKU00247,2024-01-29,40,
SKU00247,2024-02-05,73,
SKU00247,2024-02-12,42,
SKU00247,2024-02-19,47,
SKU00247,2024-02-26,83,
SKU00247,2024-03-04,61,
SKU00247,2024-03-11,73,
SKU00247,2024-03-18,61,
SKU00247,2024-03-25,47,
SKU00247,2024-04-01,70,
SKU00247,2024-04-08,46,
SKU00247,2024-04-15,43,
SKU00247,2024-04-22,46,
SKU00247,2024-04-29,59,
SKU00247,2024-05-06,37,
SKU00247,2024-05-13,57,
SKU00247,2024-05-20,48,
SKU00247,2024-05-27,44,
SKU00247,2024-06-03,24,
SKU00247,2024-06-10,71,
SKU00247,2024-06-17,64,
SKU00247,2024-06-24,59,
SKU00247,2024-07-01,39,
SKU00247,2024-07-08,54,
SKU00247,2024-07-15,55,
SKU00247,2024-07-22,40,
SKU00247,2024-07-29,50,
SKU00247,2024-08-05,62,
SKU00247,2024-08-12,59,
SKU00247,2024-08-19,53,
SKU00247,2024-08-26,26,
SKU00247,2024-09-02,68,
SKU00247,2024-09-09,43,
SKU00247,2024-09-16,50,
SKU00247,2024-09-23,64,
SKU00247,2024-09-30,70,
SKU00247,2024-10-07,38,
SKU00247,2024-10-14,59,
SKU00247,2024-10-21,44,
SKU00247,2024-10-28,41,
SKU00247,2024-11-04,65,
SKU00247,2024-11-11,88,
SKU00247,2024-11-18,125,
SKU00247,2024-11-25,64,
SKU00247,2024-12-02,98,
SKU00247,2024-12-09,59,
SKU00247,2024-12-16,90,
SKU00247,2024-12-23,97,
SKU00247,2024-12-30,101,21.0
SKU00247,2025-01-06,42,67.0
SKU00247,2025-01-13,58,55.0
SKU00247,2025-01-20,36,81.0
SKU00247,2025-01-27,62,40.0
SKU00247,2025-02-03,64,73.0
SKU00247,2025-02-10,36,42.0
SKU00247,2025-02-17,58,47.0
SKU00247,2025-02-24,36,83.0
SKU00247,2025-03-03,25,61.0
SKU00247,2025-03-10,64,73.0
SKU00247,2025-03-17,54,61.0
SKU00247,2025-03-24,52,47.0
SKU00247,2025-03-31,54,70.0
SKU00247,2025-04-07,50,46.0
SKU00247,2025-04-14,49,43.0
SKU00247,2025-04-21,44,46.0
SKU00247,2025-04-28,90,59.0
SKU00247,2025-05-05,45,37.0
SKU00247,2025-05-12,46,57.0
SKU00247,2025-05-19,53,48.0
SKU00247,2025-05-26,68,44.0
SKU00247,2025-06-02,34,24.0
SKU00247,2025-06-09,54,71.0
SKU00247,2025-06-16,53,64.0
SKU00247,2025-06-23,43,59.0
SKU00247,2025-06-30,51,39.0
SKU00247,2025-07-07,59,54.0
SKU00247,2025-07-14,69,55.0
SKU00247,2025-07-21,30,40.0
SKU00247,2025-07-28,54,50.0
SKU00247,2025-08-04,51,62.0
SKU00247,2025-08-11,62,59.0
SKU00247,2025-08-18,61,53.0
SKU00247,2025-08-25,32,26.0
SKU00247,2025-09-01,55,68.0
SKU00247,2025-09-08,82,43.0
SKU00247,2025-09-15,42,50.0
SKU00247,2025-09-22,37,64.0
SKU00247,2025-09-29,46,70.0
SKU00247,2025-10-06,73,38.0
SKU00247,2025-10-13,50,59.0
SKU00247,2025-10-20,67,44.0
SKU00247,2025-10-27,66,41.0
SKU00247,2025-11-03,65,65.0
SKU00247,2025-11-10,64,88.0
SKU00247,2025-11-17,65,125.0
SKU00247,2025-11-24,96,64.0
SKU00247,2025-12-01,106,98.0
SKU00247,2025-12-08,94,59.0
SKU00247,2025-12-15,72,90.0
SKU00247,2025-12-22,83,97.0
SKU00247,2025-12-29,35,101.0
SKU00248,2024-01-01,58,
SKU00248,2024-01-08,57,
SKU00248,2024-01-15,29,
SKU00248,2024-01-22,41,
SKU00248,2024-01-29,36,
SKU00248,2024-02-05,57,
SKU00248,2024-02-12,52,
SKU00248,2024-02-19,71,
SKU00248,2024-02-26,57,
SKU00248,2024-03-04,53,
SKU00248,2024-03-11,35,
SKU00248,2024-03-18,83,
SKU00248,2024-03-25,59,
SKU00248,2024-04-01,52,
SKU00248,2024-04-08,31,
SKU00248,2024-04-15,62,
SKU00248,2024-04-22,66,
SKU00248,2024-04-29,62,
SKU00248,2024-05-06,57,
SKU00248,2024-05-13,43,
SKU00248,2024-05-20,60,
SKU00248,2024-05-27,30,
SKU00248,2024-06-03,44,
SKU00248,2024-06-10,55,
SKU00248,2024-06-17,57,
SKU00248,2024-06-24,61,
SKU00248,2024-07-01,66,
SKU00248,2024-07-08,44,
SKU00248,2024-07-15,70,
SKU00248,2024-07-22,65,
SKU00248,2024-07-29,53,
SKU00248,2024-08-05,30,
SKU00248,2024-08-12,58,
SKU00248,2024-08-19,75,
SKU00248,2024-08-26,47,
SKU00248,2024-09-02,42,
SKU00248,2024-09-09,92,
SKU00248,2024-09-16,59,
SKU00248,2024-09-23,78,
SKU00248,2024-09-30,45,
SKU00248,2024-10-07,65,
SKU00248,2024-10-14,53,
SKU00248,2024-10-21,47,
SKU00248,2024-10-28,88,
SKU00248,2024-11-04,95,
SKU00248,2024-11-11,104,
SKU00248,2024-11-18,91,
SKU00248,2024-11-25,105,
SKU00248,2024-12-02,110,
SKU00248,2024-12-09,67,
SKU00248,2024-12-16,88,
SKU00248,2024-12-23,72,
SKU00248,2024-12-30,63,58.0
SKU00248,2025-01-06,58,57.0
SKU00248,2025-01-13,42,29.0
SKU00248,2025-01-20,30,41.0
SKU00248,2025-01-27,54,36.0
SKU00248,2025-02-03,51,57.0
SKU00248,2025-02-10,37,52.0
SKU00248,2025-02-17,44,71.0
SKU00248,2025-02-24,44,57.0
SKU00248,2025-03-03,48,53.0
SKU00248,2025-03-10,60,35.0
SKU00248,2025-03-17,53,83.0
SKU00248,2025-03-24,53,59.0
SKU00248,2025-03-31,34,52.0
SKU00248,2025-04-07,59,31.0
SKU00248,2025-04-14,58,62.0
SKU00248,2025-04-21,64,66.0
SKU00248,2025-04-28,45,62.0
SKU00248,2025-05-05,45,57.0
SKU00248,2025-05-12,68,43.0
SKU00248,2025-05-19,28,60.0
SKU00248,2025-05-26,42,30.0
SKU00248,2025-06-02,78,44.0
SKU00248,2025-06-09,37,55.0
SKU00248,2025-06-16,42,57.0
SKU00248,2025-06-23,79,61.0
SKU00248,2025-06-30,40,66.0
SKU00248,2025-07-07,71,44.0
SKU00248,2025-07-14,35,70.0
SKU00248,2025-07-21,46,65.0
SKU00248,2025-07-28,71,53.0
SKU00248,2025-08-04,40,30.0
SKU00248,2025-08-11,91,58.0
SKU00248,2025-08-18,49,75.0
SKU00248,2025-08-25,26,47.0
SKU00248,2025-09-01,70,42.0
SKU00248,2025-09-08,41,92.0
SKU00248,2025-09-15,54,59.0
SKU00248,2025-09-22,88,78.0
SKU00248,2025-09-29,65,45.0
SKU00248,2025-10-06,33,65.0
SKU00248,2025-10-13,76,53.0
SKU00248,2025-10-20,74,47.0
SKU00248,2025-10-27,48,88.0
SKU00248,2025-11-03,70,95.0
SKU00248,2025-11-10,66,104.0
SKU00248,2025-11-17,119,91.0
SKU00248,2025-11-24,66,105.0
SKU00248,2025-12-01,154,110.0
SKU00248,2025-12-08,67,67.0
SKU00248,2025-12-15,130,88.0
SKU00248,2025-12-22,76,72.0
SKU00248,2025-12-29,72,63.0
SKU00249,2024-01-01,55,
SKU00249,2024-01-08,39,
SKU00249,2024-01-15,27,
SKU00249,2024-01-22,71,
SKU00249,2024-01-29,31,
SKU00249,2024-02-05,18,
SKU00249,2024-02-12,60,
SKU00249,2024-02-19,51,
SKU00249,2024-02-26,51,
SKU00249,2024-03-04,33,
SKU00249,2024-03-11,46,
SKU00249,2024-03-18,48,
SKU00249,2024-03-25,82,
SKU00249,2024-04-01,50,
SKU00249,2024-04-08,53,
SKU00249,2024-04-15,34,
SKU00249,2024-04-22,56,
SKU00249,2024-04-29,31,
SKU00249,2024-05-06,41,
SKU00249,2024-05-13,80,
SKU00249,2024-05-20,32,
SKU00249,2024-05-27,36,
SKU00249,2024-06-03,95,
SKU00249,2024-06-10,49,
SKU00249,2024-06-17,80,
SKU00249,2024-06-24,72,
SKU00249,2024-07-01,43,
SKU00249,2024-07-08,52,
SKU00249,2024-07-15,75,
SKU00249,2024-07-22,45,
SKU00249,2024-07-29,51,
SKU00249,2024-08-05,51,
SKU00249,2024-08-12,95,
SKU00249,2024-08-19,43,
SKU00249,2024-08-26,37,
SKU00249,2024-09-02,83,
SKU00249,2024-09-09,65,
SKU00249,2024-09-16,86,
SKU00249,2024-09-23,84,
SKU00249,2024-09-30,75,
SKU00249,2024-10-07,41,
SKU00249,2024-10-14,62,
SKU00249,2024-10-21,74,
SKU00249,2024-10-28,78,
SKU00249,2024-11-04,121,
SKU00249,2024-11-11,62,
SKU00249,2024-11-18,96,
SKU00249,2024-11-25,62,
SKU00249,2024-12-02,109,
SKU00249,2024-12-09,73,
SKU00249,2024-12-16,54,
SKU00249,2024-12-23,105,
SKU00249,2024-12-30,68,55.0
SKU00249,2025-01-06,45,39.0
SKU00249,2025-01-13,42,27.0
SKU00249,2025-01-20,60,71.0
SKU00249,2025-01-27,44,31.0
SKU00249,2025-02-03,28,18.0
SKU00249,2025-02-10,79,60.0
SKU00249,2025-02-17,67,51.0
SKU00249,2025-02-24,30,51.0
SKU00249,2025-03-03,70,33.0
SKU00249,2025-03-10,78,46.0
SKU00249,2025-03-17,60,48.0
SKU00249,2025-03-24,34,82.0
SKU00249,2025-03-31,93,50.0
SKU00249,2025-04-07,73,53.0
SKU00249,2025-04-14,59,34.0
SKU00249,2025-04-21,40,56.0
SKU00249,2025-04-28,52,31.0
SKU00249,2025-05-05,54,41.0
SKU00249,2025-05-12,22,80.0
SKU00249,2025-05-19,31,32.0
SKU00249,2025-05-26,50,36.0
SKU00249,2025-06-02,30,95.0
SKU00249,2025-06-09,58,49.0
SKU00249,2025-06-16,65,80.0
SKU00249,2025-06-23,42,72.0
SKU00249,2025-06-30,73,43.0
SKU00249,2025-07-07,59,52.0
SKU00249,2025-07-14,31,75.0
SKU00249,2025-07-21,59,45.0
SKU00249,2025-07-28,70,51.0
SKU00249,2025-08-04,62,51.0
SKU00249,2025-08-11,51,95.0
SKU00249,2025-08-18,55,43.0
SKU00249,2025-08-25,74,37.0
SKU00249,2025-09-01,26,83.0
SKU00249,2025-09-08,59,65.0
SKU00249,2025-09-15,33,86.0
SKU00249,2025-09-22,39,84.0
SKU00249,2025-09-29,71,75.0
SKU00249,2025-10-06,66,41.0
SKU00249,2025-10-13,49,62.0
SKU00249,2025-10-20,64,74.0
SKU00249,2025-10-27,51,78.0
SKU00249,2025-11-03,99,121.0
SKU00249,2025-11-10,120,62.0
SKU00249,2025-11-17,95,96.0
SKU00249,2025-11-24,77,62.0
SKU00249,2025-12-01,66,109.0
SKU00249,2025-12-08,66,73.0
SKU00249,2025-12-15,90,54.0
SKU00249,2025-12-22,91,105.0
SKU00249,2025-12-29,53,68.0
SKU00250,2024-01-01,21,
SKU00250,2024-01-08,37,
SKU00250,2024-01-15,53,
SKU00250,2024-01-22,43,
SKU00250,2024-01-29,51,
SKU00250,2024-02-05,31,
SKU00250,2024-02-12,32,
SKU00250,2024-02-19,31,
SKU00250,2024-02-26,43,
SKU00250,2024-03-04,40,
SKU00250,2024-03-11,43,
SKU00250,2024-03-18,62,
SKU00250,2024-03-25,56,
SKU00250,2024-04-01,76,
SKU00250,2024-04-08,56,
SKU00250,2024-04-15,60,
SKU00250,2024-04-22,43,
SKU00250,2024-04-29,51,
SKU00250,2024-05-06,51,
SKU00250,2024-05-13,51,
SKU00250,2024-05-20,55,
SKU00250,2024-05-27,80,
SKU00250,2024-06-03,45,
SKU00250,2024-06-10,53,
SKU00250,2024-06-17,61,
SKU00250,2024-06-24,47,
SKU00250,2024-07-01,58,
SKU00250,2024-07-08,45,
SKU00250,2024-07-15,62,
SKU00250,2024-07-22,33,
SKU00250,2024-07-29,60,
SKU00250,2024-08-05,47,
SKU00250,2024-08-12,27,
SKU00250,2024-08-19,56,
SKU00250,2024-08-26,45,
SKU00250,2024-09-02,52,
SKU00250,2024-09-09,68,
SKU00250,2024-09-16,90,
SKU00250,2024-09-23,61,
SKU00250,2024-09-30,67,
SKU00250,2024-10-07,58,
SKU00250,2024-10-14,43,
SKU00250,2024-10-21,69,
SKU00250,2024-10-28,75,
SKU00250,2024-11-04,85,
SKU00250,2024-11-11,102,
SKU00250,2024-11-18,101,
SKU00250,2024-11-25,89,
SKU00250,2024-12-02,109,
SKU00250,2024-12-09,57,
SKU00250,2024-12-16,77,
SKU00250,2024-12-23,72,
SKU00250,2024-12-30,60,21.0
SKU00250,2025-01-06,35,37.0
SKU00250,2025-01-13,55,53.0
SKU00250,2025-01-20,55,43.0
SKU00250,2025-01-27,25,51.0
SKU00250,2025-02-03,50,31.0
SKU00250,2025-02-10,38,32.0
SKU00250,2025-02-17,51,31.0
SKU00250,2025-02-24,49,43.0
SKU00250,2025-03-03,54,40.0
SKU00250,2025-03-10,32,43.0
SKU00250,2025-03-17,57,62.0
SKU00250,2025-03-24,44,56.0
SKU00250,2025-03-31,44,76.0
SKU00250,2025-04-07,36,56.0
SKU00250,2025-04-14,81,60.0
SKU00250,2025-04-21,67,43.0
SKU00250,2025-04-28,60,51.0
SKU00250,2025-05-05,59,51.0
SKU00250,2025-05-12,80,51.0
SKU00250,2025-05-19,65,55.0
SKU00250,2025-05-26,41,80.0
SKU00250,2025-06-02,57,45.0
SKU00250,2025-06-09,60,53.0
SKU00250,2025-06-16,49,61.0
SKU00250,2025-06-23,86,47.0
SKU00250,2025-06-30,22,58.0
SKU00250,2025-07-07,73,45.0
SKU00250,2025-07-14,80,62.0
SKU00250,2025-07-21,59,33.0
SKU00250,2025-07-28,57,60.0
SKU00250,2025-08-04,73,47.0
SKU00250,2025-08-11,70,27.0
SKU00250,2025-08-18,32,56.0
SKU00250,2025-08-25,36,45.0
SKU00250,2025-09-01,101,52.0
SKU00250,2025-09-08,63,68.0
SKU00250,2025-09-15,40,90.0
SKU00250,2025-09-22,38,61.0
SKU00250,2025-09-29,35,67.0
SKU00250,2025-10-06,39,58.0
SKU00250,2025-10-13,38,43.0
SKU00250,2025-10-20,60,69.0
SKU00250,2025-10-27,75,75.0
SKU00250,2025-11-03,84,85.0
SKU00250,2025-11-10,115,102.0
SKU00250,2025-11-17,88,101.0
SKU00250,2025-11-24,81,89.0
SKU00250,2025-12-01,99,109.0
SKU00250,2025-12-08,68,57.0
SKU00250,2025-12-15,79,77.0
SKU00250,2025-12-22,95,72.0
SKU00250,2025-12-29,45,60.0
