sku_id,stock_on_hand,reorder_point,safety_stock,n_stores_carrying,last_restock_date,category,subcategory
SKU00001,215,100,33,1,2025-12-22,Home & Kitchen,Cookware
SKU00002,0,1582,573,25,2025-10-06,Dairy & Bakery,Bread
SKU00003,414,250,85,4,2025-12-13,Stationery & Office,Notebooks
SKU00004,148,99,35,1,2025-12-03,Dairy & Bakery,Eggs
SKU00005,411,284,104,5,2025-12-26,Home Care,Pest Control
SKU00006,621,324,130,5,2025-12-29,Health & Wellness,OTC Medicine
SKU00007,87,163,54,2,2025-12-05,Beverages,Energy Drinks
SKU00009,85,154,39,2,2025-12-29,Frozen Foods,Frozen Vegetables
SKU00011,3,35,17,1,2025-11-11,Stationery & Office,Writing Instruments
SKU00012,7156,1551,546,27,2025-09-01,Health & Wellness,Vitamins & Supplements
SKU00013,314,145,55,2,2025-12-17,Personal Care,Hair Care
SKU00014,33,76,17,1,2025-11-28,Personal Care,Men's Grooming
SKU00015,79,28,12,1,2025-11-05,Home Care,Dishwashing
SKU00016,106,56,22,2,2025-11-24,Apparel & Footwear,Men's Wear
SKU00017,77,55,19,2,2025-12-15,Dairy & Bakery,Eggs
SKU00018,148,188,55,3,2025-12-20,Snacks & Confectionery,Chips & Crisps
SKU00019,120,86,40,1,2025-11-25,Personal Care,Hair Care
SKU00020,0,1358,498,23,2025-10-10,Grocery,Rice & Grains
SKU00021,252,111,43,2,2025-12-22,Beverages,Tea
SKU00023,20,39,13,1,2025-11-05,Apparel & Footwear,Footwear
SKU00024,6453,1467,490,25,2025-08-29,Electronics & Accessories,Batteries
SKU00025,213,169,57,3,2025-12-30,Electronics & Accessories,Mobile Accessories
SKU00026,81,51,24,1,2025-11-14,Home Care,Laundry
SKU00027,204,113,39,2,2025-11-21,Electronics & Accessories,Mobile Accessories
SKU00028,371,247,76,4,2025-12-14,Beverages,Bottled Water
SKU00030,82,105,44,2,2025-12-19,Frozen Foods,Frozen Meat
SKU00031,508,270,76,5,2025-12-29,Stationery & Office,Office Supplies
SKU00032,5246,1272,440,20,2025-12-10,Beverages,Coffee
SKU00033,136,64,18,1,2025-12-24,Home Care,Air Fresheners
SKU00034,136,113,49,2,2025-12-24,Electronics & Accessories,Small Appliances
SKU00035,594,298,113,6,2025-12-28,Home Care,Air Fresheners
SKU00036,134,85,25,1,2025-11-25,Home Care,Air Fresheners
SKU00037,334,143,61,2,2025-12-23,Beverages,Energy Drinks
SKU00038,18,49,24,1,2025-11-30,Personal Care,Skin Care
SKU00039,290,179,56,3,2025-11-21,Snacks & Confectionery,Candy
SKU00040,101,84,35,1,2025-11-04,Dairy & Bakery,Cheese
SKU00041,123,115,46,2,2025-12-14,Electronics & Accessories,Small Appliances
SKU00043,107,68,26,1,2025-12-23,Health & Wellness,First Aid
SKU00044,316,135,50,3,2025-12-12,Personal Care,Skin Care
SKU00045,90,109,40,2,2025-11-27,Stationery & Office,Writing Instruments
SKU00046,324,244,97,4,2025-11-30,Beverages,Bottled Water
SKU00047,291,160,67,4,2025-12-20,Personal Care,Men's Grooming
SKU00048,332,173,82,2,2025-11-18,Beverages,Energy Drinks
SKU00049,50,35,7,1,2025-12-29,Personal Care,Oral Care
SKU00050,48,1066,370,18,2025-12-04,Stationery & Office,Office Supplies
SKU00051,123,71,24,1,2025-11-25,Personal Care,Oral Care
SKU00052,5399,1299,466,22,2025-11-12,Home & Kitchen,Storage & Containers
SKU00053,60,27,9,1,2025-12-06,Home Care,Pest Control
SKU00056,113,189,59,3,2025-12-20,Dairy & Bakery,Butter & Ghee
SKU00057,30,31,15,1,2025-12-01,Apparel & Footwear,Kids Wear
SKU00058,149,93,29,1,2025-12-21,Stationery & Office,Office Supplies
SKU00059,601,233,53,3,2025-12-26,Dairy & Bakery,Butter & Ghee
SKU00060,253,148,49,2,2025-12-22,Apparel & Footwear,Men's Wear
SKU00061,296,177,68,3,2025-12-27,Dairy & Bakery,Milk
SKU00062,228,1221,427,20,2025-11-18,Electronics & Accessories,Mobile Accessories
SKU00063,84,82,39,1,2025-12-18,Apparel & Footwear,Women's Wear
SKU00064,409,269,81,3,2025-12-31,Home Care,Air Fresheners
SKU00065,215,76,33,1,2025-11-27,Electronics & Accessories,Small Appliances
SKU00066,5315,1296,457,25,2025-12-20,Dairy & Bakery,Cheese
SKU00067,204,140,55,2,2025-11-13,Grocery,Spices & Seasoning
SKU00068,8,99,39,1,2025-12-07,Beverages,Tea
SKU00069,7735,1614,563,27,2025-09-02,Home Care,Laundry
SKU00070,378,193,67,4,2025-12-26,Home & Kitchen,Storage & Containers
SKU00071,285,142,42,2,2025-11-28,Beverages,Juices
SKU00073,126,60,22,1,2025-11-13,Electronics & Accessories,Small Appliances
SKU00074,88,74,22,2,2025-12-11,Snacks & Confectionery,Candy
SKU00075,7071,1707,614,29,2025-11-21,Electronics & Accessories,Batteries
SKU00076,153,138,42,3,2025-12-20,Dairy & Bakery,Butter & Ghee
SKU00077,206,195,56,3,2025-12-14,Apparel & Footwear,Women's Wear
SKU00078,69,30,14,1,2025-11-15,Frozen Foods,Ready Meals
SKU00079,138,1142,378,18,2025-12-30,Frozen Foods,Frozen Vegetables
SKU00080,1,43,16,1,2025-11-02,Snacks & Confectionery,Biscuits & Cookies
SKU00081,276,117,55,2,2025-12-30,Home Care,Laundry
SKU00082,175,113,45,2,2025-12-09,Home & Kitchen,Storage & Containers
SKU00083,6987,1605,621,27,2025-12-09,Grocery,Pulses & Lentils
SKU00084,39,108,33,2,2025-11-25,Apparel & Footwear,Men's Wear
SKU00085,308,167,51,2,2025-12-05,Home Care,Dishwashing
SKU00086,230,224,100,3,2025-12-21,Electronics & Accessories,Small Appliances
SKU00087,28,77,27,1,2025-12-14,Health & Wellness,First Aid
SKU00090,7868,1737,598,23,2025-08-22,Health & Wellness,OTC Medicine
SKU00091,260,137,47,3,2025-12-09,Beverages,Bottled Water
SKU00092,137,115,34,2,2025-12-01,Health & Wellness,OTC Medicine
SKU00093,276,158,49,2,2025-12-07,Beverages,Energy Drinks
SKU00094,88,73,24,2,2025-12-26,Health & Wellness,OTC Medicine
SKU00095,98,77,25,1,2025-11-19,Health & Wellness,First Aid
SKU00096,127,76,24,1,2025-11-26,Beverages,Juices
SKU00097,377,172,63,2,2025-12-02,Apparel & Footwear,Kids Wear
SKU00098,224,83,20,1,2025-11-27,Personal Care,Men's Grooming
SKU00099,18,77,34,1,2025-12-31,Apparel & Footwear,Footwear
SKU00100,177,116,55,2,2025-12-25,Grocery,Flour & Atta
SKU00102,131,130,57,2,2025-12-23,Home Care,Surface Cleaners
SKU00103,294,176,51,4,2025-12-27,Snacks & Confectionery,Namkeen
SKU00104,299,137,54,2,2025-12-08,Dairy & Bakery,Bread
SKU00105,6368,1389,496,26,2025-11-07,Health & Wellness,First Aid
SKU00106,436,327,136,5,2025-12-25,Beverages,Bottled Water
SKU00107,278,240,88,4,2025-12-31,Electronics & Accessories,Mobile Accessories
SKU00108,277,192,67,3,2025-12-14,Beverages,Juices
SKU00110,134,83,25,2,2025-12-24,Health & Wellness,Vitamins & Supplements
SKU00111,442,191,71,3,2025-12-15,Apparel & Footwear,Footwear
SKU00112,377,194,49,4,2025-12-26,Snacks & Confectionery,Chips & Crisps
SKU00113,230,145,53,2,2025-11-10,Dairy & Bakery,Bread
SKU00114,96,123,37,2,2025-12-26,Stationery & Office,Writing Instruments
SKU00115,336,250,71,3,2025-12-06,Stationery & Office,Office Supplies
SKU00116,10,41,11,1,2025-12-23,Frozen Foods,Ready Meals
SKU00117,278,191,74,4,2025-12-30,Home Care,Surface Cleaners
SKU00118,351,159,53,3,2025-12-27,Personal Care,Bath & Body
SKU00119,5,22,11,1,2025-11-10,Health & Wellness,OTC Medicine
SKU00120,252,180,49,2,2025-11-24,Health & Wellness,First Aid
SKU00122,98,160,46,3,2025-12-23,Grocery,Cooking Oil
SKU00123,231,128,54,2,2025-11-18,Beverages,Juices
SKU00124,15,27,13,1,2025-12-15,Stationery & Office,Writing Instruments
SKU00125,186,98,31,2,2025-12-30,Home Care,Air Fresheners
SKU00126,140,143,47,2,2025-12-25,Home Care,Dishwashing
SKU00127,4986,1188,404,19,2025-12-26,Home Care,Dishwashing
SKU00128,124,53,25,1,2025-12-17,Apparel & Footwear,Footwear
SKU00129,83,47,17,1,2025-11-13,Grocery,Cooking Oil
SKU00130,225,123,49,2,2025-12-29,Grocery,Pulses & Lentils
SKU00131,261,140,57,2,2025-12-08,Dairy & Bakery,Eggs
SKU00133,365,133,52,3,2025-12-31,Electronics & Accessories,Small Appliances
SKU00134,209,184,63,3,2025-12-07,Home Care,Air Fresheners
SKU00135,218,265,111,4,2025-12-14,Home Care,Pest Control
SKU00136,112,57,26,1,2025-12-10,Stationery & Office,Writing Instruments
SKU00137,156,68,20,1,2025-11-17,Beverages,Juices
SKU00138,495,315,106,5,2025-12-28,Frozen Foods,Ready Meals
SKU00140,8639,2078,664,30,2025-12-07,Home Care,Dishwashing
SKU00141,133,120,40,2,2025-11-27,Apparel & Footwear,Footwear
SKU00142,179,178,46,2,2025-12-29,Dairy & Bakery,Yogurt
SKU00143,79,44,17,1,2025-11-24,Stationery & Office,Writing Instruments
SKU00144,165,95,32,3,2025-12-27,Dairy & Bakery,Eggs
SKU00145,86,57,20,2,2025-11-26,Frozen Foods,Ready Meals
SKU00146,381,230,56,3,2025-12-15,Frozen Foods,Ready Meals
SKU00147,14,43,17,1,2025-12-22,Home & Kitchen,Cookware
SKU00149,87,40,9,1,2025-11-21,Dairy & Bakery,Cheese
SKU00150,7608,1738,634,29,2025-08-25,Grocery,Sugar & Salt
SKU00151,261,89,22,1,2025-12-27,Personal Care,Skin Care
SKU00153,174,103,32,2,2025-12-24,Grocery,Pulses & Lentils
SKU00154,46,41,12,1,2025-11-01,Home & Kitchen,Storage & Containers
SKU00155,7508,1674,608,29,2025-08-25,Frozen Foods,Frozen Vegetables
SKU00156,171,159,36,2,2025-11-21,Beverages,Coffee
SKU00157,321,208,68,3,2025-11-27,Dairy & Bakery,Butter & Ghee
SKU00159,400,165,44,2,2025-12-23,Dairy & Bakery,Milk
SKU00160,76,46,14,1,2025-12-25,Beverages,Bottled Water
SKU00161,52,27,10,1,2025-12-24,Health & Wellness,OTC Medicine
SKU00162,84,57,20,1,2025-12-29,Electronics & Accessories,Small Appliances
SKU00163,179,60,23,1,2025-11-28,Beverages,Juices
SKU00166,167,90,39,2,2025-11-10,Health & Wellness,First Aid
SKU00167,7221,1563,578,30,2025-08-31,Electronics & Accessories,Batteries
SKU00168,52,93,27,1,2025-11-24,Electronics & Accessories,Mobile Accessories
SKU00169,0,1104,377,22,2025-10-05,Stationery & Office,Office Supplies
SKU00170,7213,1668,575,30,2025-08-29,Apparel & Footwear,Men's Wear
SKU00171,113,97,47,1,2025-12-03,Dairy & Bakery,Cheese
SKU00173,4877,1242,419,23,2025-08-30,Health & Wellness,OTC Medicine
SKU00175,25,95,22,1,2025-12-17,Stationery & Office,Office Supplies
SKU00177,54,1142,419,19,2025-11-12,Snacks & Confectionery,Chocolates
SKU00178,265,120,52,2,2025-12-10,Grocery,Pulses & Lentils
SKU00179,237,169,44,3,2025-12-27,Beverages,Juices
SKU00180,81,31,10,1,2025-12-19,Frozen Foods,Frozen Meat
SKU00181,633,380,108,5,2025-12-28,Frozen Foods,Ice Cream
SKU00182,212,216,84,5,2025-12-28,Personal Care,Men's Grooming
SKU00183,84,73,36,1,2025-12-19,Dairy & Bakery,Butter & Ghee
SKU00184,96,33,15,1,2025-11-17,Apparel & Footwear,Footwear
SKU00185,398,175,76,2,2025-12-17,Home Care,Air Fresheners
SKU00186,4390,994,324,20,2025-08-23,Apparel & Footwear,Men's Wear
SKU00188,101,52,15,1,2025-11-14,Dairy & Bakery,Bread
SKU00189,103,86,32,2,2025-12-29,Snacks & Confectionery,Biscuits & Cookies
SKU00190,0,1446,495,25,2025-10-06,Stationery & Office,Writing Instruments
SKU00191,73,108,37,2,2025-11-16,Health & Wellness,Vitamins & Supplements
SKU00192,207,130,39,2,2025-12-12,Dairy & Bakery,Bread
SKU00193,79,73,15,1,2025-12-31,Health & Wellness,First Aid
SKU00194,20,40,9,1,2025-12-21,Frozen Foods,Frozen Meat
SKU00195,595,344,136,6,2025-12-29,Home & Kitchen,Cookware
SKU00196,148,100,35,1,2025-12-12,Dairy & Bakery,Butter & Ghee
SKU00197,171,79,38,3,2025-12-30,Stationery & Office,Writing Instruments
SKU00198,537,271,102,4,2025-12-09,Stationery & Office,Writing Instruments
SKU00199,62,39,12,1,2025-12-28,Snacks & Confectionery,Biscuits & Cookies
SKU00200,317,234,91,5,2025-12-31,Beverages,Tea
SKU00201,376,180,73,3,2025-12-27,Frozen Foods,Frozen Vegetables
SKU00202,314,174,63,4,2025-12-04,Grocery,Flour & Atta
SKU00203,93,81,25,2,2025-12-20,Dairy & Bakery,Milk
SKU00204,20,31,15,1,2025-12-29,Home Care,Surface Cleaners
SKU00205,45,59,13,1,2025-11-30,Stationery & Office,Office Supplies
SKU00206,185,63,29,1,2025-12-18,Stationery & Office,Office Supplies
SKU00209,89,96,23,1,2025-12-07,Beverages,Soft Drinks
SKU00210,169,149,52,2,2025-12-28,Electronics & Accessories,Batteries
SKU00212,61,46,15,1,2025-12-08,Home & Kitchen,Home Decor
SKU00213,100,67,25,2,2025-12-03,Snacks & Confectionery,Chocolates
SKU00214,116,146,49,2,2025-12-31,Home & Kitchen,Home Decor
SKU00215,352,212,68,3,2025-12-24,Beverages,Juices
SKU00216,374,204,71,3,2025-12-27,Frozen Foods,Frozen Vegetables
SKU00218,450,284,99,5,2025-12-29,Dairy & Bakery,Bread
SKU00219,262,92,29,2,2025-12-25,Grocery,Flour & Atta
SKU00220,313,157,46,3,2025-12-16,Apparel & Footwear,Women's Wear
SKU00221,304,297,113,4,2025-12-10,Personal Care,Bath & Body
SKU00222,25,35,16,1,2025-12-31,Health & Wellness,OTC Medicine
SKU00223,286,129,42,3,2025-12-26,Personal Care,Hair Care
SKU00224,554,266,119,3,2025-12-16,Personal Care,Hair Care
SKU00225,305,239,88,4,2025-12-10,Home & Kitchen,Home Decor
SKU00226,365,275,91,4,2025-12-19,Beverages,Coffee
SKU00227,374,237,72,3,2025-12-31,Electronics & Accessories,Mobile Accessories
SKU00228,495,180,62,3,2025-12-13,Electronics & Accessories,Mobile Accessories
SKU00229,51,21,5,1,2025-11-29,Personal Care,Oral Care
SKU00230,163,128,39,3,2025-12-15,Dairy & Bakery,Bread
SKU00231,94,86,34,3,2025-12-26,Grocery,Rice & Grains
SKU00232,260,159,57,2,2025-12-01,Stationery & Office,Office Supplies
SKU00233,123,200,78,3,2025-12-16,Stationery & Office,Writing Instruments
SKU00234,70,61,21,2,2025-11-15,Snacks & Confectionery,Biscuits & Cookies
SKU00235,161,124,46,2,2025-12-17,Grocery,Rice & Grains
SKU00236,226,115,34,2,2025-12-12,Beverages,Energy Drinks
SKU00237,8788,1905,664,30,2025-08-31,Grocery,Pulses & Lentils
SKU00238,96,99,44,2,2025-11-08,Apparel & Footwear,Footwear
SKU00239,525,220,63,5,2025-12-31,Home & Kitchen,Storage & Containers
SKU00240,8157,1890,637,30,2025-11-05,Beverages,Energy Drinks
SKU00241,141,67,16,1,2025-12-04,Electronics & Accessories,Mobile Accessories
SKU00242,563,466,150,7,2025-12-12,Snacks & Confectionery,Chips & Crisps
SKU00243,53,28,8,1,2025-11-15,Personal Care,Men's Grooming
SKU00244,306,244,94,4,2025-12-21,Health & Wellness,OTC Medicine
SKU00245,79,171,48,3,2025-11-28,Electronics & Accessories,Batteries
SKU00246,128,79,26,3,2025-11-22,Home & Kitchen,Cookware
SKU00247,482,271,92,4,2025-12-31,Grocery,Sugar & Salt
SKU00248,409,162,53,3,2025-12-23,Snacks & Confectionery,Biscuits & Cookies
SKU00249,348,191,67,3,2025-12-18,Dairy & Bakery,Yogurt
SKU00251,8472,1804,574,29,2025-09-02,,
SKU00252,363,239,104,4,2025-11-29,,
SKU00253,87,129,49,2,2025-11-16,,
SKU00254,79,1231,425,24,2025-12-23,,
SKU00255,92,139,45,2,2025-12-24,,
SKU00256,114,70,18,1,2025-11-19,,
SKU00259,542,220,57,3,2025-11-23,,
SKU00260,87,85,31,2,2025-12-17,,
SKU00262,7920,1785,612,30,2025-08-28,,
SKU00263,110,1069,387,19,2025-12-16,,
SKU00264,223,1664,572,26,2025-11-16,,
SKU00265,352,150,54,3,2025-12-04,,
SKU00266,147,196,84,4,2025-12-17,,
SKU00267,528,369,125,5,2025-12-24,,
SKU00268,101,68,18,1,2025-12-25,,
SKU00269,158,72,21,1,2025-12-24,,
SKU00270,178,60,13,1,2025-11-20,,
SKU00272,46,59,23,2,2025-12-21,,
SKU00273,204,180,63,3,2025-12-25,,
SKU00274,79,42,14,2,2025-12-30,,
SKU00275,58,142,64,3,2025-12-29,,
SKU00276,215,221,71,4,2025-12-04,,
SKU00277,90,156,42,3,2025-12-13,,
SKU00278,85,52,16,2,2025-12-31,,
SKU00279,76,59,13,1,2025-12-28,,
SKU00280,249,133,41,3,2025-12-23,,
SKU00283,521,307,109,4,2025-11-28,,
SKU00285,0,1342,491,21,2025-10-12,,
SKU00286,161,1166,473,18,2025-12-05,,
SKU00287,191,68,31,2,2025-12-17,,
SKU00288,379,152,44,2,2025-12-30,,
SKU00289,292,297,103,4,2025-12-18,,
SKU00291,0,1300,462,21,2025-10-11,,
SKU00292,263,136,37,2,2025-11-27,,
SKU00293,156,178,86,3,2025-11-28,,
SKU00294,253,203,84,5,2025-12-17,,
SKU00295,250,269,113,4,2025-12-23,,
SKU00296,487,174,72,2,2025-11-23,,
SKU00298,388,330,110,6,2025-12-31,,
SKU00299,115,57,21,2,2025-12-20,,
SKU00301,233,113,30,2,2025-12-01,,
SKU00302,331,234,69,3,2025-11-24,,
SKU00303,115,53,20,2,2025-12-23,,
SKU00304,31,21,5,1,2025-12-06,,
SKU00305,6489,1499,466,24,2025-08-28,,
SKU00306,201,217,64,3,2025-12-17,,
SKU00307,262,131,48,2,2025-11-30,,
SKU00308,328,231,57,4,2025-12-27,,
SKU00309,219,124,40,2,2025-12-30,,
SKU00310,223,125,36,2,2025-11-25,,
SKU00311,87,53,12,1,2025-11-14,,
SKU00312,257,183,73,2,2025-12-13,,
SKU00313,350,284,102,4,2025-12-23,,
SKU00314,25,60,26,1,2025-12-07,,
SKU00315,299,119,50,2,2025-11-18,,
SKU00316,276,205,65,3,2025-11-28,,
SKU00317,6642,1515,554,30,2025-08-24,,
SKU00318,333,188,68,4,2025-11-24,,
SKU00319,583,330,103,5,2025-12-24,,
SKU00320,53,98,48,1,2025-11-24,,
SKU00321,110,54,18,1,2025-11-08,,
SKU00322,95,73,26,1,2025-11-23,,
SKU00323,256,193,56,2,2025-11-20,,
SKU00324,419,212,81,3,2025-11-27,,
SKU00325,92,69,27,2,2025-12-18,,
SKU00326,162,75,23,1,2025-12-20,,
SKU00327,385,202,68,4,2025-11-17,,
SKU00328,72,1490,546,21,2025-11-22,,
SKU00330,4595,983,341,15,2025-08-19,,
SKU00331,7350,1598,537,30,2025-09-02,,
SKU00332,105,62,21,2,2025-12-30,,
SKU00333,574,329,109,5,2025-12-29,,
SKU00334,217,155,45,3,2025-12-23,,
SKU00335,287,183,57,2,2025-12-01,,
SKU00336,318,139,66,2,2025-11-28,,
SKU00337,265,178,54,3,2025-12-19,,
SKU00338,116,202,90,3,2025-12-28,,
SKU00339,311,176,76,3,2025-12-06,,
SKU00340,167,118,43,3,2025-12-18,,
SKU00342,6864,1566,547,30,2025-09-01,,
SKU00343,300,138,43,2,2025-12-02,,
SKU00344,435,172,57,3,2025-12-21,,
SKU00346,74,153,47,2,2025-12-25,,
SKU00347,234,236,77,4,2025-12-22,,
SKU00348,79,85,31,1,2025-11-27,,
SKU00349,133,215,73,4,2025-11-29,,
SKU00350,6485,1373,486,24,2025-08-26,,
SKU00351,317,320,117,6,2025-12-27,,
SKU00353,120,129,53,2,2025-12-30,,
SKU00354,6648,1492,524,24,2025-08-29,,
SKU00355,7653,1698,571,29,2025-09-01,,
SKU00356,221,78,26,1,2025-12-29,,
SKU00357,299,178,62,3,2025-12-29,,
SKU00358,115,41,11,1,2025-12-04,,
SKU00360,257,189,55,3,2025-12-28,,
SKU00361,303,239,81,4,2025-12-23,,
SKU00363,0,1341,438,23,2025-10-12,,
SKU00364,339,161,50,3,2025-11-18,,
SKU00365,155,117,31,2,2025-12-03,,
SKU00366,47,76,22,2,2025-12-25,,
SKU00367,774,348,153,5,2025-12-16,,
SKU00368,186,170,60,2,2025-12-27,,
SKU00369,0,1277,407,19,2025-10-11,,
SKU00371,7713,1575,553,26,2025-09-02,,
SKU00372,57,68,22,1,2025-12-13,,
SKU00373,133,66,28,1,2025-11-20,,
SKU00374,69,118,28,2,2025-12-16,,
SKU00375,255,218,80,3,2025-11-20,,
SKU00376,76,1332,428,24,2025-12-22,,
SKU00377,557,250,78,4,2025-12-06,,
SKU00378,94,176,47,3,2025-12-31,,
SKU00379,75,43,10,1,2025-12-18,,
SKU00380,222,158,55,2,2025-12-26,,
SKU00381,214,226,82,3,2025-12-15,,
SKU00382,346,146,49,3,2025-12-25,,
SKU00383,181,83,39,1,2025-11-28,,
SKU00384,186,68,25,1,2025-12-21,,
SKU00385,7877,1730,612,29,2025-08-29,,
SKU00386,6167,1447,451,26,2025-11-28,,
SKU00387,89,43,9,1,2025-11-23,,
SKU00388,14,40,11,1,2025-12-10,,
SKU00389,7439,1697,593,26,2025-11-09,,
SKU00390,73,36,8,1,2025-12-27,,
SKU00391,538,250,71,3,2025-12-08,,
SKU00393,340,188,77,3,2025-12-21,,
SKU00394,70,51,15,1,2025-11-16,,
SKU00395,144,128,41,2,2025-12-15,,
SKU00396,111,45,16,1,2025-12-02,,
SKU00397,355,160,60,3,2025-12-21,,
SKU00398,179,92,37,1,2025-12-05,,
SKU00400,300,144,54,2,2025-12-27,,
SKU00401,8056,1832,608,30,2025-09-01,,
SKU00402,7033,1676,568,28,2025-09-02,,
SKU00403,371,259,96,4,2025-12-31,,
SKU00404,131,92,45,1,2025-12-18,,
SKU00405,326,221,74,4,2025-12-27,,
SKU00407,248,165,46,3,2025-12-20,,
SKU00408,246,147,40,3,2025-12-13,,
SKU00409,166,129,48,3,2025-11-15,,
SKU00410,64,148,65,3,2025-11-18,,
SKU00411,502,280,82,4,2025-12-18,,
SKU00413,84,73,31,1,2025-11-07,,
SKU00414,81,53,12,1,2025-12-08,,
SKU00415,227,145,42,2,2025-12-05,,
SKU00416,0,1214,449,22,2025-10-12,,
SKU00417,122,85,17,1,2025-12-23,,
SKU00418,409,178,61,3,2025-11-20,,
SKU00419,6280,1511,553,24,2025-11-04,,
SKU00420,358,224,92,4,2025-12-28,,
SKU00421,8278,1886,671,30,2025-08-25,,
SKU00423,173,179,46,3,2025-12-14,,
SKU00424,93,117,39,2,2025-12-21,,
SKU00426,215,263,83,4,2025-12-29,,
SKU00427,73,148,44,2,2025-12-23,,
SKU00428,367,210,82,5,2025-12-30,,
SKU00429,84,52,11,1,2025-11-27,,
SKU00430,90,137,45,3,2025-11-28,,
SKU00431,52,53,12,2,2025-12-30,,
SKU00432,425,176,57,2,2025-12-11,,
SKU00434,114,54,16,1,2025-11-11,,
SKU00436,77,128,38,2,2025-11-27,,
SKU00437,6973,1643,538,30,2025-08-29,,
SKU00438,447,216,103,3,2025-12-15,,
SKU00439,236,135,40,3,2025-12-10,,
SKU00440,100,113,37,2,2025-12-27,,
SKU00441,191,77,37,1,2025-11-13,,
SKU00442,368,154,35,2,2025-12-15,,
SKU00443,326,157,57,3,2025-12-31,,
SKU00444,124,69,29,2,2025-11-26,,
SKU00445,0,1146,448,20,2025-10-05,,
SKU00446,274,178,47,3,2025-12-20,,
SKU00448,257,94,33,2,2025-11-22,,
SKU00449,7089,1529,590,26,2025-09-02,,
SKU00450,146,224,94,5,2025-12-30,,
SKU00451,208,83,39,2,2025-12-21,,
SKU00452,272,155,57,3,2025-12-20,,
SKU00453,98,104,26,2,2025-12-30,,
SKU00454,527,231,76,4,2025-12-21,,
SKU00455,60,36,17,1,2025-12-12,,
SKU00456,1,22,10,1,2025-11-22,,
SKU00457,171,214,84,3,2025-12-17,,
SKU00458,140,162,68,3,2025-12-17,,
SKU00460,125,100,20,1,2025-11-16,,
SKU00461,340,156,46,3,2025-12-03,,
SKU00462,6636,1405,474,27,2025-08-30,,
SKU00463,53,33,12,1,2025-11-04,,
SKU00464,95,35,10,1,2025-12-04,,
SKU00465,41,22,7,1,2025-11-21,,
SKU00466,6760,1467,539,27,2025-08-31,,
SKU00467,63,28,12,1,2025-12-09,,
SKU00469,223,147,66,2,2025-12-08,,
SKU00471,13,43,16,1,2025-11-07,,
SKU00472,72,76,31,2,2025-11-23,,
SKU00473,73,35,16,1,2025-12-06,,
SKU00474,102,123,50,3,2025-12-25,,
SKU00475,48,23,8,1,2025-12-21,,
SKU00476,428,151,61,2,2025-12-21,,
SKU00477,217,81,25,2,2025-12-12,,
SKU00478,157,145,63,2,2025-12-07,,
SKU00479,57,22,5,1,2025-12-09,,
SKU00480,47,42,13,1,2025-12-08,,
SKU00481,0,37,11,1,2025-11-03,,
SKU00482,14,22,5,1,2025-11-20,,
SKU00484,0,1408,469,25,2025-10-10,,
SKU00485,174,69,21,1,2025-11-29,,
SKU00486,212,80,23,2,2025-12-06,,
SKU00487,199,156,49,3,2025-11-12,,
SKU00488,334,234,86,5,2025-12-27,,
SKU00489,82,64,20,2,2025-12-02,,
SKU00490,369,229,81,3,2025-12-28,,
SKU00491,393,269,58,3,2025-12-31,,
SKU00492,211,198,84,3,2025-12-28,,
SKU00493,724,334,125,5,2025-12-23,,
SKU00494,176,199,67,3,2025-12-30,,
SKU00495,59,24,7,1,2025-12-05,,
SKU00496,93,71,21,2,2025-11-22,,
SKU00497,239,94,25,1,2025-12-17,,
SKU00498,8527,1806,589,29,2025-09-01,,
SKU00499,277,106,32,2,2025-12-11,,
SKU00500,100,1499,531,24,2025-11-08,,
SKU00501,7109,1565,572,26,2025-08-30,,
SKU00502,8794,2063,723,30,2025-08-30,,
SKU00503,40,36,11,1,2025-11-20,,
SKU00504,404,263,100,3,2025-12-02,,
SKU00506,102,1338,448,23,2025-12-15,,
SKU00507,8834,1906,654,30,2025-08-31,,
SKU00508,28,28,9,1,2025-11-04,,
SKU00509,489,266,64,3,2025-12-15,,
SKU00510,81,139,44,2,2025-11-29,,
SKU00511,367,225,63,3,2025-12-24,,
SKU00512,166,59,27,1,2025-12-22,,
SKU00513,127,76,22,1,2025-12-26,,
SKU00516,6036,1410,441,21,2025-12-11,,
SKU00517,191,105,29,3,2025-12-04,,
SKU00519,387,148,40,3,2025-12-11,,
SKU00520,104,84,36,2,2025-12-31,,
SKU00521,6344,1409,492,27,2025-09-02,,
SKU00522,79,66,31,1,2025-11-30,,
SKU00523,605,319,89,5,2025-11-27,,
SKU00524,8181,1784,582,30,2025-08-30,,
SKU00525,157,81,25,2,2025-12-18,,
SKU00526,241,127,29,2,2025-12-09,,
SKU00527,447,233,61,4,2025-12-08,,
SKU00528,246,88,27,1,2025-12-22,,
SKU00529,160,226,80,3,2025-12-19,,
SKU00530,350,211,66,4,2025-12-30,,
SKU00531,67,1482,568,23,2025-12-26,,
SKU00532,6217,1355,472,30,2025-08-23,,
SKU00533,164,64,22,1,2025-11-02,,
SKU00534,219,329,104,4,2025-12-28,,
SKU00535,6972,1557,594,27,2025-09-02,,
SKU00536,199,83,25,2,2025-12-31,,
SKU00537,45,63,31,1,2025-12-31,,
SKU00538,104,1099,359,20,2025-12-02,,
SKU00539,72,1312,457,24,2025-12-22,,
SKU00540,129,69,33,1,2025-12-28,,
SKU00542,703,470,177,6,2025-12-24,,
SKU00543,212,85,19,1,2025-11-17,,
SKU00544,65,79,17,1,2025-11-04,,
SKU00545,408,299,105,5,2025-12-28,,
SKU00546,7461,1606,528,28,2025-08-30,,
SKU00547,117,75,33,2,2025-12-26,,
SKU00550,8131,1779,593,30,2025-09-01,,
SKU00551,6844,1554,517,28,2025-08-31,,
SKU00553,6073,1343,462,23,2025-08-26,,
SKU00554,2,49,23,1,2025-12-20,,
SKU00555,268,115,42,2,2025-12-21,,
SKU00556,109,92,41,1,2025-11-17,,
SKU00558,141,118,52,2,2025-12-31,,
SKU00559,143,126,54,3,2025-12-11,,
SKU00560,76,96,35,1,2025-11-04,,
SKU00562,94,72,23,1,2025-12-08,,
SKU00563,175,93,43,1,2025-12-14,,
SKU00565,294,103,36,2,2025-12-22,,
SKU00566,121,140,46,2,2025-11-15,,
SKU00567,22,62,17,1,2025-12-26,,
SKU00568,465,212,88,4,2025-11-27,,
SKU00569,14,39,13,1,2025-11-26,,
SKU00570,318,119,47,2,2025-12-25,,
SKU00571,6773,1499,514,25,2025-12-29,,
SKU00572,258,110,24,2,2025-12-11,,
SKU00573,83,39,12,1,2025-11-26,,
SKU00574,6397,1449,484,21,2025-09-01,,
SKU00575,107,64,26,2,2025-11-26,,
SKU00576,11,100,50,1,2025-12-02,,
SKU00577,198,92,27,2,2025-11-19,,
SKU00578,130,94,42,2,2025-12-09,,
SKU00580,291,161,35,2,2025-12-16,,
SKU00581,430,282,99,5,2025-12-30,,
SKU00582,15,27,12,1,2025-12-12,,
SKU00583,128,165,60,3,2025-12-17,,
SKU00584,5819,1365,456,23,2025-11-12,,
SKU00585,8080,1775,657,28,2025-08-26,,
SKU00586,89,144,58,2,2025-12-04,,
SKU00588,76,89,41,1,2025-12-01,,
SKU00589,7364,1594,583,25,2025-12-31,,
SKU00590,198,117,26,2,2025-12-02,,
SKU00591,228,174,56,2,2025-12-15,,
SKU00592,9087,2024,700,29,2025-08-30,,
SKU00593,62,94,27,1,2025-11-11,,
SKU00594,36,98,22,2,2025-12-04,,
SKU00595,357,142,51,2,2025-12-15,,
SKU00596,143,154,71,2,2025-12-23,,
SKU00597,190,230,66,4,2025-12-03,,
SKU00598,6544,1531,480,25,2025-09-02,,
SKU00599,358,161,62,2,2025-11-15,,
SKU00601,26,46,22,1,2025-12-15,,
SKU00602,60,97,45,1,2025-12-02,,
SKU00603,240,120,44,2,2025-12-06,,
SKU00604,147,72,20,1,2025-12-25,,
SKU00605,584,345,118,5,2025-12-31,,
SKU00606,593,444,180,6,2025-12-31,,
SKU00607,73,126,34,3,2025-12-09,,
SKU00608,3196,713,265,16,2025-12-29,,
SKU00609,37,75,27,1,2025-11-28,,
SKU00610,178,93,28,2,2025-11-08,,
SKU00611,255,204,65,3,2025-12-17,,
SKU00612,29,34,8,1,2025-11-21,,
SKU00613,261,183,65,3,2025-12-23,,
SKU00614,257,166,50,2,2025-11-23,,
SKU00615,166,197,74,4,2025-12-27,,
SKU00616,78,53,17,1,2025-11-23,,
SKU00617,107,66,20,1,2025-11-10,,
SKU00618,186,94,20,1,2025-11-05,,
SKU00619,411,177,52,2,2025-12-04,,
SKU00620,366,214,77,3,2025-12-22,,
SKU00621,257,310,111,4,2025-12-17,,
SKU00622,179,140,63,2,2025-12-30,,
SKU00623,27,30,6,1,2025-11-27,,
SKU00624,204,161,59,2,2025-12-30,,
SKU00625,197,217,72,3,2025-12-20,,
SKU00626,54,26,6,1,2025-12-11,,
SKU00628,42,1059,344,20,2025-12-02,,
SKU00629,284,293,106,4,2025-12-14,,
SKU00630,87,45,11,1,2025-11-16,,
SKU00631,7302,1732,608,27,2025-08-28,,
SKU00632,282,186,67,3,2025-12-27,,
SKU00633,705,392,102,5,2025-12-25,,
SKU00634,208,85,26,1,2025-11-18,,
SKU00635,386,255,87,4,2025-12-28,,
SKU00637,132,88,39,1,2025-12-04,,
SKU00638,5795,1223,400,24,2025-08-28,,
SKU00639,83,71,30,2,2025-11-17,,
SKU00641,267,108,31,2,2025-11-25,,
SKU00642,64,40,12,1,2025-12-04,,
SKU00643,268,277,89,4,2025-12-08,,
SKU00644,162,91,44,1,2025-11-24,,
SKU00645,8402,1803,663,29,2025-09-02,,
SKU00646,307,159,58,2,2025-12-27,,
SKU00647,107,66,17,1,2025-12-05,,
SKU00648,211,113,46,2,2025-11-14,,
SKU00649,8091,1842,669,30,2025-09-02,,
SKU00650,4384,990,383,18,2025-08-27,,
SKU00651,69,41,16,1,2025-11-04,,
SKU00652,180,83,29,1,2025-12-15,,
SKU00653,40,25,6,1,2025-11-08,,
SKU00654,7861,1835,627,30,2025-09-01,,
SKU00655,22,54,21,1,2025-11-06,,
SKU00657,0,29,14,1,2025-11-11,,
SKU00660,3,34,11,1,2025-12-17,,
SKU00662,6028,1429,483,22,2025-11-06,,
SKU00664,9,49,19,1,2025-11-06,,
SKU00665,49,39,18,1,2025-12-18,,
SKU00666,17,65,32,1,2025-12-31,,
SKU00667,322,216,69,4,2025-12-25,,
SKU00668,144,104,33,3,2025-12-09,,
SKU00669,347,258,75,4,2025-12-29,,
SKU00670,145,153,57,2,2025-12-30,,
SKU00671,566,309,123,5,2025-12-26,,
SKU00672,129,77,35,1,2025-12-18,,
SKU00673,179,191,67,3,2025-12-30,,
SKU00674,333,160,60,2,2025-12-26,,
SKU00676,69,25,6,1,2025-12-25,,
SKU00677,394,380,120,7,2025-12-27,,
SKU00678,526,194,74,2,2025-12-30,,
SKU00679,4734,1050,346,20,2025-09-01,,
SKU00680,264,270,87,4,2025-12-18,,
SKU00681,139,134,38,3,2025-12-23,,
SKU00682,8021,1791,643,30,2025-08-28,,
SKU00683,78,45,19,1,2025-11-08,,
SKU00684,392,237,85,3,2025-12-18,,
SKU00685,244,204,73,4,2025-12-05,,
SKU00686,683,287,106,3,2025-12-14,,
SKU00687,60,149,58,2,2025-12-25,,
SKU00688,46,25,10,1,2025-11-01,,
SKU00690,115,94,44,1,2025-12-16,,
SKU00691,6861,1612,520,29,2025-11-25,,
SKU00692,0,1261,412,22,2025-10-10,,
SKU00693,188,122,43,2,2025-12-28,,
SKU00694,0,28,10,1,2025-12-12,,
SKU00696,32,24,6,1,2025-11-28,,
SKU00697,260,160,71,3,2025-11-27,,
SKU00698,182,186,46,2,2025-12-29,,
SKU00699,7691,1709,605,30,2025-08-31,,
SKU00700,18,68,23,1,2025-11-14,,
SKU00701,179,63,17,1,2025-11-26,,
SKU00702,324,174,52,3,2025-12-30,,
SKU00703,259,94,45,1,2025-11-06,,
SKU00704,226,256,83,4,2025-12-10,,
SKU00705,86,68,15,1,2025-12-25,,
SKU00706,7183,1629,546,25,2025-11-06,,
SKU00707,63,63,20,2,2025-11-15,,
SKU00708,144,85,34,2,2025-11-15,,
SKU00710,412,243,100,4,2025-11-23,,
SKU00711,213,143,48,2,2025-12-27,,
SKU00712,477,289,90,5,2025-12-14,,
SKU00713,389,271,82,4,2025-12-20,,
SKU00714,42,72,25,2,2025-11-25,,
SKU00715,337,175,62,3,2025-12-22,,
SKU00716,51,40,20,1,2025-11-27,,
SKU00717,490,354,145,4,2025-12-22,,
SKU00719,371,250,112,4,2025-12-26,,
SKU00720,95,41,9,1,2025-11-20,,
SKU00721,6548,1403,491,23,2025-08-31,,
SKU00722,108,66,16,2,2025-12-31,,
SKU00723,124,92,25,1,2025-12-14,,
SKU00724,78,36,8,1,2025-11-10,,
SKU00726,136,166,74,3,2025-12-27,,
SKU00727,209,110,45,3,2025-12-15,,
SKU00728,0,1199,396,22,2025-10-10,,
SKU00729,366,254,85,3,2025-12-29,,
SKU00732,6454,1393,478,27,2025-08-26,,
SKU00733,272,148,42,2,2025-12-16,,
SKU00734,7013,1480,497,25,2025-09-02,,
SKU00735,160,127,51,2,2025-12-27,,
SKU00736,106,146,59,4,2025-12-08,,
SKU00737,4,27,6,1,2025-12-24,,
SKU00738,60,78,30,2,2025-12-20,,
SKU00739,144,94,46,1,2025-11-30,,
SKU00740,4982,1113,364,18,2025-11-27,,
SKU00741,23,20,9,1,2025-12-21,,
SKU00742,551,377,111,8,2025-12-25,,
SKU00743,105,68,16,2,2025-12-30,,
SKU00744,60,52,15,1,2025-11-13,,
SKU00745,99,37,13,1,2025-11-07,,
SKU00746,37,20,7,1,2025-11-09,,
SKU00747,74,61,13,1,2025-11-30,,
SKU00748,54,22,7,1,2025-12-07,,
SKU00749,8237,1803,615,30,2025-09-02,,
SKU00751,484,219,61,4,2025-12-29,,
SKU00752,103,146,47,2,2025-12-27,,
SKU00754,432,200,53,3,2025-12-17,,
SKU00755,138,66,29,1,2025-11-19,,
SKU00756,241,119,50,2,2025-12-20,,
SKU00758,6798,1514,502,25,2025-08-13,,
SKU00759,234,125,50,2,2025-12-03,,
SKU00760,203,118,49,2,2025-11-30,,
SKU00761,300,164,57,3,2025-12-16,,
SKU00762,290,117,26,2,2025-12-14,,
SKU00763,202,125,51,3,2025-12-19,,
SKU00764,112,65,30,1,2025-12-12,,
SKU00765,507,248,87,4,2025-12-11,,
SKU00766,61,66,23,1,2025-12-21,,
SKU00767,4371,1035,360,19,2025-11-26,,
SKU00768,267,161,59,3,2025-11-23,,
SKU00769,89,130,43,2,2025-12-09,,
SKU00770,53,40,19,1,2025-12-15,,
SKU00772,378,327,112,6,2025-12-22,,
SKU00773,208,201,71,4,2025-12-26,,
SKU00774,0,1321,472,21,2025-10-08,,
SKU00775,7225,1593,556,28,2025-08-20,,
SKU00776,284,150,63,3,2025-12-31,,
SKU00777,92,93,31,2,2025-11-16,,
SKU00778,635,283,85,4,2025-12-28,,
SKU00779,50,49,21,1,2025-12-14,,
SKU00780,137,107,31,2,2025-12-16,,
SKU00781,97,40,16,1,2025-12-16,,
SKU00782,249,146,49,2,2025-12-11,,
SKU00783,442,241,79,3,2025-12-12,,
SKU00784,335,251,84,4,2025-12-18,,
SKU00785,321,245,93,5,2025-11-26,,
SKU00786,115,126,42,2,2025-12-07,,
SKU00787,468,374,113,5,2025-12-14,,
SKU00788,4093,1043,359,16,2025-12-01,,
SKU00789,117,75,34,1,2025-12-20,,
SKU00791,277,165,47,2,2025-12-09,,
SKU00792,109,262,76,4,2025-12-24,,
SKU00793,95,97,34,2,2025-12-15,,
SKU00794,95,136,53,2,2025-12-17,,
SKU00795,113,102,37,2,2025-12-27,,
SKU00796,12,180,53,2,2025-11-16,,
SKU00797,85,44,16,1,2025-11-20,,
SKU00798,198,112,36,3,2025-12-25,,
SKU00799,408,172,59,3,2025-12-16,,
SKU00800,311,254,106,4,2025-12-24,,
SKU00801,189,117,47,2,2025-12-07,,
SKU00802,39,33,7,1,2025-12-15,,
SKU00803,195,108,50,2,2025-12-22,,
SKU00804,269,356,124,6,2025-12-17,,
SKU00805,185,124,32,2,2025-12-08,,
SKU00806,462,216,57,4,2025-12-07,,
SKU00807,44,58,18,1,2025-12-03,,
SKU00808,28,47,18,2,2025-12-07,,
SKU00809,118,181,68,2,2025-12-29,,
SKU00810,284,179,70,4,2025-12-25,,
SKU00811,519,229,74,3,2025-12-29,,
SKU00813,254,132,31,3,2025-11-22,,
SKU00815,102,38,14,1,2025-12-09,,
SKU00816,2,99,49,1,2025-12-13,,
SKU00818,324,206,58,3,2025-12-21,,
SKU00819,765,376,136,6,2025-12-27,,
SKU00820,269,94,38,1,2025-12-10,,
SKU00821,6430,1530,551,29,2025-08-31,,
SKU00822,314,129,45,2,2025-12-05,,
SKU00823,0,1320,486,22,2025-10-08,,
SKU00824,165,209,76,3,2025-12-24,,
SKU00825,33,69,18,1,2025-12-14,,
SKU00827,337,192,65,4,2025-12-31,,
SKU00828,285,151,54,4,2025-12-19,,
SKU00829,145,166,51,3,2025-12-11,,
SKU00830,0,1303,455,22,2025-10-10,,
SKU00831,27,66,28,2,2025-11-16,,
SKU00832,0,1074,411,20,2025-10-08,,
SKU00833,125,68,23,1,2025-12-02,,
SKU00834,496,233,76,4,2025-12-19,,
SKU00835,333,316,107,5,2025-12-12,,
SKU00837,8483,2046,722,30,2025-09-01,,
SKU00838,23,49,12,1,2025-12-22,,
SKU00839,9,41,11,1,2025-12-29,,
SKU00840,765,472,172,7,2025-12-30,,
SKU00841,136,105,45,2,2025-12-02,,
SKU00842,190,140,59,2,2025-12-04,,
SKU00843,93,101,47,2,2025-11-24,,
SKU00844,252,155,57,2,2025-12-02,,
SKU00845,128,1158,398,22,2025-12-19,,
SKU00846,209,149,55,2,2025-12-25,,
SKU00848,261,211,71,4,2025-12-06,,
SKU00849,60,146,43,2,2025-12-26,,
SKU00850,241,131,45,3,2025-12-24,,
SKU00851,246,223,63,3,2025-12-28,,
SKU00852,235,147,52,3,2025-12-16,,
SKU00853,306,220,99,4,2025-12-13,,
SKU00854,382,181,62,4,2025-12-18,,
SKU00855,6862,1598,545,27,2025-11-09,,
SKU00856,214,135,58,2,2025-12-22,,
SKU00857,76,134,52,2,2025-12-18,,
SKU00858,7832,1692,568,27,2025-09-01,,
SKU00859,110,52,13,2,2025-11-14,,
SKU00860,5359,1205,392,25,2025-08-27,,
SKU00861,24,125,53,2,2025-12-26,,
SKU00863,78,148,68,2,2025-12-21,,
SKU00864,339,183,72,2,2025-12-30,,
SKU00865,221,97,27,1,2025-12-04,,
SKU00866,487,223,61,3,2025-12-13,,
SKU00867,49,81,30,2,2025-12-05,,
SKU00868,287,97,39,1,2025-12-16,,
SKU00869,367,168,61,3,2025-12-12,,
SKU00870,519,348,142,5,2025-12-29,,
SKU00872,223,223,86,4,2025-12-26,,
SKU00873,428,197,62,3,2025-12-30,,
SKU00874,4280,974,383,18,2025-08-25,,
SKU00875,297,154,34,2,2025-11-23,,
SKU00876,105,41,18,1,2025-12-09,,
SKU00877,14,43,15,1,2025-11-11,,
SKU00878,122,289,117,4,2025-12-16,,
SKU00879,105,100,32,2,2025-11-12,,
SKU00880,138,161,50,3,2025-12-30,,
SKU00881,286,173,54,2,2025-12-30,,
SKU00882,214,122,31,2,2025-12-20,,
SKU00883,230,154,42,3,2025-12-23,,
SKU00884,124,191,67,4,2025-11-28,,
SKU00885,138,47,16,1,2025-11-26,,
SKU00886,3,31,11,1,2025-11-05,,
SKU00887,184,113,48,2,2025-12-18,,
SKU00888,294,207,66,3,2025-12-13,,
SKU00889,275,100,33,1,2025-11-14,,
SKU00890,7185,1618,563,29,2025-12-14,,
SKU00891,113,89,21,1,2025-12-18,,
SKU00892,141,183,64,4,2025-12-04,,
SKU00893,107,984,378,19,2025-12-23,,
SKU00894,5444,1275,465,21,2025-08-29,,
SKU00895,355,238,77,4,2025-12-28,,
SKU00896,115,64,28,2,2025-12-27,,
SKU00897,180,144,61,2,2025-12-25,,
SKU00898,284,136,44,3,2025-12-18,,
SKU00899,289,103,23,2,2025-11-15,,
SKU00900,524,251,83,3,2025-11-17,,
SKU00901,153,86,34,1,2025-11-14,,
SKU00902,364,198,72,2,2025-12-20,,
SKU00904,207,83,41,1,2025-12-05,,
SKU00905,144,119,27,2,2025-12-15,,
SKU00906,6529,1440,510,27,2025-09-01,,
SKU00908,124,110,40,2,2025-12-16,,
SKU00909,269,175,63,3,2025-11-18,,
SKU00911,242,132,51,2,2025-12-15,,
SKU00912,164,146,50,2,2025-11-20,,
SKU00913,117,83,39,1,2025-11-14,,
SKU00914,177,111,38,2,2025-12-23,,
SKU00915,171,171,47,2,2025-12-10,,
SKU00916,510,292,113,4,2025-12-06,,
SKU00917,172,97,35,1,2025-11-05,,
SKU00918,150,88,19,2,2025-11-24,,
SKU00919,693,273,100,4,2025-12-05,,
SKU00920,0,1260,464,21,2025-10-12,,
SKU00921,86,81,26,1,2025-11-07,,
SKU00922,7,93,26,2,2025-11-26,,
SKU00923,107,142,58,2,2025-12-26,,
SKU00924,23,90,23,1,2025-12-05,,
SKU00925,229,142,65,2,2025-11-19,,
SKU00926,275,262,101,5,2025-12-24,,
SKU00927,457,241,83,4,2025-12-26,,
SKU00928,229,152,58,3,2025-12-30,,
SKU00929,171,1480,532,24,2025-12-19,,
SKU00930,183,185,68,3,2025-12-17,,
SKU00931,417,176,43,3,2025-12-21,,
SKU00932,8091,1922,656,30,2025-08-30,,
SKU00933,115,66,27,1,2025-11-07,,
SKU00934,192,110,37,2,2025-12-15,,
SKU00935,7070,1609,586,29,2025-08-30,,
SKU00936,5503,1225,422,18,2025-08-31,,
SKU00937,265,213,75,3,2025-12-19,,
SKU00938,80,64,27,2,2025-12-11,,
SKU00939,370,194,78,3,2025-12-24,,
SKU00940,640,328,117,4,2025-12-12,,
SKU00942,0,1293,448,20,2025-10-10,,
SKU00944,122,183,82,3,2025-12-30,,
SKU00945,430,230,87,4,2025-12-21,,
SKU00946,144,99,39,2,2025-12-27,,
SKU00948,100,49,23,2,2025-11-13,,
SKU00949,230,209,80,4,2025-12-12,,
SKU00950,221,92,35,1,2025-11-25,,
SKU00951,191,154,45,2,2025-11-18,,
SKU00953,0,1107,375,22,2025-10-11,,
SKU00954,7648,1873,634,29,2025-08-29,,
SKU00955,246,159,71,3,2025-12-19,,
SKU00956,13,119,47,2,2025-12-25,,
SKU00957,211,87,31,1,2025-11-14,,
SKU00958,3732,809,279,15,2025-08-29,,
SKU00959,51,42,13,1,2025-11-07,,
SKU00960,347,164,55,2,2025-12-15,,
SKU00961,321,143,41,2,2025-12-22,,
SKU00962,141,81,30,1,2025-11-06,,
SKU00963,195,79,23,1,2025-11-07,,
SKU00964,86,108,31,2,2025-12-13,,
SKU00965,7641,1718,592,29,2025-08-30,,
SKU00966,162,91,31,1,2025-12-08,,
SKU00967,119,51,11,1,2025-11-22,,
SKU00968,176,203,68,3,2025-12-15,,
SKU00970,267,169,64,3,2025-12-19,,
SKU00971,193,212,83,3,2025-12-10,,
SKU00972,5611,1188,392,20,2025-08-21,,
SKU00973,466,274,82,4,2025-12-14,,
SKU00974,0,823,278,16,2025-10-12,,
SKU00975,413,196,58,2,2025-12-30,,
SKU00976,234,1327,472,23,2025-12-30,,
SKU00977,208,110,35,2,2025-12-05,,
SKU00978,8163,1682,619,29,2025-09-02,,
SKU00979,26,59,15,1,2025-11-18,,
SKU00980,62,151,62,2,2025-12-16,,
SKU00981,237,171,41,2,2025-11-25,,
SKU00982,161,135,37,2,2025-11-25,,
SKU00983,253,101,45,2,2025-12-27,,
SKU00984,150,181,50,3,2025-12-24,,
SKU00986,7521,1700,578,28,2025-08-28,,
SKU00987,9126,1998,713,30,2025-08-30,,
SKU00988,61,30,13,1,2025-12-13,,
SKU00989,246,116,33,2,2025-12-21,,
SKU00990,490,333,142,5,2025-12-27,,
SKU00991,6857,1587,582,26,2025-09-02,,
SKU00992,179,124,46,2,2025-12-14,,
SKU00993,64,29,6,1,2025-12-21,,
SKU00994,0,1267,413,20,2025-10-11,,
SKU00996,158,1749,631,27,2025-12-03,,
SKU00997,339,213,72,4,2025-12-07,,
SKU00998,109,94,43,1,2025-11-05,,
SKU01001,281,150,54,3,2025-12-19,,
SKU01002,144,98,22,2,2025-11-23,,
SKU01003,180,156,53,3,2025-11-12,,
SKU01004,248,172,71,2,2025-12-20,,
SKU01005,222,199,67,4,2025-12-13,,
SKU01006,337,131,38,2,2025-12-04,,
SKU01007,305,294,114,4,2025-12-23,,
SKU01008,118,72,16,1,2025-11-19,,
SKU01009,0,1256,419,20,2025-10-08,,
SKU01010,67,201,49,4,2025-12-30,,
SKU01011,24,75,29,2,2025-11-26,,
SKU01012,404,252,94,4,2025-12-15,,
SKU01015,291,234,88,4,2025-12-03,,
SKU01017,4908,1092,388,18,2025-08-15,,
SKU01018,221,113,51,2,2025-12-23,,
SKU01019,125,84,18,1,2025-12-22,,
SKU01020,76,229,75,3,2025-12-08,,
SKU01021,0,1778,592,24,2025-10-12,,
SKU01022,228,210,73,4,2025-12-26,,
SKU01023,5138,1367,461,23,2025-11-26,,
SKU01024,64,27,10,1,2025-11-23,,
SKU01025,472,293,86,5,2025-12-16,,
SKU01027,124,58,26,1,2025-11-15,,
SKU01028,123,172,53,2,2025-12-21,,
SKU01029,297,200,71,4,2025-12-20,,
SKU01030,0,1257,476,22,2025-10-11,,
SKU01031,7383,1821,637,30,2025-11-17,,
SKU01032,5816,1392,486,26,2025-12-21,,
SKU01033,253,188,61,2,2025-12-21,,
SKU01034,5335,1058,412,18,2025-08-25,,
SKU01036,118,100,38,1,2025-12-30,,
SKU01037,0,1308,444,21,2025-10-09,,
SKU01038,7546,1644,558,30,2025-08-31,,
SKU01039,40,49,23,1,2025-11-11,,
SKU01041,44,134,51,2,2025-11-17,,
SKU01042,7768,1711,612,30,2025-08-27,,
SKU01043,150,123,48,2,2025-12-25,,
SKU01044,284,198,66,5,2025-12-29,,
SKU01045,0,1256,428,20,2025-10-10,,
SKU01046,7262,1695,554,29,2025-08-31,,
SKU01047,159,141,37,3,2025-12-16,,
SKU01048,70,1251,470,20,2025-11-13,,
SKU01049,122,53,18,2,2025-12-03,,
SKU01050,64,57,19,1,2025-11-06,,
SKU01052,5998,1348,504,24,2025-08-31,,
SKU01053,303,219,65,4,2025-12-21,,
SKU01054,271,119,46,2,2025-11-11,,
SKU01055,21,52,16,1,2025-12-25,,
SKU01056,279,141,49,2,2025-12-25,,
SKU01057,85,51,15,2,2025-11-16,,
SKU01058,91,48,20,1,2025-11-27,,
SKU01059,162,99,37,2,2025-11-29,,
SKU01061,278,126,46,2,2025-12-17,,
SKU01063,7715,1758,592,28,2025-09-01,,
SKU01064,371,166,67,3,2025-12-14,,
SKU01065,81,61,14,2,2025-12-23,,
SKU01066,311,244,87,4,2025-12-13,,
SKU01067,499,286,100,4,2025-12-12,,
SKU01068,8004,1741,622,30,2025-08-28,,
SKU01069,30,30,9,1,2025-12-27,,
SKU01070,7217,1643,561,26,2025-12-26,,
SKU01071,405,217,61,4,2025-12-22,,
SKU01072,241,214,89,3,2025-12-25,,
SKU01073,269,120,33,2,2025-12-24,,
SKU01074,106,49,24,1,2025-11-22,,
SKU01075,6602,1413,499,25,2025-09-02,,
SKU01076,370,220,75,4,2025-12-30,,
SKU01077,11,65,24,1,2025-11-12,,
SKU01078,229,194,75,3,2025-11-17,,
SKU01081,696,376,113,5,2025-12-25,,
SKU01082,363,223,87,5,2025-12-22,,
SKU01083,13,34,9,1,2025-11-13,,
SKU01085,360,213,78,3,2025-12-20,,
SKU01086,421,337,110,4,2025-12-21,,
SKU01087,62,140,53,2,2025-11-08,,
SKU01088,185,126,37,2,2025-12-19,,
SKU01090,16,21,7,1,2025-12-17,,
SKU01091,62,79,35,1,2025-12-03,,
SKU01092,459,286,87,4,2025-12-25,,
SKU01093,19,71,15,1,2025-11-25,,
SKU01094,103,37,15,1,2025-12-28,,
SKU01095,170,79,36,1,2025-12-30,,
SKU01096,118,95,23,1,2025-12-26,,
SKU01097,91,112,54,2,2025-12-19,,
SKU01099,102,108,44,2,2025-12-31,,
SKU01100,304,183,78,2,2025-12-07,,
SKU01101,90,55,18,2,2025-12-26,,
SKU01102,83,73,30,2,2025-12-01,,
SKU01103,34,34,8,1,2025-11-04,,
SKU01104,7823,1755,648,30,2025-12-15,,
SKU01106,71,87,27,1,2025-12-21,,
SKU01107,318,187,71,2,2025-12-11,,
SKU01108,253,133,43,2,2025-12-31,,
SKU01109,395,232,78,3,2025-11-28,,
SKU01110,79,97,36,2,2025-12-09,,
SKU01112,7745,1798,648,30,2025-09-02,,
SKU01113,153,95,35,2,2025-12-04,,
SKU01114,124,111,43,2,2025-12-16,,
SKU01115,3,25,11,1,2025-12-07,,
SKU01116,71,49,15,1,2025-11-10,,
SKU01117,557,288,91,4,2025-12-06,,
SKU01118,70,165,64,2,2025-12-11,,
SKU01119,126,174,61,3,2025-12-26,,
SKU01120,220,147,59,3,2025-12-24,,
SKU01121,225,236,86,4,2025-12-27,,
SKU01122,20,97,27,1,2025-11-10,,
SKU01123,283,220,65,4,2025-12-14,,
SKU01124,614,344,139,5,2025-12-25,,
SKU01125,173,158,46,2,2025-12-25,,
SKU01127,197,244,109,4,2025-12-30,,
SKU01128,276,200,66,4,2025-12-27,,
SKU01129,52,89,37,1,2025-11-22,,
SKU01130,248,136,32,2,2025-12-08,,
SKU01131,124,86,30,1,2025-12-25,,
SKU01132,445,273,114,4,2025-12-30,,
SKU01133,7078,1686,614,29,2025-08-26,,
SKU01134,57,59,20,1,2025-11-25,,
SKU01135,176,82,28,1,2025-12-09,,
SKU01136,498,237,77,4,2025-12-28,,
SKU01137,401,171,73,2,2025-12-20,,
SKU01138,0,1541,558,23,2025-10-12,,
SKU01140,541,255,97,4,2025-12-26,,
SKU01142,272,150,67,3,2025-12-04,,
SKU01143,3,93,22,1,2025-11-20,,
SKU01144,425,287,95,4,2025-12-28,,
SKU01145,449,156,50,2,2025-12-29,,
SKU01146,422,314,106,5,2025-12-07,,
SKU01147,108,198,63,3,2025-12-22,,
SKU01148,64,29,11,1,2025-12-25,,
SKU01149,32,26,10,1,2025-12-23,,
SKU01150,54,81,31,3,2025-11-25,,
SKU01151,256,136,48,3,2025-12-26,,
SKU01152,0,1646,568,25,2025-10-12,,
SKU01153,0,1412,483,23,2025-09-18,,
SKU01154,163,62,24,2,2025-12-30,,
SKU01155,382,257,75,4,2025-12-25,,
SKU01156,190,162,50,2,2025-11-16,,
SKU01157,454,199,59,3,2025-12-09,,
SKU01158,5024,1047,343,19,2025-08-30,,
SKU01159,64,70,15,1,2025-11-22,,
SKU01160,467,179,80,3,2025-12-20,,
SKU01161,120,70,26,1,2025-11-14,,
SKU01162,186,98,37,2,2025-12-24,,
SKU01163,160,166,58,4,2025-11-29,,
SKU01164,323,1090,362,17,2025-12-28,,
SKU01165,203,158,71,3,2025-12-12,,
SKU01167,4604,1195,447,24,2025-11-21,,
SKU01168,51,79,29,2,2025-12-21,,
SKU01169,129,179,48,3,2025-12-17,,
SKU01170,0,1338,470,24,2025-10-08,,
SKU01171,8117,1805,635,27,2025-09-01,,
SKU01172,117,51,17,1,2025-12-14,,
SKU01174,9037,1898,613,29,2025-08-20,,
SKU01175,260,148,53,2,2025-11-19,,
SKU01176,468,240,73,3,2025-12-30,,
SKU01177,49,79,22,2,2025-12-18,,
SKU01178,1,20,7,1,2025-12-30,,
SKU01179,7122,1622,605,30,2025-09-02,,
SKU01181,184,70,23,2,2025-12-26,,
SKU01182,85,44,19,1,2025-12-08,,
SKU01183,152,119,48,3,2025-12-31,,
SKU01184,8,56,26,2,2025-12-21,,
SKU01185,101,94,38,2,2025-11-10,,
SKU01186,245,176,59,3,2025-12-30,,
SKU01187,4938,1092,371,18,2025-12-20,,
SKU01188,208,122,35,3,2025-12-19,,
SKU01189,0,972,350,19,2025-10-03,,
SKU01190,58,45,13,2,2025-12-13,,
SKU01191,7071,1585,525,25,2025-08-31,,
SKU01193,115,41,16,1,2025-12-01,,
SKU01194,346,246,102,3,2025-12-19,,
SKU01195,521,371,124,4,2025-12-10,,
SKU01196,171,136,49,2,2025-12-30,,
SKU01199,179,223,96,3,2025-12-30,,
SKU01200,4575,1044,378,18,2025-12-07,,
SKU01201,156,132,48,2,2025-12-23,,
SKU01202,100,78,36,1,2025-11-19,,
SKU01203,264,251,84,4,2025-11-09,,
SKU01204,42,26,10,1,2025-11-13,,
SKU01205,317,175,54,3,2025-12-08,,
SKU01206,287,163,46,2,2025-11-12,,
SKU01207,213,141,68,2,2025-12-13,,
SKU01208,241,146,54,3,2025-12-17,,
SKU01209,59,33,12,1,2025-11-11,,
SKU01210,377,247,84,3,2025-12-16,,
SKU01211,206,152,46,3,2025-12-27,,
SKU01213,198,144,37,2,2025-11-26,,
SKU01215,377,138,33,2,2025-12-29,,
SKU01216,250,215,75,4,2025-12-26,,
SKU01217,103,47,19,1,2025-12-12,,
SKU01218,156,126,44,2,2025-12-22,,
SKU01220,212,74,22,1,2025-11-18,,
SKU01221,4,77,27,1,2025-11-12,,
SKU01222,328,213,87,3,2025-12-26,,
SKU01223,61,25,12,1,2025-11-18,,
SKU01224,7713,1629,579,23,2025-08-27,,
SKU01225,201,277,104,4,2025-12-20,,
SKU01226,92,47,15,1,2025-11-01,,
SKU01227,165,157,45,3,2025-12-14,,
SKU01228,137,97,29,3,2025-12-26,,
SKU01229,7128,1594,491,28,2025-08-31,,
SKU01230,402,206,77,3,2025-12-14,,
SKU01231,25,20,6,1,2025-12-22,,
SKU01232,20,35,10,1,2025-12-21,,
SKU01234,244,98,34,2,2025-12-09,,
SKU01235,74,83,29,2,2025-12-17,,
SKU01236,232,95,23,2,2025-12-20,,
SKU01237,228,195,84,3,2025-12-19,,
SKU01238,337,152,51,3,2025-12-05,,
SKU01241,207,95,38,2,2025-12-31,,
SKU01242,349,202,64,3,2025-12-13,,
SKU01243,202,85,39,1,2025-11-13,,
SKU01246,174,289,107,5,2025-12-12,,
SKU01247,463,228,83,4,2025-12-27,,
SKU01248,82,88,42,1,2025-12-16,,
SKU01249,44,113,37,2,2025-12-19,,
SKU01250,22,26,7,1,2025-12-28,,
SKU01251,231,222,99,4,2025-12-19,,
SKU01253,177,171,67,3,2025-12-12,,
SKU01254,180,118,33,2,2025-12-21,,
SKU01255,170,150,38,2,2025-12-30,,
SKU01256,4290,1055,385,18,2025-12-25,,
SKU01257,480,290,108,4,2025-12-22,,
SKU01258,145,231,88,4,2025-12-31,,
SKU01259,145,94,30,2,2025-11-12,,
SKU01261,106,56,18,2,2025-12-29,,
SKU01262,370,208,77,3,2025-12-25,,
SKU01263,273,94,41,1,2025-11-12,,
SKU01264,5425,1155,420,20,2025-08-31,,
SKU01265,99,86,21,1,2025-11-19,,
SKU01266,301,277,85,4,2025-12-09,,
SKU01267,326,153,65,2,2025-11-25,,
SKU01268,513,294,99,4,2025-12-31,,
SKU01269,78,69,19,2,2025-12-13,,
SKU01270,445,215,96,4,2025-12-12,,
SKU01271,171,174,49,2,2025-11-29,,
SKU01272,107,134,33,2,2025-11-29,,
SKU01273,186,91,39,1,2025-11-09,,
SKU01274,0,1452,532,23,2025-10-06,,
SKU01275,254,155,58,3,2025-11-23,,
SKU01276,114,177,55,3,2025-11-11,,
SKU01277,221,115,48,2,2025-12-05,,
SKU01278,367,209,81,3,2025-12-27,,
SKU01280,364,245,69,4,2025-12-28,,
SKU01281,133,116,37,2,2025-12-26,,
SKU01282,446,214,51,3,2025-12-12,,
SKU01283,142,84,39,2,2025-12-12,,
SKU01284,81,64,28,1,2025-11-16,,
SKU01286,96,76,17,1,2025-11-10,,
SKU01287,8837,1877,690,30,2025-08-29,,
SKU01288,140,97,42,1,2025-12-07,,
SKU01289,58,22,10,1,2025-11-06,,
SKU01290,365,196,86,3,2025-11-29,,
SKU01292,150,70,19,1,2025-11-02,,
SKU01293,90,79,36,2,2025-11-19,,
SKU01294,44,106,29,2,2025-12-23,,
SKU01295,31,100,44,2,2025-11-26,,
SKU01296,156,112,37,2,2025-12-14,,
SKU01297,81,43,13,2,2025-12-05,,
SKU01298,127,74,22,2,2025-11-15,,
SKU01299,286,122,47,2,2025-11-24,,
SKU01301,168,236,96,3,2025-12-16,,
SKU01302,368,262,92,4,2025-11-27,,
SKU01303,7196,1639,556,30,2025-08-26,,
SKU01305,253,241,107,4,2025-12-29,,
SKU01306,39,55,13,2,2025-12-04,,
SKU01308,8,70,27,1,2025-12-03,,
SKU01309,354,161,62,2,2025-12-15,,
SKU01310,8360,1901,603,29,2025-08-21,,
SKU01311,83,87,32,2,2025-11-24,,
SKU01312,404,160,63,2,2025-12-31,,
SKU01313,287,210,81,4,2025-12-30,,
SKU01314,210,138,56,3,2025-12-19,,
SKU01315,209,119,43,2,2025-12-27,,
SKU01316,331,177,64,3,2025-12-25,,
SKU01317,142,1566,558,24,2025-11-23,,
SKU01318,7148,1639,597,30,2025-08-31,,
SKU01319,203,173,37,2,2025-11-23,,
SKU01320,642,355,126,5,2025-12-29,,
SKU01321,561,347,112,5,2025-12-19,,
SKU01323,476,202,71,4,2025-12-16,,
SKU01324,80,74,29,1,2025-11-21,,
SKU01325,46,103,41,2,2025-12-04,,
SKU01326,233,194,90,2,2025-11-27,,
SKU01327,69,30,12,1,2025-11-24,,
SKU01328,118,77,19,2,2025-12-10,,
SKU01329,158,96,34,2,2025-12-20,,
SKU01330,59,31,7,1,2025-12-30,,
SKU01331,633,258,91,3,2025-12-21,,
SKU01332,158,99,38,3,2025-12-14,,
SKU01333,245,181,53,3,2025-12-20,,
SKU01334,7,92,21,1,2025-12-05,,
SKU01335,132,52,18,1,2025-12-10,,
SKU01336,293,164,65,3,2025-11-12,,
SKU01337,7791,1746,622,30,2025-08-27,,
SKU01338,144,127,33,2,2025-11-14,,
SKU01339,8910,1887,653,28,2025-09-02,,
SKU01340,6594,1446,479,24,2025-08-31,,
SKU01341,390,190,79,3,2025-12-23,,
SKU01342,399,244,62,4,2025-12-24,,
SKU01343,85,128,55,2,2025-12-31,,
SKU01346,111,142,45,4,2025-12-03,,
SKU01347,6574,1451,515,24,2025-09-02,,
SKU01348,44,58,17,1,2025-11-07,,
SKU01349,64,65,30,1,2025-11-16,,
SKU01350,55,23,6,1,2025-12-22,,
SKU01351,537,263,86,4,2025-12-21,,
SKU01352,149,108,32,2,2025-11-24,,
SKU01354,22,96,20,1,2025-11-11,,
SKU01355,363,201,74,3,2025-12-17,,
SKU01356,6931,1502,517,27,2025-12-04,,
SKU01357,295,172,56,2,2025-12-08,,
SKU01358,174,111,49,2,2025-12-24,,
SKU01359,172,167,54,3,2025-12-08,,
SKU01360,610,278,85,3,2025-11-29,,
SKU01361,329,224,55,4,2025-12-28,,
SKU01362,339,158,42,2,2025-11-29,,
SKU01363,19,1026,356,15,2025-12-04,,
SKU01365,144,162,79,2,2025-12-21,,
SKU01366,216,173,56,2,2025-11-16,,
SKU01367,77,80,31,1,2025-11-28,,
SKU01369,141,74,36,1,2025-12-13,,
SKU01370,0,1392,472,23,2025-10-12,,
SKU01371,0,1230,408,22,2025-10-03,,
SKU01372,31,83,40,1,2025-12-25,,
SKU01373,28,36,17,1,2025-12-06,,
SKU01374,99,127,44,3,2025-12-12,,
SKU01375,185,131,59,2,2025-12-14,,
SKU01376,154,83,23,1,2025-11-09,,
SKU01377,43,41,12,1,2025-11-28,,
SKU01378,50,99,23,1,2025-12-11,,
SKU01379,264,99,41,1,2025-11-22,,
SKU01382,259,159,59,2,2025-12-25,,
SKU01383,292,203,66,3,2025-12-27,,
SKU01384,131,84,30,1,2025-12-31,,
SKU01385,67,50,13,1,2025-11-04,,
SKU01386,352,236,85,3,2025-12-03,,
SKU01387,203,150,56,3,2025-12-01,,
SKU01388,10,27,13,1,2025-12-16,,
SKU01389,474,326,99,5,2025-12-16,,
SKU01390,307,152,59,3,2025-12-20,,
SKU01391,14,66,22,1,2025-12-26,,
SKU01392,4808,1114,424,16,2025-08-12,,
SKU01393,257,149,50,2,2025-12-24,,
SKU01394,94,84,29,2,2025-12-16,,
SKU01395,267,218,76,4,2025-12-26,,
SKU01396,8350,1800,642,29,2025-08-29,,
SKU01397,54,33,12,1,2025-11-02,,
SKU01398,175,320,103,4,2025-12-22,,
SKU01399,224,134,36,3,2025-12-24,,
SKU01401,874,367,129,5,2025-12-29,,
SKU01402,584,268,88,3,2025-12-26,,
SKU01403,202,181,63,4,2025-12-13,,
SKU01404,47,47,17,2,2025-12-29,,
SKU01405,550,308,116,7,2025-12-30,,
SKU01406,122,138,42,2,2025-12-20,,
SKU01407,7961,1735,631,28,2025-08-24,,
SKU01411,116,69,20,2,2025-11-14,,
SKU01412,158,93,21,1,2025-11-14,,
SKU01413,4195,856,298,15,2025-09-02,,
SKU01414,0,1467,501,24,2025-10-10,,
SKU01415,361,250,79,3,2025-12-23,,
SKU01416,213,175,56,3,2025-12-05,,
SKU01417,101,34,8,1,2025-11-27,,
SKU01418,95,96,29,2,2025-11-22,,
SKU01419,94,58,14,1,2025-11-10,,
SKU01420,0,1291,471,20,2025-10-11,,
SKU01421,23,27,9,1,2025-11-26,,
SKU01422,167,217,76,3,2025-12-27,,
SKU01423,8702,1858,663,30,2025-08-28,,
SKU01424,6,50,12,1,2025-11-25,,
SKU01425,347,263,102,4,2025-12-06,,
SKU01427,22,75,36,1,2025-12-14,,
SKU01428,7485,1615,579,27,2025-08-31,,
SKU01429,339,187,52,4,2025-11-26,,
SKU01430,238,112,39,3,2025-11-17,,
SKU01431,171,81,32,1,2025-11-14,,
SKU01433,8401,1892,627,30,2025-08-29,,
SKU01434,397,247,72,3,2025-12-27,,
SKU01436,77,56,17,1,2025-12-27,,
SKU01437,370,212,85,4,2025-12-26,,
SKU01438,0,1033,337,17,2025-10-09,,
SKU01439,156,71,24,2,2025-12-13,,
SKU01440,81,76,26,2,2025-12-10,,
SKU01441,6621,1454,505,23,2025-09-01,,
SKU01442,94,90,25,2,2025-11-23,,
SKU01443,155,79,29,1,2025-11-14,,
SKU01444,415,204,75,4,2025-12-02,,
SKU01445,325,161,58,2,2025-12-29,,
SKU01446,143,212,61,3,2025-12-24,,
SKU01450,91,123,50,3,2025-12-06,,
SKU01451,271,161,51,3,2025-11-26,,
SKU01452,115,72,27,2,2025-12-10,,
SKU01453,355,151,65,4,2025-12-03,,
SKU01454,136,104,35,3,2025-12-26,,
SKU01455,423,382,110,5,2025-12-31,,
SKU01456,404,302,94,6,2025-12-28,,
SKU01457,5091,1193,429,21,2025-08-31,,
SKU01458,212,85,39,1,2025-12-05,,
SKU01459,337,187,60,3,2025-12-14,,
SKU01460,571,220,62,3,2025-12-28,,
SKU01461,123,139,55,2,2025-11-24,,
SKU01462,168,85,35,1,2025-11-24,,
SKU01463,151,54,27,1,2025-11-30,,
SKU01464,52,55,19,1,2025-11-28,,
SKU01465,233,128,49,2,2025-11-29,,
SKU01466,0,1683,629,25,2025-10-10,,
SKU01467,205,117,49,2,2025-12-16,,
SKU01468,490,334,125,4,2025-12-21,,
SKU01469,380,190,80,3,2025-12-09,,
SKU01470,274,134,47,2,2025-12-09,,
SKU01471,373,155,46,2,2025-11-24,,
SKU01472,611,277,104,4,2025-12-30,,
SKU01473,176,125,38,3,2025-12-25,,
SKU01476,121,43,21,1,2025-11-19,,
SKU01477,68,40,11,1,2025-12-23,,
SKU01479,330,239,80,3,2025-12-29,,
SKU01480,48,60,29,1,2025-12-13,,
SKU01481,273,239,86,4,2025-12-14,,
SKU01483,297,150,47,2,2025-12-29,,
SKU01484,6,100,41,1,2025-12-25,,
SKU01485,0,1043,378,19,2025-10-11,,
SKU01486,164,136,49,2,2025-11-27,,
SKU01487,76,47,20,1,2025-12-09,,
SKU01488,127,49,16,2,2025-12-18,,
SKU01489,56,74,16,1,2025-11-14,,
SKU01490,211,74,30,1,2025-12-18,,
SKU01491,137,81,18,1,2025-11-09,,
SKU01492,504,281,81,4,2025-12-18,,
SKU01493,185,208,64,3,2025-12-07,,
SKU01494,623,394,146,6,2025-12-28,,
SKU01495,6202,1397,473,26,2025-09-02,,
SKU01496,281,98,38,1,2025-12-09,,
SKU01498,196,124,35,2,2025-12-26,,
SKU01499,0,43,9,1,2025-12-17,,
SKU01500,102,48,21,1,2025-11-12,,
SKU01501,164,83,33,2,2025-12-07,,
SKU01502,352,148,46,2,2025-12-30,,
SKU01503,61,96,45,1,2025-11-28,,
SKU01504,22,51,20,1,2025-11-16,,
SKU01505,237,80,39,1,2025-11-30,,
SKU01506,254,248,92,3,2025-12-14,,
SKU01507,108,1518,523,24,2025-11-24,,
SKU01508,167,95,26,2,2025-12-06,,
SKU01509,168,86,25,2,2025-12-02,,
SKU01510,67,38,15,1,2025-12-06,,
SKU01512,395,234,97,4,2025-12-26,,
SKU01513,96,223,96,3,2025-12-28,,
SKU01514,509,257,91,4,2025-12-17,,
SKU01515,237,183,64,3,2025-12-14,,
SKU01516,386,247,65,4,2025-12-19,,
SKU01517,110,140,47,2,2025-12-11,,
SKU01518,575,357,103,5,2025-12-14,,
SKU01519,536,347,110,5,2025-12-23,,
SKU01520,277,231,69,4,2025-12-16,,
SKU01521,210,196,61,2,2025-12-16,,
SKU01523,254,111,36,2,2025-12-23,,
SKU01524,188,127,47,3,2025-12-28,,
SKU01525,40,27,12,1,2025-12-25,,
SKU01526,299,138,38,2,2025-11-07,,
SKU01528,105,70,31,1,2025-11-19,,
SKU01529,349,224,82,5,2025-12-11,,
SKU01530,91,53,12,1,2025-12-16,,
SKU01531,92,92,43,2,2025-12-09,,
SKU01532,28,24,7,1,2025-11-17,,
SKU01533,185,244,87,4,2025-12-12,,
SKU01534,495,172,45,2,2025-12-29,,
SKU01535,154,81,35,1,2025-12-08,,
SKU01536,257,145,51,2,2025-12-17,,
SKU01537,13,61,29,1,2025-12-06,,
SKU01538,8929,1892,660,29,2025-09-02,,
SKU01539,130,122,47,2,2025-12-17,,
SKU01540,201,108,27,2,2025-11-16,,
SKU01542,9288,1985,666,30,2025-09-01,,
SKU01543,360,248,83,4,2025-12-31,,
SKU01544,64,42,15,2,2025-12-19,,
SKU01545,409,201,72,3,2025-12-12,,
SKU01546,35,126,40,2,2025-12-27,,
SKU01547,160,1397,480,23,2025-12-08,,
SKU01548,106,131,41,2,2025-12-28,,
SKU01549,317,231,74,4,2025-12-17,,
SKU01550,394,191,51,4,2025-12-30,,
SKU01551,275,141,49,2,2025-12-20,,
SKU01552,140,184,65,2,2025-12-02,,
SKU01553,82,85,22,1,2025-12-27,,
SKU01554,443,279,109,4,2025-12-23,,
SKU01555,11,41,19,1,2025-11-01,,
SKU01557,46,69,24,1,2025-12-22,,
SKU01558,7335,1616,560,24,2025-09-02,,
SKU01560,64,33,10,1,2025-11-03,,
SKU01561,189,165,68,2,2025-12-30,,
SKU01562,81,95,23,2,2025-12-16,,
SKU01564,30,119,27,2,2025-12-30,,
SKU01565,37,52,14,1,2025-12-02,,
SKU01567,7987,1846,633,29,2025-08-24,,
SKU01568,7425,1729,551,27,2025-08-26,,
SKU01569,41,39,18,1,2025-11-13,,
SKU01570,395,202,92,3,2025-12-07,,
SKU01571,160,83,34,2,2025-12-27,,
SKU01572,199,69,14,1,2025-11-26,,
SKU01573,280,242,79,3,2025-12-07,,
SKU01575,254,226,77,4,2025-11-17,,
SKU01576,25,97,47,1,2025-12-30,,
SKU01577,35,88,24,1,2025-12-29,,
SKU01578,0,1559,560,24,2025-10-11,,
SKU01579,52,106,33,2,2025-12-17,,
SKU01580,5140,1130,429,17,2025-08-29,,
SKU01581,212,121,41,2,2025-12-30,,
SKU01582,7626,1681,583,27,2025-08-28,,
SKU01584,0,23,6,1,2025-12-10,,
SKU01585,261,135,43,2,2025-12-07,,
SKU01586,187,74,26,2,2025-12-24,,
SKU01587,266,133,42,2,2025-12-23,,
SKU01589,462,257,90,3,2025-12-20,,
SKU01590,438,399,129,6,2025-12-21,,
SKU01591,75,79,26,2,2025-12-25,,
SKU01592,6806,1434,539,24,2025-08-31,,
SKU01593,230,81,27,1,2025-11-22,,
SKU01595,510,255,93,4,2025-12-20,,
SKU01596,311,254,102,5,2025-11-30,,
SKU01597,49,34,10,1,2025-11-02,,
SKU01599,426,218,64,3,2025-12-17,,
SKU01600,273,150,52,3,2025-12-15,,
SKU01601,127,81,39,2,2025-12-09,,
SKU01602,493,304,83,4,2025-12-14,,
SKU01604,87,75,24,1,2025-11-22,,
SKU01605,7895,1861,673,30,2025-08-29,,
SKU01606,376,289,114,4,2025-12-24,,
SKU01607,113,72,27,1,2025-11-27,,
SKU01608,416,226,79,4,2025-11-27,,
SKU01609,512,269,94,3,2025-11-23,,
SKU01610,264,120,28,3,2025-11-29,,
SKU01611,376,158,41,2,2025-11-18,,
SKU01612,52,36,13,1,2025-12-23,,
SKU01613,83,161,58,4,2025-12-19,,
SKU01614,107,40,15,1,2025-12-29,,
SKU01615,5,58,25,1,2025-11-21,,
SKU01616,102,54,22,2,2025-12-21,,
SKU01617,194,264,90,3,2025-12-05,,
SKU01618,233,82,23,1,2025-12-09,,
SKU01619,315,239,73,3,2025-12-26,,
SKU01620,132,94,24,2,2025-12-09,,
SKU01621,356,227,71,3,2025-11-17,,
SKU01623,335,122,44,2,2025-12-18,,
SKU01624,335,187,62,4,2025-12-07,,
SKU01625,209,81,32,2,2025-12-26,,
SKU01626,158,96,40,2,2025-12-20,,
SKU01627,5,23,5,1,2025-12-16,,
SKU01628,179,142,48,2,2025-12-30,,
SKU01629,686,305,106,4,2025-12-14,,
SKU01630,107,112,54,2,2025-12-05,,
SKU01631,236,111,40,2,2025-12-09,,
SKU01632,199,213,79,3,2025-12-28,,
SKU01633,301,199,74,3,2025-11-13,,
SKU01634,313,129,34,2,2025-12-09,,
SKU01635,151,112,43,2,2025-12-16,,
SKU01636,77,87,23,1,2025-12-21,,
SKU01637,329,235,95,4,2025-12-28,,
SKU01638,279,111,28,2,2025-11-14,,
SKU01639,427,185,55,3,2025-12-15,,
SKU01640,81,31,10,1,2025-11-27,,
SKU01641,41,22,8,1,2025-11-20,,
SKU01642,163,185,75,3,2025-12-17,,
SKU01643,5104,1298,469,22,2025-11-07,,
SKU01644,408,212,65,4,2025-11-22,,
SKU01645,7608,1714,599,25,2025-09-01,,
SKU01646,450,274,96,3,2025-11-21,,
SKU01647,280,112,50,2,2025-12-01,,
SKU01648,198,81,28,1,2025-12-21,,
SKU01649,8969,1961,671,29,2025-09-01,,
SKU01650,525,284,103,5,2025-12-30,,
SKU01651,7395,1560,522,27,2025-08-31,,
SKU01652,47,102,42,2,2025-12-02,,
SKU01653,167,80,33,2,2025-12-12,,
SKU01655,135,76,17,1,2025-12-21,,
SKU01656,61,50,15,1,2025-12-03,,
SKU01657,282,173,53,3,2025-11-19,,
SKU01659,393,234,69,5,2025-12-31,,
SKU01660,228,163,50,2,2025-12-19,,
SKU01662,0,1174,370,19,2025-10-11,,
SKU01663,70,95,38,2,2025-12-07,,
SKU01665,186,140,55,2,2025-12-15,,
SKU01666,242,121,47,2,2025-11-28,,
SKU01667,600,257,71,3,2025-12-21,,
SKU01668,182,237,80,4,2025-12-29,,
SKU01669,225,122,41,2,2025-12-14,,
SKU01670,110,97,27,1,2025-11-19,,
SKU01671,255,219,92,4,2025-12-26,,
SKU01672,351,172,69,3,2025-12-06,,
SKU01673,85,53,19,1,2025-12-01,,
SKU01674,6655,1477,497,27,2025-08-23,,
SKU01675,7287,1688,563,29,2025-11-30,,
SKU01676,87,40,8,1,2025-11-03,,
SKU01677,189,1398,498,20,2025-12-24,,
SKU01678,7978,1793,624,27,2025-11-24,,
SKU01679,279,166,65,3,2025-11-15,,
SKU01681,76,158,54,3,2025-12-20,,
SKU01682,336,235,72,4,2025-12-05,,
SKU01683,249,85,34,1,2025-12-25,,
SKU01684,5803,1278,462,25,2025-09-02,,
SKU01685,202,1201,417,24,2025-12-16,,
SKU01686,38,41,13,1,2025-12-21,,
SKU01687,554,242,99,4,2025-12-21,,
SKU01688,17,54,16,2,2025-12-30,,
SKU01689,422,241,102,3,2025-12-22,,
SKU01690,187,112,30,2,2025-12-20,,
SKU01691,240,116,37,2,2025-11-21,,
SKU01692,82,63,19,2,2025-11-29,,
SKU01693,361,204,55,3,2025-11-29,,
SKU01694,209,81,18,1,2025-11-27,,
SKU01695,318,287,107,5,2025-12-29,,
SKU01696,8196,1848,649,30,2025-08-23,,
SKU01697,185,110,34,3,2025-12-24,,
SKU01698,83,120,29,2,2025-11-30,,
SKU01699,162,174,61,2,2025-12-26,,
SKU01700,92,63,29,1,2025-12-19,,
SKU01701,132,131,57,2,2025-12-29,,
SKU01702,202,196,81,3,2025-11-13,,
SKU01704,465,186,66,2,2025-12-15,,
SKU01705,89,94,23,1,2025-12-11,,
SKU01706,156,73,29,1,2025-12-24,,
SKU01707,71,25,12,1,2025-11-26,,
SKU01708,376,172,71,3,2025-12-24,,
SKU01710,56,22,10,1,2025-12-31,,
SKU01712,329,187,66,3,2025-12-21,,
SKU01713,168,166,42,3,2025-12-28,,
SKU01714,99,119,34,2,2025-12-15,,
SKU01715,333,186,75,2,2025-12-23,,
SKU01716,349,203,70,3,2025-12-29,,
SKU01717,5126,1161,429,20,2025-08-31,,
SKU01718,67,144,45,2,2025-12-28,,
SKU01719,287,97,33,1,2025-11-23,,
SKU01720,188,127,42,2,2025-12-20,,
SKU01721,82,87,28,1,2025-11-21,,
SKU01722,72,25,8,1,2025-11-01,,
SKU01723,254,107,38,2,2025-11-24,,
SKU01724,91,34,10,1,2025-11-17,,
SKU01725,148,147,46,3,2025-12-29,,
SKU01726,151,68,26,2,2025-12-20,,
SKU01727,132,64,19,1,2025-11-09,,
SKU01728,91,101,35,2,2025-12-16,,
SKU01729,486,227,87,4,2025-11-28,,
SKU01730,131,88,27,2,2025-11-12,,
SKU01731,102,50,24,1,2025-11-17,,
SKU01732,216,196,68,3,2025-12-23,,
SKU01733,4161,964,350,17,2025-09-01,,
SKU01734,462,221,91,4,2025-12-18,,
SKU01735,331,129,47,2,2025-12-15,,
SKU01736,6,97,39,2,2025-11-12,,
SKU01738,96,64,24,1,2025-12-14,,
SKU01739,158,99,49,1,2025-12-04,,
SKU01740,146,109,45,2,2025-12-15,,
SKU01741,220,128,58,2,2025-12-17,,
SKU01742,128,87,32,2,2025-12-22,,
SKU01743,221,84,23,1,2025-12-01,,
SKU01744,152,91,24,2,2025-12-23,,
SKU01745,183,176,69,3,2025-11-30,,
SKU01746,369,185,47,3,2025-12-30,,
SKU01747,262,144,52,2,2025-11-26,,
SKU01748,361,184,61,3,2025-12-23,,
SKU01750,115,56,17,1,2025-11-10,,
SKU01751,170,1522,500,25,2025-11-20,,
SKU01752,107,184,66,2,2025-12-25,,
SKU01753,96,40,11,1,2025-12-21,,
SKU01754,7380,1605,580,29,2025-09-01,,
SKU01755,187,98,37,1,2025-11-23,,
SKU01756,872,408,159,6,2025-12-24,,
SKU01757,226,218,69,3,2025-12-13,,
SKU01758,112,65,30,1,2025-11-06,,
SKU01759,1,31,6,1,2025-12-05,,
SKU01760,117,119,46,2,2025-12-03,,
SKU01761,67,99,40,1,2025-12-04,,
SKU01762,6160,1394,533,24,2025-08-20,,
SKU01764,322,114,47,2,2025-11-16,,
SKU01766,7282,1824,663,28,2025-09-01,,
SKU01767,109,60,12,1,2025-12-16,,
SKU01768,157,75,24,2,2025-12-05,,
SKU01769,246,107,50,2,2025-11-29,,
SKU01770,8470,1909,641,30,2025-09-02,,
SKU01771,91,90,27,2,2025-12-17,,
SKU01772,266,136,55,2,2025-12-25,,
SKU01773,39,85,37,2,2025-11-24,,
SKU01774,240,144,45,3,2025-12-17,,
SKU01775,38,1332,486,22,2025-11-12,,
SKU01776,362,152,60,2,2025-12-24,,
SKU01777,175,196,69,4,2025-12-27,,
SKU01778,201,133,45,2,2025-11-17,,
SKU01779,216,73,18,1,2025-11-25,,
SKU01781,7425,1580,555,30,2025-08-30,,
SKU01782,169,99,25,1,2025-11-18,,
SKU01783,143,115,52,2,2025-11-25,,
SKU01784,0,943,328,19,2025-10-11,,
SKU01785,87,90,20,1,2025-11-08,,
SKU01786,160,232,97,4,2025-12-19,,
SKU01788,165,88,38,2,2025-11-29,,
SKU01790,5176,1228,453,18,2025-08-30,,
SKU01791,98,131,38,2,2025-11-05,,
SKU01792,8073,1705,573,29,2025-08-20,,
SKU01793,337,296,107,4,2025-12-18,,
SKU01794,74,88,31,1,2025-11-10,,
SKU01795,14,61,23,1,2025-12-17,,
SKU01796,73,47,12,1,2025-12-24,,
SKU01797,194,92,26,2,2025-12-26,,
SKU01798,221,110,30,2,2025-12-11,,
SKU01799,41,77,27,2,2025-12-11,,
SKU01800,45,64,26,1,2025-12-15,,
SKU01801,112,83,30,2,2025-12-19,,
SKU01802,261,174,49,3,2025-12-21,,
SKU01803,7382,1759,634,29,2025-08-30,,
SKU01804,233,171,55,4,2025-12-06,,
SKU01805,8896,1896,681,27,2025-09-01,,
SKU01807,86,37,10,1,2025-12-03,,
SKU01808,399,233,94,4,2025-12-04,,
SKU01809,1,44,18,1,2025-12-15,,
SKU01810,220,175,60,2,2025-12-19,,
SKU01811,65,49,20,1,2025-12-28,,
SKU01812,63,89,41,2,2025-11-11,,
SKU01814,61,73,27,2,2025-12-09,,
SKU01815,44,91,24,2,2025-12-30,,
SKU01816,54,22,10,1,2025-12-19,,
SKU01817,436,215,58,3,2025-12-31,,
SKU01818,7039,1568,523,27,2025-09-02,,
SKU01819,245,221,90,3,2025-12-13,,
SKU01820,335,151,57,2,2025-12-30,,
SKU01821,87,61,23,1,2025-11-04,,
SKU01822,8786,1891,706,29,2025-08-28,,
SKU01823,216,139,58,2,2025-12-06,,
SKU01824,164,59,12,1,2025-12-24,,
SKU01825,187,141,48,3,2025-12-20,,
SKU01826,43,37,11,1,2025-12-18,,
SKU01827,7618,1704,582,28,2025-08-27,,
SKU01828,5492,1242,431,19,2025-12-01,,
SKU01829,145,112,52,2,2025-12-31,,
SKU01830,6825,1438,522,25,2025-08-31,,
SKU01831,2,43,12,1,2025-11-29,,
SKU01832,313,124,45,2,2025-11-17,,
SKU01833,221,118,40,3,2025-12-26,,
SKU01834,8446,1873,643,30,2025-09-02,,
SKU01835,244,165,50,3,2025-12-08,,
SKU01836,126,67,26,2,2025-12-29,,
SKU01837,120,126,44,2,2025-12-03,,
SKU01838,374,164,67,2,2025-12-17,,
SKU01839,34,67,19,1,2025-11-15,,
SKU01840,344,163,50,2,2025-12-31,,
SKU01841,356,229,101,4,2025-12-20,,
SKU01842,72,173,67,2,2025-11-02,,
SKU01844,229,207,75,3,2025-12-09,,
SKU01845,198,90,33,2,2025-12-30,,
SKU01846,290,210,59,4,2025-12-25,,
SKU01847,92,45,15,1,2025-12-23,,
SKU01848,59,98,37,1,2025-11-20,,
SKU01849,201,216,74,3,2025-12-14,,
SKU01850,41,64,13,1,2025-11-12,,
SKU01851,5036,1128,399,20,2025-08-22,,
SKU01853,27,40,17,1,2025-12-29,,
SKU01854,8415,1880,684,30,2025-09-01,,
SKU01855,26,52,16,1,2025-12-24,,
SKU01856,295,161,41,3,2025-12-30,,
SKU01857,5219,1201,439,21,2025-12-04,,
SKU01858,98,62,16,2,2025-12-08,,
SKU01859,421,213,101,3,2025-12-09,,
SKU01860,28,67,33,1,2025-11-11,,
SKU01861,417,242,103,4,2025-12-25,,
SKU01862,402,259,103,5,2025-12-29,,
SKU01863,5913,1353,501,25,2025-08-28,,
SKU01864,130,59,27,1,2025-12-09,,
SKU01865,359,225,89,4,2025-12-31,,
SKU01867,409,153,51,2,2025-12-16,,
SKU01868,274,127,55,2,2025-12-08,,
SKU01869,286,149,51,3,2025-12-28,,
SKU01870,152,94,26,1,2025-12-18,,
SKU01871,40,95,19,1,2025-11-27,,
SKU01872,157,91,36,2,2025-12-27,,
SKU01874,6606,1434,523,27,2025-09-02,,
SKU01875,370,168,73,4,2025-12-05,,
SKU01876,95,83,38,2,2025-12-02,,
SKU01877,3622,856,254,17,2025-12-08,,
SKU01878,118,153,50,2,2025-12-22,,
SKU01879,447,178,67,2,2025-12-09,,
SKU01880,7026,1522,543,26,2025-08-28,,
SKU01881,295,122,33,2,2025-12-22,,
SKU01882,130,120,30,2,2025-12-21,,
SKU01883,305,146,57,2,2025-12-23,,
SKU01884,395,243,106,3,2025-12-10,,
SKU01885,193,224,77,5,2025-12-27,,
SKU01886,96,66,22,2,2025-12-31,,
SKU01887,192,137,52,3,2025-12-28,,
SKU01888,179,248,79,4,2025-12-24,,
SKU01889,213,229,86,5,2025-12-29,,
SKU01891,562,222,74,4,2025-12-23,,
SKU01892,62,182,52,2,2025-12-07,,
SKU01893,259,165,57,3,2025-12-27,,
SKU01895,459,228,84,3,2025-12-21,,
SKU01896,151,137,64,2,2025-12-03,,
SKU01897,356,157,60,2,2025-12-29,,
SKU01898,173,138,50,2,2025-12-05,,
SKU01899,152,119,41,2,2025-12-02,,
SKU01900,701,355,128,6,2025-12-27,,
SKU01901,231,130,47,2,2025-11-27,,
SKU01902,291,191,66,4,2025-12-15,,
SKU01903,7581,1605,521,25,2025-08-22,,
SKU01904,165,85,34,2,2025-12-21,,
SKU01905,438,366,130,6,2025-12-26,,
SKU01906,5770,1241,434,22,2025-08-28,,
SKU01908,106,46,17,2,2025-12-30,,
SKU01909,83,147,45,4,2025-12-16,,
SKU01911,7733,1765,610,30,2025-08-30,,
SKU01912,92,135,47,2,2025-11-23,,
SKU01913,76,102,35,2,2025-12-30,,
SKU01914,132,95,34,1,2025-12-29,,
SKU01915,8285,1808,636,29,2025-09-01,,
SKU01916,324,160,61,2,2025-11-18,,
SKU01917,264,188,42,3,2025-12-31,,
SKU01918,166,56,17,1,2025-12-17,,
SKU01919,7323,1694,620,27,2025-08-22,,
SKU01920,207,195,61,3,2025-12-18,,
SKU01921,158,109,41,3,2025-12-10,,
SKU01922,62,26,10,1,2025-11-18,,
SKU01923,619,376,120,4,2025-12-30,,
SKU01924,68,26,8,1,2025-11-23,,
SKU01925,25,106,31,3,2025-12-25,,
SKU01927,21,22,9,1,2025-11-17,,
SKU01928,155,174,72,2,2025-12-04,,
SKU01930,117,181,67,3,2025-12-28,,
SKU01931,110,78,22,2,2025-12-02,,
SKU01932,98,36,11,1,2025-11-05,,
SKU01933,104,152,52,2,2025-11-05,,
SKU01934,434,228,92,3,2025-12-12,,
SKU01935,19,40,15,1,2025-11-04,,
SKU01936,101,79,16,1,2025-12-20,,
SKU01937,239,105,32,2,2025-12-31,,
SKU01938,160,111,41,2,2025-12-21,,
SKU01939,6142,1463,501,23,2025-09-02,,
SKU01940,308,116,39,2,2025-11-28,,
SKU01941,98,36,8,1,2025-12-13,,
SKU01942,208,147,43,3,2025-12-25,,
SKU01943,150,197,67,4,2025-12-25,,
SKU01944,455,191,75,3,2025-12-13,,
SKU01945,306,242,96,4,2025-12-24,,
SKU01946,146,62,27,1,2025-11-12,,
SKU01947,248,126,36,2,2025-12-11,,
SKU01948,148,99,40,2,2025-11-29,,
SKU01949,652,359,114,5,2025-12-01,,
SKU01950,480,259,100,4,2025-12-25,,
SKU01951,112,122,49,2,2025-12-27,,
SKU01952,80,67,23,1,2025-11-06,,
SKU01953,288,149,65,2,2025-12-14,,
SKU01954,102,65,19,1,2025-11-06,,
SKU01955,518,353,111,5,2025-12-31,,
SKU01956,148,64,28,1,2025-12-01,,
SKU01958,67,65,32,1,2025-11-03,,
SKU01960,127,85,29,1,2025-12-19,,
SKU01962,403,287,110,4,2025-12-22,,
SKU01963,295,182,78,2,2025-12-23,,
SKU01964,125,67,23,1,2025-11-26,,
SKU01965,18,83,20,1,2025-11-13,,
SKU01966,158,88,25,1,2025-12-31,,
SKU01967,280,166,61,2,2025-12-16,,
SKU01968,155,159,42,3,2025-12-23,,
SKU01969,195,73,22,1,2025-12-13,,
SKU01970,7867,1773,597,29,2025-09-02,,
SKU01971,7611,1803,583,29,2025-08-14,,
SKU01972,183,66,26,1,2025-12-12,,
SKU01974,135,108,35,3,2025-11-21,,
SKU01975,51,26,12,1,2025-12-18,,
SKU01976,220,246,104,3,2025-11-29,,
SKU01977,319,212,67,3,2025-12-27,,
SKU01978,180,70,15,1,2025-11-15,,
SKU01979,75,48,24,1,2025-12-19,,
SKU01981,8785,1842,608,29,2025-08-25,,
SKU01982,236,123,32,2,2025-12-22,,
SKU01983,192,78,22,1,2025-12-24,,
SKU01984,163,118,46,2,2025-12-20,,
SKU01986,4464,1032,412,18,2025-11-03,,
SKU01987,11,23,6,1,2025-12-14,,
SKU01988,44,1077,384,19,2025-12-09,,
SKU01989,421,183,64,4,2025-12-03,,
SKU01990,44,35,15,1,2025-11-18,,
SKU01991,133,144,48,3,2025-12-16,,
SKU01992,75,45,22,1,2025-12-06,,
SKU01993,0,847,298,16,2025-10-11,,
SKU01994,374,184,53,3,2025-12-19,,
SKU01995,216,81,19,2,2025-12-16,,
SKU01996,68,158,74,2,2025-12-30,,
SKU01997,243,94,43,2,2025-12-13,,
SKU01999,69,40,20,1,2025-11-23,,
SKU02000,325,214,81,3,2025-12-07,,
SKU02001,293,124,27,2,2025-11-17,,
SKU02002,76,32,15,1,2025-11-22,,
SKU02004,82,42,14,1,2025-11-29,,
SKU02005,66,47,13,1,2025-12-04,,
SKU02007,409,218,92,3,2025-12-29,,
SKU02009,77,187,87,2,2025-12-01,,
SKU02010,441,244,98,4,2025-12-24,,
SKU02011,280,137,47,2,2025-11-18,,
SKU02012,138,93,21,1,2025-12-25,,
SKU02013,123,125,55,2,2025-12-23,,
SKU02014,8389,1833,625,29,2025-09-02,,
SKU02015,228,226,79,4,2025-12-24,,
SKU02016,127,286,114,5,2025-12-18,,
SKU02017,263,98,37,1,2025-12-03,,
SKU02018,318,126,54,2,2025-11-29,,
SKU02019,17,22,7,1,2025-12-25,,
SKU02020,163,84,36,2,2025-12-15,,
SKU02021,122,138,50,2,2025-11-27,,
SKU02022,82,125,50,2,2025-12-13,,
SKU02023,84,33,12,1,2025-11-04,,
SKU02024,147,99,26,1,2025-12-27,,
SKU02025,255,173,52,3,2025-12-17,,
SKU02026,26,35,8,1,2025-12-13,,
SKU02027,26,67,17,1,2025-11-11,,
SKU02028,211,114,31,2,2025-12-07,,
SKU02029,418,191,64,5,2025-12-27,,
SKU02030,222,187,66,2,2025-12-30,,
SKU02031,76,124,40,3,2025-12-04,,
SKU02032,290,98,35,1,2025-11-15,,
SKU02033,46,87,36,1,2025-11-22,,
SKU02034,84,78,31,2,2025-12-03,,
SKU02035,106,46,13,1,2025-11-29,,
SKU02037,143,133,49,3,2025-12-30,,
SKU02038,6590,1573,504,27,2025-11-14,,
SKU02039,173,112,42,2,2025-12-02,,
SKU02040,99,214,87,3,2025-11-14,,
SKU02042,252,162,62,3,2025-12-31,,
SKU02044,199,140,51,2,2025-12-04,,
SKU02045,76,26,11,1,2025-11-12,,
SKU02046,0,1452,470,24,2025-10-07,,
SKU02047,362,177,64,2,2025-12-15,,
SKU02048,400,250,99,4,2025-12-31,,
SKU02050,90,177,59,2,2025-12-02,,
SKU02051,103,221,77,3,2025-12-30,,
SKU02052,296,158,53,3,2025-12-06,,
SKU02053,138,62,23,2,2025-11-11,,
SKU02054,126,80,26,2,2025-12-08,,
SKU02055,5853,1345,478,24,2025-11-16,,
SKU02056,105,41,13,1,2025-12-08,,
SKU02057,7224,1559,595,26,2025-08-30,,
SKU02058,166,92,26,1,2025-11-24,,
SKU02061,62,26,10,1,2025-11-26,,
SKU02062,63,39,9,1,2025-12-15,,
SKU02063,382,225,69,3,2025-12-19,,
SKU02064,7611,1708,598,30,2025-08-31,,
SKU02065,326,249,81,4,2025-12-22,,
SKU02067,155,193,46,4,2025-12-08,,
SKU02068,53,1048,398,19,2025-12-21,,
SKU02070,4564,1016,339,19,2025-08-27,,
SKU02071,365,285,129,4,2025-12-05,,
SKU02072,236,94,31,1,2025-12-22,,
SKU02073,4,82,34,1,2025-11-18,,
SKU02074,82,62,19,1,2025-11-19,,
SKU02075,4557,1040,366,18,2025-12-08,,
SKU02076,30,51,19,1,2025-11-03,,
SKU02077,4,31,13,1,2025-11-05,,
SKU02078,228,98,29,1,2025-12-03,,
SKU02079,1,1234,457,21,2025-12-14,,
SKU02080,163,114,27,3,2025-12-04,,
SKU02081,92,86,34,2,2025-12-29,,
SKU02082,73,97,34,2,2025-12-29,,
SKU02083,89,119,33,2,2025-12-18,,
SKU02084,239,126,34,2,2025-11-08,,
SKU02085,427,175,54,4,2025-11-29,,
SKU02087,159,170,67,2,2025-11-17,,
SKU02088,43,1288,460,19,2025-12-24,,
SKU02089,163,93,30,2,2025-11-25,,
SKU02090,712,361,113,5,2025-12-09,,
SKU02091,557,288,99,4,2025-12-14,,
SKU02092,380,173,55,2,2025-11-14,,
SKU02093,267,108,28,2,2025-12-22,,
SKU02094,4523,1048,360,19,2025-12-05,,
SKU02095,235,87,29,1,2025-11-06,,
SKU02096,61,135,62,2,2025-11-12,,
SKU02097,57,73,30,2,2025-12-29,,
SKU02099,388,238,86,4,2025-12-24,,
SKU02100,469,199,64,4,2025-12-31,,
SKU02101,70,84,31,1,2025-12-01,,
SKU02103,6650,1512,568,26,2025-12-15,,
SKU02104,7332,1727,595,27,2025-09-01,,
SKU02105,218,178,62,3,2025-12-24,,
SKU02106,44,81,27,3,2025-12-21,,
SKU02107,345,264,85,5,2025-12-31,,
SKU02108,115,52,20,1,2025-12-08,,
SKU02109,49,204,84,3,2025-12-28,,
SKU02110,297,157,61,4,2025-12-30,,
SKU02111,35,62,16,1,2025-11-18,,
SKU02112,8479,1789,579,30,2025-08-29,,
SKU02113,175,98,45,1,2025-12-21,,
SKU02114,6008,1508,523,26,2025-11-02,,
SKU02115,713,273,95,4,2025-12-29,,
SKU02116,265,172,55,3,2025-11-10,,
SKU02117,81,100,46,1,2025-11-15,,
SKU02118,1,33,10,1,2025-11-16,,
SKU02119,43,42,16,1,2025-12-10,,
SKU02120,151,258,72,3,2025-12-04,,
SKU02121,50,160,64,2,2025-11-11,,
SKU02122,132,136,59,3,2025-12-07,,
SKU02123,265,159,70,2,2025-12-18,,
SKU02124,126,57,12,1,2025-11-08,,
SKU02125,109,48,17,1,2025-11-27,,
SKU02126,69,52,22,1,2025-11-26,,
SKU02127,2,59,14,1,2025-12-30,,
SKU02128,4607,1056,339,21,2025-08-31,,
SKU02129,8538,1929,655,30,2025-09-02,,
SKU02130,160,225,74,3,2025-11-21,,
SKU02131,173,84,31,1,2025-11-19,,
SKU02132,146,187,69,3,2025-12-10,,
SKU02133,56,41,13,1,2025-12-05,,
SKU02134,116,60,17,1,2025-12-23,,
SKU02135,144,79,17,1,2025-11-02,,
SKU02136,160,185,49,3,2025-12-19,,
SKU02137,179,69,34,1,2025-11-30,,
SKU02138,175,131,51,2,2025-12-25,,
SKU02139,207,89,27,1,2025-11-10,,
SKU02140,94,58,19,1,2025-11-23,,
SKU02141,208,1143,415,20,2025-12-10,,
SKU02142,5450,1278,462,22,2025-12-29,,
SKU02143,191,182,76,3,2025-12-29,,
SKU02144,83,36,13,1,2025-11-28,,
SKU02145,381,287,85,5,2025-12-29,,
SKU02146,13,67,29,1,2025-12-15,,
SKU02147,99,91,25,2,2025-11-26,,
SKU02148,301,169,63,3,2025-11-24,,
SKU02149,250,194,78,3,2025-12-12,,
SKU02150,23,26,8,1,2025-11-23,,
SKU02151,219,232,76,3,2025-12-12,,
SKU02152,88,88,32,1,2025-12-22,,
SKU02153,351,159,47,2,2025-12-20,,
SKU02154,481,330,111,4,2025-12-24,,
SKU02155,0,1050,373,20,2025-10-10,,
SKU02156,490,352,99,6,2025-12-28,,
SKU02157,78,47,21,1,2025-12-12,,
SKU02159,86,42,14,1,2025-11-13,,
SKU02160,137,47,14,1,2025-11-01,,
SKU02161,206,69,17,1,2025-11-08,,
SKU02162,46,56,22,1,2025-12-01,,
SKU02163,282,96,38,1,2025-11-05,,
SKU02164,7824,1809,632,30,2025-09-01,,
SKU02166,160,174,44,3,2025-12-17,,
SKU02167,202,98,31,2,2025-12-29,,
SKU02168,183,80,17,1,2025-12-13,,
SKU02169,634,311,118,6,2025-12-31,,
SKU02171,357,199,69,3,2025-12-22,,
SKU02172,4924,1047,334,19,2025-08-26,,
SKU02173,216,94,35,1,2025-12-17,,
SKU02175,88,120,46,2,2025-12-17,,
SKU02176,0,1253,432,23,2025-10-12,,
SKU02177,163,70,25,1,2025-11-17,,
SKU02178,64,54,14,1,2025-12-12,,
SKU02179,487,298,98,4,2025-12-20,,
SKU02180,232,223,77,4,2025-12-18,,
SKU02182,80,56,21,1,2025-12-25,,
SKU02183,134,104,39,2,2025-12-02,,
SKU02184,231,164,66,3,2025-12-23,,
SKU02185,102,73,21,1,2025-11-11,,
SKU02186,92,54,18,1,2025-11-08,,
SKU02187,126,80,34,1,2025-11-26,,
SKU02188,67,46,16,1,2025-12-10,,
SKU02189,137,119,39,2,2025-12-03,,
SKU02190,156,84,26,1,2025-11-16,,
SKU02191,274,124,40,2,2025-12-18,,
SKU02192,405,202,88,4,2025-12-11,,
SKU02193,125,57,22,1,2025-12-05,,
SKU02194,5994,1375,483,26,2025-08-26,,
SKU02195,382,272,87,4,2025-12-29,,
SKU02196,200,112,40,2,2025-12-26,,
SKU02197,269,210,78,4,2025-11-14,,
SKU02198,26,132,47,3,2025-12-30,,
SKU02199,288,183,76,3,2025-12-06,,
SKU02200,114,72,15,1,2025-11-30,,
SKU02201,364,171,53,3,2025-12-31,,
SKU02202,16,38,8,1,2025-12-06,,
SKU02203,98,138,47,3,2025-12-20,,
SKU02204,219,156,60,4,2025-12-21,,
SKU02205,7142,1700,529,30,2025-08-24,,
SKU02206,91,109,34,2,2025-12-12,,
SKU02207,215,150,68,3,2025-12-07,,
SKU02208,358,153,43,2,2025-12-16,,
SKU02209,7739,1665,570,28,2025-08-26,,
SKU02210,255,125,44,2,2025-11-15,,
SKU02211,7710,1721,526,28,2025-09-01,,
SKU02213,321,206,89,3,2025-12-18,,
SKU02214,86,128,44,2,2025-12-19,,
SKU02216,150,158,47,2,2025-12-19,,
SKU02217,7415,1726,603,30,2025-08-30,,
SKU02218,11,73,26,1,2025-11-15,,
SKU02219,64,115,47,3,2025-11-23,,
SKU02220,279,328,96,5,2025-12-25,,
SKU02221,7194,1497,553,26,2025-08-31,,
SKU02222,66,146,55,3,2025-12-29,,
SKU02223,4181,994,343,16,2025-11-01,,
SKU02224,4419,921,330,17,2025-08-20,,
SKU02226,17,25,6,1,2025-11-02,,
SKU02227,247,261,102,4,2025-12-14,,
SKU02228,310,235,74,3,2025-11-27,,
SKU02229,300,259,97,4,2025-12-22,,
SKU02230,127,171,53,3,2025-12-22,,
SKU02234,518,298,82,4,2025-12-17,,
SKU02235,114,104,46,2,2025-12-14,,
SKU02236,44,26,7,1,2025-12-14,,
SKU02237,28,26,6,1,2025-12-08,,
SKU02238,207,279,93,5,2025-12-07,,
SKU02239,250,117,33,2,2025-11-20,,
SKU02240,145,120,44,3,2025-12-30,,
SKU02241,224,86,34,2,2025-12-29,,
SKU02242,163,212,85,3,2025-12-28,,
SKU02243,155,197,77,3,2025-12-20,,
SKU02244,165,172,80,3,2025-12-15,,
SKU02245,286,326,85,5,2025-12-21,,
SKU02246,238,85,40,2,2025-11-13,,
SKU02247,0,1270,412,23,2025-10-12,,
SKU02248,7947,1716,578,28,2025-08-26,,
SKU02249,59,27,10,1,2025-11-25,,
SKU02250,23,72,33,1,2025-12-15,,
SKU02252,93,94,38,2,2025-11-23,,
SKU02253,9056,1946,645,30,2025-08-28,,
SKU02254,104,72,30,1,2025-12-20,,
SKU02255,4765,1029,358,18,2025-08-25,,
SKU02257,310,170,46,3,2025-12-31,,
SKU02258,120,136,42,2,2025-12-19,,
SKU02259,148,97,43,1,2025-12-18,,
SKU02261,168,65,26,2,2025-12-09,,
SKU02262,255,144,57,2,2025-11-19,,
SKU02263,56,20,5,1,2025-12-24,,
SKU02264,154,154,54,2,2025-12-10,,
SKU02265,143,163,62,3,2025-12-31,,
SKU02267,8084,1829,647,29,2025-09-02,,
SKU02268,291,1561,572,25,2025-11-14,,
SKU02269,451,294,92,4,2025-12-14,,
SKU02270,297,233,93,4,2025-12-15,,
SKU02271,459,336,105,6,2025-12-27,,
SKU02272,71,27,10,1,2025-12-04,,
SKU02273,396,185,55,4,2025-12-10,,
SKU02274,109,90,39,1,2025-11-01,,
SKU02275,121,45,14,1,2025-12-01,,
SKU02276,20,27,8,1,2025-12-26,,
SKU02277,8463,1866,649,28,2025-12-14,,
SKU02278,96,63,26,1,2025-12-26,,
SKU02279,7649,1794,643,26,2025-12-24,,
SKU02280,130,63,31,1,2025-11-21,,
SKU02282,123,81,39,2,2025-11-27,,
SKU02283,629,335,106,5,2025-12-09,,
SKU02284,427,201,62,3,2025-12-18,,
SKU02286,39,23,5,1,2025-11-27,,
SKU02287,338,227,63,4,2025-12-14,,
SKU02288,277,141,50,3,2025-12-30,,
SKU02289,121,260,107,4,2025-12-20,,
SKU02290,4108,909,267,16,2025-12-12,,
SKU02292,152,89,24,2,2025-12-31,,
SKU02293,281,147,66,2,2025-12-28,,
SKU02295,412,293,93,4,2025-11-26,,
SKU02296,299,148,56,3,2025-12-08,,
SKU02297,97,101,35,3,2025-11-09,,
SKU02298,438,266,101,4,2025-12-29,,
SKU02299,164,147,61,4,2025-12-26,,
SKU02300,147,81,21,2,2025-12-13,,
SKU02301,155,120,42,2,2025-12-11,,
SKU02302,8624,1810,691,28,2025-08-18,,
SKU02303,132,65,22,2,2025-12-05,,
SKU02304,398,173,71,2,2025-12-16,,
SKU02305,262,134,46,3,2025-12-29,,
SKU02307,270,211,88,3,2025-12-26,,
SKU02308,435,190,89,2,2025-12-29,,
SKU02309,67,96,35,2,2025-12-04,,
SKU02310,1,72,36,1,2025-12-02,,
SKU02311,675,376,120,5,2025-12-25,,
SKU02312,529,346,126,6,2025-12-30,,
SKU02313,309,228,78,3,2025-12-07,,
SKU02314,32,79,28,1,2025-12-14,,
SKU02315,291,138,39,2,2025-12-14,,
SKU02316,96,67,18,1,2025-12-01,,
SKU02317,266,153,50,3,2025-11-30,,
SKU02318,109,128,49,2,2025-11-13,,
SKU02319,247,141,39,2,2025-12-27,,
SKU02320,165,65,22,1,2025-12-04,,
SKU02321,205,71,35,1,2025-11-26,,
SKU02323,273,112,47,2,2025-11-28,,
SKU02324,28,115,53,2,2025-12-30,,
SKU02325,213,90,39,1,2025-11-19,,
SKU02326,126,228,84,3,2025-12-03,,
SKU02327,167,125,48,2,2025-12-07,,
SKU02328,27,87,33,2,2025-12-31,,
SKU02329,6795,1521,505,24,2025-12-20,,
SKU02330,396,255,111,4,2025-12-10,,
SKU02331,5491,1269,451,19,2025-08-26,,
SKU02332,158,117,48,3,2025-12-17,,
SKU02333,0,1058,350,16,2025-10-06,,
SKU02334,295,161,52,3,2025-12-29,,
SKU02336,123,183,62,3,2025-12-15,,
SKU02337,200,159,72,3,2025-12-02,,
SKU02339,71,41,20,1,2025-12-10,,
SKU02340,0,1371,451,21,2025-10-12,,
SKU02341,290,107,51,2,2025-11-15,,
SKU02342,137,129,42,2,2025-12-30,,
SKU02343,242,197,81,3,2025-12-14,,
SKU02344,71,80,24,2,2025-12-31,,
SKU02345,312,169,78,2,2025-11-26,,
SKU02346,203,91,36,1,2025-12-10,,
SKU02347,15,42,10,1,2025-12-05,,
SKU02348,3,22,10,1,2025-12-15,,
SKU02349,477,324,123,4,2025-12-21,,
SKU02350,304,125,33,2,2025-12-18,,
SKU02351,7177,1579,534,28,2025-09-02,,
SKU02352,218,114,28,2,2025-11-18,,
SKU02353,239,145,34,2,2025-12-30,,
SKU02354,174,71,23,1,2025-12-13,,
SKU02355,92,1399,509,24,2025-12-19,,
SKU02356,345,162,64,2,2025-11-19,,
SKU02357,451,276,110,5,2025-12-24,,
SKU02358,363,171,59,2,2025-12-09,,
SKU02359,266,100,21,1,2025-12-31,,
SKU02360,284,142,54,2,2025-12-19,,
SKU02361,204,133,42,2,2025-12-11,,
SKU02362,462,249,85,3,2025-12-27,,
SKU02363,242,140,45,2,2025-11-23,,
SKU02364,68,110,35,3,2025-11-26,,
SKU02365,4899,1212,402,18,2025-12-11,,
SKU02367,311,189,68,3,2025-11-29,,
SKU02368,1,1231,384,20,2025-11-06,,
SKU02369,39,31,15,1,2025-12-21,,
SKU02370,32,153,37,2,2025-12-24,,
SKU02371,132,109,43,2,2025-11-21,,
SKU02373,79,87,26,2,2025-12-30,,
SKU02374,227,132,51,2,2025-12-01,,
SKU02375,5481,1217,426,20,2025-11-24,,
SKU02376,8357,1881,633,28,2025-08-25,,
SKU02377,270,190,61,3,2025-12-29,,
SKU02378,115,175,52,2,2025-12-28,,
SKU02379,261,196,75,2,2025-12-18,,
SKU02380,365,191,48,3,2025-12-20,,
SKU02381,0,1397,489,26,2025-10-07,,
SKU02382,249,147,48,3,2025-11-22,,
SKU02383,173,68,26,1,2025-11-25,,
SKU02384,74,30,11,1,2025-11-20,,
SKU02385,72,72,27,2,2025-12-26,,
SKU02386,7152,1699,640,28,2025-12-19,,
SKU02387,7239,1716,617,30,2025-08-27,,
SKU02388,114,85,34,2,2025-11-13,,
SKU02389,241,201,65,3,2025-12-27,,
SKU02390,103,56,17,1,2025-12-29,,
SKU02391,137,75,30,1,2025-11-19,,
SKU02392,125,69,31,1,2025-12-03,,
SKU02393,152,102,31,2,2025-12-07,,
SKU02394,192,196,74,3,2025-12-18,,
SKU02395,121,65,24,1,2025-11-23,,
SKU02396,157,128,37,2,2025-11-15,,
SKU02397,355,155,51,3,2025-12-30,,
SKU02398,135,84,19,2,2025-11-23,,
SKU02399,226,119,44,2,2025-11-29,,
SKU02401,0,1009,378,17,2025-10-12,,
SKU02402,466,186,79,4,2025-12-31,,
SKU02403,221,111,32,2,2025-12-10,,
SKU02404,219,177,52,3,2025-11-24,,
SKU02406,456,275,97,5,2025-12-19,,
SKU02407,137,200,83,3,2025-12-05,,
SKU02408,6797,1441,486,25,2025-09-01,,
SKU02409,26,94,38,1,2025-12-07,,
SKU02410,711,332,104,4,2025-12-29,,
SKU02412,158,92,34,2,2025-12-18,,
SKU02413,475,249,71,3,2025-11-29,,
SKU02414,31,53,14,1,2025-11-28,,
SKU02416,187,140,52,3,2025-11-15,,
SKU02417,169,100,34,1,2025-12-10,,
SKU02418,66,92,38,2,2025-12-30,,
SKU02419,29,29,6,1,2025-11-18,,
SKU02420,105,53,19,2,2025-12-27,,
SKU02421,7163,1630,616,29,2025-08-30,,
SKU02422,151,55,27,1,2025-11-18,,
SKU02423,382,223,72,3,2025-12-29,,
SKU02424,326,187,51,2,2025-12-09,,
SKU02425,5066,1145,409,19,2025-09-02,,
SKU02426,139,79,39,1,2025-11-28,,
SKU02427,419,433,139,7,2025-12-27,,
SKU02428,335,241,89,4,2025-12-26,,
SKU02429,78,91,39,1,2025-12-05,,
SKU02431,121,45,21,1,2025-11-21,,
SKU02432,89,90,37,2,2025-12-23,,
SKU02433,191,306,114,5,2025-11-26,,
SKU02434,203,100,39,2,2025-12-31,,
SKU02435,118,51,17,2,2025-12-08,,
SKU02436,5607,1284,413,24,2025-09-01,,
SKU02437,165,63,16,1,2025-12-14,,
SKU02438,389,169,67,3,2025-12-31,,
SKU02439,354,184,73,4,2025-12-29,,
SKU02440,391,149,67,2,2025-12-18,,
SKU02441,112,45,15,1,2025-11-03,,
SKU02442,307,282,99,6,2025-12-25,,
SKU02444,105,192,62,2,2025-12-31,,
SKU02445,184,64,25,1,2025-11-14,,
SKU02446,7425,1645,566,27,2025-09-02,,
SKU02447,188,96,39,1,2025-12-05,,
SKU02448,627,322,107,4,2025-12-29,,
SKU02449,147,1486,499,24,2025-12-29,,
SKU02450,511,234,100,3,2025-12-25,,
SKU02451,218,80,18,1,2025-11-23,,
SKU02452,259,182,60,3,2025-12-31,,
SKU02453,12,22,6,1,2025-11-08,,
SKU02454,185,193,52,3,2025-12-29,,
SKU02455,480,208,82,4,2025-12-27,,
SKU02456,305,132,49,2,2025-11-25,,
SKU02457,210,194,62,3,2025-12-20,,
SKU02458,113,89,36,1,2025-11-05,,
SKU02459,218,88,36,1,2025-11-09,,
SKU02461,38,24,10,1,2025-11-01,,
SKU02462,5,1272,407,23,2025-11-29,,
SKU02463,7161,1566,517,25,2025-09-01,,
SKU02464,85,29,6,1,2025-12-02,,
SKU02465,197,199,70,3,2025-12-16,,
SKU02466,127,56,14,1,2025-11-19,,
SKU02467,191,154,50,2,2025-12-26,,
SKU02469,263,189,65,3,2025-12-29,,
SKU02470,101,72,27,1,2025-12-07,,
SKU02471,7930,1691,572,28,2025-08-31,,
SKU02472,7588,1803,626,30,2025-09-01,,
SKU02473,246,227,100,4,2025-12-31,,
SKU02475,234,195,87,3,2025-12-27,,
SKU02476,197,128,53,2,2025-12-23,,
SKU02477,33,43,19,1,2025-12-20,,
SKU02478,146,122,43,2,2025-12-26,,
SKU02479,29,100,27,1,2025-11-17,,
SKU02481,294,249,78,4,2025-12-28,,
SKU02482,0,1188,417,20,2025-10-11,,
SKU02483,247,130,46,3,2025-12-22,,
SKU02484,167,1588,576,25,2025-11-23,,
SKU02485,89,145,64,3,2025-12-29,,
SKU02486,15,172,79,3,2025-12-06,,
SKU02487,181,217,68,3,2025-12-21,,
SKU02488,351,331,114,5,2025-12-26,,
SKU02491,21,26,5,1,2025-11-29,,
SKU02492,162,166,46,2,2025-11-24,,
SKU02493,696,378,141,6,2025-12-31,,
SKU02494,440,234,91,4,2025-11-27,,
SKU02496,196,124,48,2,2025-11-20,,
SKU02497,139,84,19,2,2025-11-22,,
SKU02498,138,67,16,1,2025-11-25,,
SKU02500,8585,1935,641,30,2025-09-01,,
SKU02501,5819,1276,468,23,2025-08-30,,
SKU02502,486,370,126,5,2025-12-14,,
SKU02503,0,1050,370,22,2025-10-10,,
SKU02504,215,137,40,2,2025-12-03,,
SKU02506,24,91,40,2,2025-12-03,,
SKU02507,64,40,15,1,2025-12-14,,
SKU02508,620,348,109,4,2025-11-30,,
SKU02509,187,154,46,2,2025-12-31,,
SKU02510,349,148,56,3,2025-12-22,,
SKU02511,361,164,61,2,2025-12-06,,
SKU02512,368,228,88,4,2025-12-29,,
SKU02513,439,291,88,4,2025-12-29,,
SKU02514,8910,1970,650,30,2025-08-29,,
SKU02515,162,106,36,3,2025-11-15,,
SKU02516,271,207,71,3,2025-12-29,,
SKU02517,265,94,45,1,2025-11-03,,
SKU02518,11,26,7,1,2025-12-23,,
SKU02519,6960,1557,551,25,2025-08-30,,
SKU02520,7911,1719,551,27,2025-09-02,,
SKU02521,84,34,8,1,2025-11-01,,
SKU02522,352,155,46,3,2025-12-28,,
SKU02523,464,306,86,4,2025-12-08,,
SKU02524,116,58,25,1,2025-12-05,,
SKU02525,41,47,22,1,2025-11-05,,
SKU02526,35,1311,471,24,2025-11-23,,
SKU02527,136,140,49,2,2025-11-21,,
SKU02528,67,132,39,2,2025-11-03,,
SKU02529,248,198,65,3,2025-12-31,,
SKU02530,206,177,71,2,2025-12-07,,
SKU02531,0,1600,600,24,2025-10-12,,
SKU02532,144,1327,474,20,2025-12-16,,
SKU02533,5868,1304,427,25,2025-08-21,,
SKU02534,6802,1561,524,25,2025-08-26,,
SKU02535,249,187,71,3,2025-12-30,,
SKU02536,88,79,18,1,2025-12-05,,
SKU02537,142,176,80,3,2025-12-27,,
SKU02538,73,1425,471,21,2025-12-20,,
SKU02539,263,140,54,2,2025-11-09,,
SKU02540,20,41,14,1,2025-11-16,,
SKU02541,8329,1893,699,29,2025-08-31,,
SKU02542,214,220,66,3,2025-11-22,,
SKU02543,0,1225,460,22,2025-10-12,,
SKU02544,339,246,86,3,2025-12-20,,
SKU02546,7365,1553,555,22,2025-09-02,,
SKU02549,262,145,50,2,2025-12-12,,
SKU02550,86,75,23,1,2025-12-18,,
SKU02551,129,119,51,2,2025-12-06,,
SKU02552,301,183,62,3,2025-12-28,,
SKU02553,14,25,8,1,2025-12-16,,
SKU02554,267,188,66,3,2025-12-30,,
SKU02555,236,123,51,2,2025-12-28,,
SKU02556,315,190,51,3,2025-11-26,,
SKU02557,149,107,33,2,2025-12-13,,
SKU02558,6447,1492,495,27,2025-12-30,,
SKU02559,27,77,27,1,2025-12-12,,
SKU02560,100,75,29,1,2025-11-25,,
SKU02561,231,114,29,3,2025-12-30,,
SKU02562,109,129,45,2,2025-12-29,,
SKU02563,6,112,42,2,2025-11-26,,
SKU02564,400,167,61,3,2025-12-23,,
SKU02565,183,63,31,1,2025-12-08,,
SKU02566,8296,1780,558,28,2025-09-02,,
SKU02567,7209,1726,619,29,2025-08-25,,
SKU02568,38,30,11,1,2025-11-29,,
SKU02570,8864,1943,670,30,2025-09-02,,
SKU02572,334,125,41,2,2025-12-27,,
SKU02573,270,209,63,3,2025-12-11,,
SKU02574,82,61,22,1,2025-12-31,,
SKU02575,315,179,45,3,2025-12-26,,
SKU02576,5540,1256,426,23,2025-08-31,,
SKU02577,191,154,65,3,2025-12-28,,
SKU02578,466,215,68,4,2025-11-28,,
SKU02579,17,63,14,1,2025-12-21,,
SKU02580,7696,1752,634,28,2025-11-02,,
SKU02581,73,41,17,1,2025-11-16,,
SKU02582,155,134,56,2,2025-12-27,,
SKU02584,7327,1581,516,29,2025-08-25,,
SKU02585,186,107,36,2,2025-12-31,,
SKU02586,211,129,45,2,2025-11-05,,
SKU02587,158,92,20,1,2025-12-27,,
SKU02590,6176,1384,507,22,2025-08-13,,
SKU02591,46,74,25,2,2025-12-18,,
SKU02592,30,38,9,1,2025-12-02,,
SKU02593,237,195,75,4,2025-12-30,,
SKU02594,80,67,27,2,2025-12-16,,
SKU02595,84,61,17,1,2025-12-23,,
SKU02596,68,99,40,2,2025-12-28,,
SKU02597,175,99,35,3,2025-12-23,,
SKU02598,43,174,66,2,2025-12-20,,
SKU02599,20,33,13,1,2025-12-16,,
SKU02600,212,233,93,4,2025-12-10,,
SKU02601,226,76,22,1,2025-12-05,,
SKU02602,0,32,11,1,2025-11-12,,
SKU02603,522,280,77,4,2025-12-31,,
SKU02604,49,36,11,1,2025-12-28,,
SKU02605,351,145,35,2,2025-11-24,,
SKU02606,300,195,85,5,2025-12-14,,
SKU02608,289,137,57,2,2025-12-20,,
SKU02609,206,129,41,2,2025-12-05,,
SKU02610,50,43,21,1,2025-12-15,,
SKU02611,45,58,18,2,2025-12-13,,
SKU02612,123,122,38,2,2025-12-13,,
SKU02613,192,108,29,2,2025-12-23,,
SKU02614,0,1043,370,19,2025-10-11,,
SKU02615,410,222,80,3,2025-12-26,,
SKU02616,154,113,38,2,2025-11-25,,
SKU02617,141,57,19,1,2025-12-07,,
SKU02618,300,146,53,2,2025-12-29,,
SKU02619,293,228,88,4,2025-12-27,,
SKU02620,197,109,30,2,2025-12-16,,
SKU02621,181,85,25,1,2025-12-07,,
SKU02622,39,90,42,2,2025-12-31,,
SKU02623,146,134,41,2,2025-12-26,,
SKU02624,125,73,16,1,2025-11-17,,
SKU02625,268,211,86,3,2025-11-10,,
SKU02626,5154,1055,351,20,2025-12-13,,
SKU02629,265,182,67,2,2025-11-19,,
SKU02630,4668,1091,378,18,2025-12-03,,
SKU02631,199,172,72,3,2025-12-24,,
SKU02632,404,162,49,3,2025-12-12,,
SKU02633,169,95,32,2,2025-12-22,,
SKU02634,121,172,68,3,2025-12-03,,
SKU02635,386,236,94,3,2025-12-17,,
SKU02636,151,133,54,3,2025-11-26,,
SKU02637,509,243,102,4,2025-12-30,,
SKU02638,385,262,103,4,2025-12-05,,
SKU02639,7559,1706,595,29,2025-08-31,,
SKU02640,0,1230,463,22,2025-10-06,,
SKU02641,728,344,133,5,2025-12-26,,
SKU02642,188,135,46,2,2025-12-30,,
SKU02644,105,40,19,1,2025-11-12,,
SKU02645,187,180,47,2,2025-12-21,,
SKU02647,673,451,178,5,2025-12-27,,
SKU02648,115,1510,508,23,2025-11-14,,
SKU02649,28,97,23,2,2025-12-28,,
SKU02650,231,132,32,2,2025-11-22,,
SKU02651,396,403,122,5,2025-12-28,,
SKU02652,147,62,26,1,2025-12-23,,
SKU02655,128,74,23,1,2025-11-02,,
SKU02656,99,51,15,1,2025-12-30,,
SKU02657,174,1114,410,21,2025-11-12,,
SKU02658,159,80,16,1,2025-12-19,,
SKU02659,251,142,57,3,2025-12-20,,
SKU02660,0,1427,535,26,2025-10-12,,
SKU02661,125,107,36,2,2025-12-14,,
SKU02662,7719,1769,586,29,2025-11-21,,
SKU02663,93,174,64,4,2025-12-28,,
SKU02664,202,164,68,3,2025-12-28,,
SKU02665,105,51,14,1,2025-12-15,,
SKU02669,69,68,27,1,2025-12-13,,
SKU02670,196,67,29,1,2025-12-12,,
SKU02671,3,52,14,1,2025-11-23,,
SKU02672,134,51,24,1,2025-12-25,,
SKU02673,144,53,15,1,2025-11-13,,
SKU02674,412,247,109,5,2025-12-27,,
SKU02675,4906,1198,415,16,2025-12-15,,
SKU02676,190,96,32,3,2025-12-21,,
SKU02677,415,210,72,3,2025-12-19,,
SKU02678,28,21,10,1,2025-11-06,,
SKU02679,136,147,63,2,2025-12-26,,
SKU02680,200,221,72,3,2025-12-27,,
SKU02681,6399,1395,515,24,2025-11-18,,
SKU02682,168,150,64,2,2025-12-29,,
SKU02683,67,1344,478,20,2025-11-12,,
SKU02684,413,147,57,2,2025-12-20,,
SKU02685,138,105,32,3,2025-12-13,,
SKU02686,7502,1680,530,27,2025-08-28,,
SKU02687,204,126,62,2,2025-12-22,,
SKU02688,155,124,28,3,2025-11-19,,
SKU02689,31,27,10,1,2025-11-19,,
SKU02690,16,62,22,2,2025-12-29,,
SKU02691,151,129,55,2,2025-12-07,,
SKU02692,0,1205,412,20,2025-10-08,,
SKU02693,109,178,45,3,2025-12-19,,
SKU02694,5,24,11,1,2025-12-04,,
SKU02695,195,207,65,4,2025-12-03,,
SKU02696,132,48,20,1,2025-12-26,,
SKU02697,90,82,25,2,2025-12-25,,
SKU02698,83,128,46,2,2025-11-22,,
SKU02699,78,140,44,2,2025-12-24,,
SKU02700,7590,1666,597,26,2025-08-14,,
SKU02701,80,91,31,2,2025-11-27,,
SKU02702,147,175,52,3,2025-11-21,,
SKU02703,463,299,120,5,2025-12-21,,
SKU02704,155,100,40,1,2025-12-16,,
SKU02705,119,50,19,1,2025-12-13,,
SKU02706,119,176,49,2,2025-12-04,,
SKU02707,79,49,11,1,2025-12-11,,
SKU02708,286,169,66,2,2025-12-01,,
SKU02709,252,146,52,2,2025-11-19,,
SKU02710,7911,1648,561,30,2025-08-25,,
SKU02711,312,279,81,5,2025-12-27,,
SKU02712,29,59,24,1,2025-11-12,,
SKU02713,200,101,47,2,2025-12-10,,
SKU02714,323,242,61,3,2025-12-18,,
SKU02715,297,164,45,3,2025-12-22,,
SKU02716,861,408,151,6,2025-12-25,,
SKU02717,165,85,26,2,2025-11-26,,
SKU02718,7986,1737,632,28,2025-09-02,,
SKU02719,270,210,91,3,2025-12-20,,
SKU02720,234,146,51,4,2025-12-19,,
SKU02722,8992,1964,722,30,2025-08-31,,
SKU02723,86,109,38,2,2025-12-25,,
SKU02724,221,108,35,2,2025-11-22,,
SKU02725,388,189,48,2,2025-12-18,,
SKU02726,428,190,60,2,2025-12-08,,
SKU02727,130,100,46,2,2025-11-30,,
SKU02728,8428,1926,647,30,2025-08-29,,
SKU02731,372,246,87,3,2025-12-16,,
SKU02732,16,26,12,1,2025-12-16,,
SKU02733,73,62,26,1,2025-11-05,,
SKU02734,131,123,28,2,2025-12-25,,
SKU02735,22,82,24,1,2025-12-23,,
SKU02736,257,196,76,3,2025-12-14,,
SKU02737,39,1186,427,24,2025-12-07,,
SKU02738,351,160,43,2,2025-12-04,,
SKU02739,325,141,50,2,2025-11-26,,
SKU02740,0,1120,416,20,2025-10-12,,
SKU02741,198,161,47,2,2025-12-24,,
SKU02742,401,224,80,3,2025-12-27,,
SKU02743,122,49,12,1,2025-11-24,,
SKU02744,56,78,34,1,2025-12-19,,
SKU02745,66,38,15,1,2025-12-21,,
SKU02746,197,94,36,2,2025-12-23,,
SKU02747,101,1279,456,23,2025-12-13,,
SKU02748,100,109,45,2,2025-11-28,,
SKU02751,192,106,33,2,2025-11-13,,
SKU02752,491,350,146,4,2025-12-29,,
SKU02753,391,160,38,2,2025-12-06,,
SKU02754,268,145,40,3,2025-12-10,,
SKU02755,36,23,10,1,2025-12-26,,
SKU02756,86,196,55,3,2025-12-20,,
SKU02757,380,160,59,3,2025-12-12,,
SKU02758,495,259,79,4,2025-12-22,,
SKU02759,93,90,28,1,2025-12-11,,
SKU02761,316,153,46,2,2025-12-25,,
SKU02763,4647,1141,384,19,2025-12-06,,
SKU02764,75,61,25,1,2025-12-11,,
SKU02765,172,61,23,1,2025-11-15,,
SKU02766,383,172,48,3,2025-12-06,,
SKU02767,289,150,58,5,2025-12-24,,
SKU02768,4583,1146,392,22,2025-12-19,,
SKU02769,173,84,30,1,2025-12-15,,
SKU02770,35,83,22,1,2025-11-20,,
SKU02771,134,163,70,3,2025-12-23,,
SKU02772,217,79,35,1,2025-11-22,,
SKU02773,186,180,65,4,2025-12-31,,
SKU02774,388,145,62,2,2025-11-11,,
SKU02775,141,193,49,2,2025-12-09,,
SKU02776,21,1117,405,21,2025-12-17,,
SKU02777,213,189,87,3,2025-12-28,,
SKU02778,368,225,80,4,2025-12-19,,
SKU02779,114,168,64,4,2025-12-19,,
SKU02780,8650,1817,654,30,2025-09-01,,
SKU02781,28,107,46,2,2025-12-08,,
SKU02782,221,226,79,3,2025-11-23,,
SKU02783,42,32,9,1,2025-11-29,,
SKU02785,380,217,63,3,2025-11-22,,
SKU02786,14,21,9,1,2025-12-23,,
SKU02787,53,108,38,2,2025-12-01,,
SKU02788,87,65,20,1,2025-11-29,,
SKU02789,355,177,67,3,2025-12-23,,
SKU02790,164,69,23,1,2025-12-08,,
SKU02791,82,66,30,1,2025-11-23,,
SKU02792,273,218,65,4,2025-11-25,,
SKU02793,160,118,48,2,2025-12-24,,
SKU02794,6907,1630,592,29,2025-08-29,,
SKU02795,204,192,73,3,2025-12-22,,
SKU02796,149,109,40,2,2025-12-22,,
SKU02797,162,81,27,1,2025-11-15,,
SKU02798,336,324,142,4,2025-12-29,,
SKU02799,332,235,86,4,2025-12-25,,
SKU02800,366,181,68,4,2025-12-13,,
SKU02801,259,215,88,4,2025-12-24,,
SKU02802,226,163,58,2,2025-11-29,,
SKU02803,452,250,106,4,2025-12-31,,
SKU02804,237,262,84,4,2025-12-21,,
SKU02805,136,136,49,3,2025-12-23,,
SKU02806,238,144,65,2,2025-12-25,,
SKU02807,457,282,101,4,2025-12-23,,
SKU02808,315,163,60,3,2025-12-20,,
SKU02809,253,185,70,3,2025-12-27,,
SKU02810,54,70,29,1,2025-11-24,,
SKU02811,491,272,81,5,2025-12-28,,
SKU02812,402,223,87,4,2025-12-23,,
SKU02813,930,412,124,5,2025-12-22,,
SKU02815,365,168,48,3,2025-11-26,,
SKU02816,294,207,80,3,2025-12-30,,
SKU02817,226,159,46,3,2025-12-24,,
SKU02818,58,65,28,1,2025-11-01,,
SKU02819,87,114,36,2,2025-11-27,,
SKU02820,100,182,60,3,2025-11-21,,
SKU02821,216,184,57,2,2025-12-10,,
SKU02822,8050,1898,642,29,2025-12-05,,
SKU02823,8,27,11,1,2025-12-24,,
SKU02824,179,106,37,2,2025-12-26,,
SKU02825,232,159,64,3,2025-12-14,,
SKU02826,12,1328,397,22,2025-12-08,,
SKU02827,100,72,21,2,2025-12-29,,
SKU02828,587,248,77,3,2025-12-28,,
SKU02829,4360,990,380,16,2025-08-30,,
SKU02830,162,148,63,2,2025-12-28,,
SKU02831,295,200,92,4,2025-11-17,,
SKU02832,521,246,79,4,2025-12-20,,
SKU02833,143,1453,532,25,2025-12-18,,
SKU02834,100,36,11,1,2025-11-21,,
SKU02835,169,175,66,2,2025-11-11,,
SKU02836,369,230,83,3,2025-12-28,,
SKU02837,91,140,49,2,2025-12-09,,
SKU02838,604,245,87,4,2025-12-30,,
SKU02839,53,37,16,1,2025-11-23,,
SKU02840,71,1061,317,22,2025-12-27,,
SKU02841,419,192,52,3,2025-12-18,,
SKU02842,7265,1596,569,27,2025-11-15,,
SKU02843,44,37,17,1,2025-11-22,,
SKU02844,108,81,29,2,2025-12-18,,
SKU02845,260,182,65,2,2025-12-22,,
SKU02846,265,92,43,1,2025-12-01,,
SKU02847,64,50,12,1,2025-11-04,,
SKU02848,398,145,52,2,2025-12-23,,
SKU02849,168,91,25,1,2025-11-01,,
SKU02850,46,71,22,2,2025-12-15,,
SKU02851,253,93,25,2,2025-12-18,,
SKU02853,36,69,24,2,2025-12-12,,
SKU02855,246,197,62,5,2025-12-19,,
SKU02856,553,319,119,5,2025-12-30,,
SKU02857,419,244,91,4,2025-12-01,,
SKU02858,211,1210,439,19,2025-12-28,,
SKU02859,168,84,29,2,2025-12-23,,
SKU02860,405,173,60,3,2025-12-10,,
SKU02861,388,161,52,2,2025-12-25,,
SKU02863,200,217,76,4,2025-12-28,,
SKU02864,22,35,17,1,2025-12-14,,
SKU02865,52,31,15,1,2025-11-25,,
SKU02866,45,47,19,1,2025-12-21,,
SKU02867,301,146,49,2,2025-12-24,,
SKU02868,141,96,42,1,2025-12-08,,
SKU02869,50,79,28,2,2025-11-26,,
SKU02870,1,45,18,1,2025-11-06,,
SKU02871,9112,1941,694,29,2025-09-02,,
SKU02872,121,146,40,3,2025-12-16,,
SKU02873,21,78,18,1,2025-11-25,,
SKU02874,102,159,61,3,2025-12-03,,
SKU02875,68,28,7,1,2025-11-15,,
SKU02876,317,139,52,2,2025-12-21,,
SKU02877,5805,1333,489,24,2025-11-15,,
SKU02878,306,128,45,2,2025-12-03,,
SKU02879,142,57,13,1,2025-12-28,,
SKU02880,79,185,66,3,2025-12-20,,
SKU02881,183,63,29,1,2025-12-30,,
SKU02882,378,235,83,4,2025-12-18,,
SKU02883,185,144,37,3,2025-11-12,,
SKU02884,270,316,136,4,2025-12-28,,
SKU02885,117,50,18,1,2025-12-28,,
SKU02886,66,87,30,2,2025-11-09,,
SKU02887,67,97,44,1,2025-12-27,,
SKU02888,529,301,115,5,2025-12-31,,
SKU02889,64,55,14,1,2025-12-22,,
SKU02890,376,170,62,3,2025-12-29,,
SKU02891,145,52,24,1,2025-11-17,,
SKU02892,0,1396,493,23,2025-10-06,,
SKU02893,77,121,34,2,2025-12-21,,
SKU02894,187,98,39,2,2025-12-10,,
SKU02895,7,93,46,1,2025-11-11,,
SKU02896,174,149,50,2,2025-12-30,,
SKU02897,3546,798,262,15,2025-08-27,,
SKU02898,51,1017,393,20,2025-12-05,,
SKU02900,93,33,9,1,2025-11-03,,
SKU02901,139,101,44,2,2025-12-16,,
SKU02902,227,85,18,1,2025-11-08,,
SKU02904,59,31,9,1,2025-12-15,,
SKU02905,282,227,91,3,2025-12-25,,
SKU02906,357,165,45,2,2025-12-09,,
SKU02907,6783,1606,557,28,2025-08-31,,
SKU02908,85,139,49,2,2025-11-09,,
SKU02909,154,127,49,3,2025-12-30,,
SKU02910,198,104,42,2,2025-12-16,,
SKU02911,5132,1034,393,19,2025-09-02,,
SKU02912,225,149,44,2,2025-12-08,,
SKU02913,6,60,22,1,2025-11-21,,
SKU02915,5779,1396,424,25,2025-09-02,,
SKU02916,163,132,58,2,2025-12-10,,
SKU02917,125,164,52,2,2025-12-17,,
SKU02918,541,297,91,5,2025-12-30,,
SKU02919,186,78,20,2,2025-12-06,,
SKU02920,143,90,24,2,2025-12-14,,
SKU02921,229,215,85,3,2025-12-16,,
SKU02922,112,154,62,3,2025-12-31,,
SKU02923,146,1264,434,18,2025-12-30,,
SKU02924,274,261,98,4,2025-12-26,,
SKU02925,343,128,48,2,2025-12-02,,
SKU02926,87,112,42,2,2025-12-23,,
SKU02927,735,396,149,8,2025-12-22,,
SKU02929,463,251,86,5,2025-12-19,,
SKU02930,0,1074,393,22,2025-10-12,,
SKU02931,249,194,57,3,2025-12-02,,
SKU02932,185,90,31,2,2025-12-18,,
SKU02933,17,43,12,1,2025-11-15,,
SKU02934,170,91,28,2,2025-12-14,,
SKU02935,316,151,48,4,2025-12-05,,
SKU02936,191,95,31,2,2025-12-15,,
SKU02937,465,226,73,3,2025-11-29,,
SKU02938,8249,1819,676,28,2025-08-24,,
SKU02939,18,21,6,1,2025-11-07,,
SKU02940,283,146,52,3,2025-12-24,,
SKU02941,55,22,7,1,2025-12-24,,
SKU02942,375,225,83,4,2025-12-16,,
SKU02943,231,226,83,3,2025-12-13,,
SKU02944,343,173,43,2,2025-12-10,,
SKU02945,141,54,17,1,2025-12-10,,
SKU02946,6401,1526,570,27,2025-08-28,,
SKU02947,21,27,9,1,2025-12-04,,
SKU02948,108,122,58,2,2025-12-10,,
SKU02949,238,176,66,3,2025-12-07,,
SKU02950,0,1154,361,18,2025-10-10,,
SKU02951,98,74,32,1,2025-12-06,,
SKU02953,354,231,101,3,2025-12-22,,
SKU02954,10,1318,437,23,2025-11-30,,
SKU02955,100,77,19,1,2025-12-22,,
SKU02956,324,156,59,3,2025-12-23,,
SKU02957,311,241,78,3,2025-11-13,,
SKU02959,65,100,26,3,2025-11-27,,
SKU02960,100,44,19,1,2025-12-29,,
SKU02961,234,137,57,2,2025-12-08,,
SKU02962,251,98,29,1,2025-12-14,,
SKU02963,165,243,74,3,2025-12-29,,
SKU02964,7077,1540,555,26,2025-12-31,,
SKU02965,283,153,51,3,2025-12-14,,
SKU02966,74,39,9,1,2025-12-28,,
SKU02967,421,230,71,3,2025-12-10,,
SKU02968,90,86,22,1,2025-12-10,,
SKU02969,6804,1526,495,22,2025-12-01,,
SKU02970,354,246,70,3,2025-12-24,,
SKU02971,351,237,73,3,2025-12-19,,
SKU02972,177,98,48,1,2025-11-10,,
SKU02973,30,37,7,1,2025-11-06,,
SKU02974,233,111,28,2,2025-12-17,,
SKU02976,129,86,37,2,2025-12-20,,
SKU02977,237,146,59,3,2025-11-20,,
SKU02978,35,31,10,1,2025-11-06,,
SKU02980,234,82,31,1,2025-12-17,,
SKU02981,250,163,53,4,2025-12-19,,
SKU02982,103,119,54,2,2025-11-05,,
SKU02983,0,1223,377,18,2025-10-10,,
SKU02984,54,61,25,1,2025-12-21,,
SKU02986,267,168,72,3,2025-12-03,,
SKU02987,346,187,57,3,2025-12-06,,
SKU02988,688,388,143,6,2025-12-17,,
SKU02989,162,125,45,2,2025-12-14,,
SKU02990,93,160,48,2,2025-11-23,,
SKU02991,230,99,35,2,2025-12-21,,
SKU02992,37,20,7,1,2025-12-17,,
SKU02994,80,74,18,1,2025-11-18,,
SKU02995,159,60,19,1,2025-11-08,,
SKU02996,112,112,50,2,2025-12-15,,
SKU02997,6620,1434,509,24,2025-11-07,,
SKU02999,7596,1750,638,30,2025-08-31,,
SKU03000,45,26,12,1,2025-11-09,,
SKU03001,102,77,22,2,2025-11-11,,
SKU03002,193,158,40,3,2025-12-23,,
SKU03003,321,152,44,3,2025-12-10,,
SKU03004,279,249,104,3,2025-12-29,,
SKU03005,7094,1558,546,25,2025-12-12,,
SKU03006,173,64,20,1,2025-12-31,,
SKU03007,226,100,40,2,2025-12-18,,
SKU03009,405,278,94,4,2025-12-31,,
SKU03010,294,129,37,2,2025-11-07,,
SKU03011,198,80,28,2,2025-12-30,,
SKU03012,10,93,38,2,2025-12-29,,
SKU03013,215,139,56,3,2025-12-10,,
SKU03014,6541,1491,489,29,2025-09-01,,
SKU03015,395,213,79,4,2025-12-30,,
SKU03016,5,45,18,1,2025-12-24,,
SKU03017,194,194,85,5,2025-12-30,,
SKU03018,93,75,20,1,2025-12-14,,
SKU03020,497,237,94,4,2025-12-17,,
SKU03021,252,146,41,2,2025-12-13,,
SKU03022,532,307,102,5,2025-12-15,,
SKU03023,178,96,29,1,2025-11-26,,
SKU03024,132,48,13,1,2025-12-11,,
SKU03025,192,166,64,2,2025-12-24,,
SKU03026,200,147,47,2,2025-12-08,,
SKU03027,226,202,90,4,2025-12-31,,
SKU03028,56,77,29,2,2025-11-23,,
SKU03029,670,361,125,5,2025-12-07,,
SKU03030,56,1473,535,27,2025-11-12,,
SKU03031,8024,1771,648,29,2025-08-30,,
SKU03032,309,167,48,2,2025-11-30,,
SKU03033,165,87,39,1,2025-12-25,,
SKU03035,104,36,11,1,2025-11-27,,
SKU03036,7451,1636,559,28,2025-08-26,,
SKU03037,158,72,18,1,2025-11-24,,
SKU03038,135,78,21,2,2025-12-29,,
SKU03040,413,156,44,2,2025-11-23,,
SKU03041,168,61,28,1,2025-11-04,,
SKU03042,194,99,44,1,2025-11-26,,
SKU03043,7125,1753,620,27,2025-11-30,,
SKU03045,31,100,50,1,2025-12-16,,
SKU03046,160,115,44,2,2025-12-13,,
SKU03048,106,102,29,2,2025-11-08,,
SKU03049,148,100,42,2,2025-12-01,,
SKU03050,48,65,20,1,2025-11-22,,
SKU03051,313,159,54,2,2025-12-13,,
SKU03052,555,269,83,4,2025-11-25,,
SKU03053,0,974,333,19,2025-10-12,,
SKU03054,585,509,163,7,2025-12-31,,
SKU03055,118,82,30,1,2025-12-04,,
SKU03056,188,154,45,2,2025-12-11,,
SKU03057,0,1610,511,25,2025-10-10,,
SKU03058,8242,1863,654,30,2025-09-02,,
SKU03059,70,60,22,1,2025-12-10,,
SKU03060,157,127,60,2,2025-12-11,,
SKU03061,98,136,33,2,2025-12-25,,
SKU03062,545,312,91,4,2025-11-30,,
SKU03063,4,1168,432,22,2025-11-19,,
SKU03065,166,183,70,3,2025-12-24,,
SKU03066,507,229,76,3,2025-12-31,,
SKU03067,129,80,27,1,2025-11-22,,
SKU03068,284,152,51,2,2025-12-12,,
SKU03069,402,197,63,3,2025-12-01,,
SKU03070,205,99,25,2,2025-11-23,,
SKU03071,1,62,19,1,2025-11-14,,
SKU03072,56,49,15,1,2025-11-28,,
SKU03073,6327,1363,535,20,2025-08-29,,
SKU03075,132,79,27,1,2025-12-16,,
SKU03076,48,87,22,1,2025-12-21,,
SKU03077,56,47,17,2,2025-11-17,,
SKU03078,275,216,82,3,2025-11-27,,
SKU03080,315,173,63,3,2025-11-29,,
SKU03081,179,193,77,3,2025-12-26,,
SKU03082,210,83,32,1,2025-11-18,,
SKU03083,448,225,85,3,2025-12-20,,
SKU03084,352,144,38,3,2025-12-15,,
SKU03085,42,75,25,2,2025-12-04,,
SKU03086,197,151,52,2,2025-12-15,,
SKU03087,236,128,54,2,2025-11-15,,
SKU03088,32,1402,558,21,2025-12-29,,
SKU03089,7814,1773,598,30,2025-09-02,,
SKU03090,7415,1695,630,27,2025-09-02,,
SKU03091,194,146,49,2,2025-12-03,,
SKU03092,5198,1208,378,21,2025-11-29,,
SKU03093,307,128,45,3,2025-12-27,,
SKU03094,12,53,22,1,2025-11-17,,
SKU03095,174,140,60,2,2025-12-09,,
SKU03096,292,231,93,4,2025-12-24,,
SKU03097,393,410,154,5,2025-12-28,,
SKU03098,3,67,14,1,2025-12-20,,
SKU03099,187,168,55,3,2025-12-14,,
SKU03100,420,238,74,4,2025-11-27,,
SKU03101,296,287,113,4,2025-12-17,,
SKU03102,74,50,20,1,2025-12-12,,
SKU03103,223,77,24,1,2025-12-14,,
SKU03104,172,61,27,1,2025-11-25,,
SKU03105,8195,1764,576,29,2025-09-01,,
SKU03106,261,208,77,4,2025-12-26,,
SKU03107,207,139,32,2,2025-12-23,,
SKU03108,7868,1742,606,30,2025-09-01,,
SKU03109,70,115,35,2,2025-11-26,,
SKU03110,0,20,5,1,2025-12-28,,
SKU03111,576,326,140,6,2025-12-10,,
SKU03112,859,397,131,6,2025-12-24,,
SKU03113,75,38,19,1,2025-12-16,,
SKU03114,50,45,15,1,2025-11-18,,
SKU03115,10515,2171,768,30,2025-09-01,,
SKU03116,12,84,41,1,2025-12-03,,
SKU03117,99,163,52,3,2025-12-27,,
SKU03118,171,77,35,1,2025-12-10,,
SKU03119,366,134,47,2,2025-11-04,,
SKU03120,7,37,17,1,2025-12-26,,
SKU03121,259,88,42,1,2025-12-26,,
SKU03122,106,161,39,2,2025-11-22,,
SKU03123,247,96,42,1,2025-11-08,,
SKU03124,227,220,56,3,2025-12-20,,
SKU03125,331,223,76,4,2025-12-05,,
SKU03126,18,75,25,1,2025-12-31,,
SKU03127,41,50,15,1,2025-11-08,,
SKU03128,69,89,21,2,2025-12-28,,
SKU03129,8570,1880,613,29,2025-08-31,,
SKU03130,387,181,62,3,2025-11-30,,
SKU03131,69,77,31,1,2025-11-05,,
SKU03132,237,172,65,3,2025-12-06,,
SKU03133,199,164,44,2,2025-12-12,,
SKU03134,170,125,44,2,2025-12-25,,
SKU03135,151,93,34,1,2025-12-28,,
SKU03136,166,153,64,2,2025-12-21,,
SKU03137,309,228,77,3,2025-12-20,,
SKU03138,203,83,23,1,2025-11-30,,
SKU03139,7277,1566,580,26,2025-08-15,,
SKU03140,229,177,72,3,2025-12-10,,
SKU03143,190,134,45,3,2025-12-16,,
SKU03144,267,118,44,2,2025-11-17,,
SKU03146,343,157,67,3,2025-12-21,,
SKU03147,303,154,44,3,2025-12-25,,
SKU03148,47,52,16,2,2025-11-23,,
SKU03149,133,112,38,2,2025-12-10,,
SKU03150,7949,1833,612,30,2025-09-02,,
SKU03152,6432,1418,512,26,2025-08-14,,
SKU03153,4,20,8,1,2025-12-01,,
SKU03154,170,207,78,4,2025-12-18,,
SKU03155,130,56,15,1,2025-11-12,,
SKU03156,608,312,131,4,2025-12-17,,
SKU03159,136,122,41,2,2025-12-12,,
SKU03160,41,65,21,1,2025-11-10,,
SKU03161,145,181,48,3,2025-12-04,,
SKU03162,216,100,40,2,2025-12-28,,
SKU03163,83,102,32,3,2025-12-31,,
SKU03164,345,211,84,3,2025-11-27,,
SKU03165,179,66,20,2,2025-12-28,,
SKU03166,234,102,39,2,2025-12-07,,
SKU03167,159,60,17,1,2025-11-22,,
SKU03168,616,285,109,5,2025-12-27,,
SKU03169,27,39,15,1,2025-11-09,,
SKU03170,71,91,45,1,2025-12-10,,
SKU03171,34,1558,610,25,2025-11-09,,
SKU03172,600,283,94,4,2025-12-26,,
SKU03173,6495,1395,485,24,2025-09-01,,
SKU03174,117,57,23,1,2025-11-14,,
SKU03175,25,66,30,1,2025-12-09,,
SKU03177,5510,1279,468,21,2025-08-27,,
SKU03178,169,62,15,1,2025-12-12,,
SKU03179,7777,1816,665,30,2025-09-02,,
SKU03180,256,134,47,3,2025-12-30,,
SKU03181,7,65,17,1,2025-11-12,,
SKU03182,354,175,63,3,2025-12-03,,
SKU03183,47,65,32,1,2025-11-13,,
SKU03184,335,233,81,4,2025-12-21,,
SKU03185,254,137,44,2,2025-12-23,,
SKU03186,228,194,82,4,2025-12-27,,
SKU03187,279,94,31,1,2025-12-16,,
SKU03188,254,95,28,1,2025-11-13,,
SKU03189,88,44,16,1,2025-11-14,,
SKU03190,423,292,90,4,2025-12-18,,
SKU03192,5974,1336,469,22,2025-08-26,,
SKU03193,281,197,71,3,2025-12-11,,
SKU03194,217,101,31,2,2025-12-19,,
SKU03196,76,31,14,1,2025-12-09,,
SKU03197,274,216,79,3,2025-12-21,,
SKU03198,27,61,18,1,2025-11-21,,
SKU03199,0,1571,525,23,2025-10-12,,
SKU03200,325,160,53,2,2025-12-21,,
SKU03201,94,116,32,3,2025-12-17,,
SKU03202,325,193,71,3,2025-12-31,,
SKU03203,162,143,43,2,2025-12-18,,
SKU03204,183,201,90,3,2025-11-28,,
SKU03205,44,129,37,2,2025-11-20,,
SKU03206,242,266,101,5,2025-12-29,,
SKU03207,125,120,34,3,2025-12-07,,
SKU03208,600,253,85,3,2025-12-20,,
SKU03209,190,76,28,2,2025-12-23,,
SKU03210,5438,1187,475,21,2025-09-01,,
SKU03211,154,105,28,2,2025-12-24,,
SKU03212,146,72,30,1,2025-11-02,,
SKU03213,179,201,79,3,2025-12-04,,
SKU03214,313,196,64,3,2025-12-26,,
SKU03215,300,155,60,2,2025-12-20,,
SKU03216,122,72,28,1,2025-11-04,,
SKU03218,129,154,58,3,2025-12-30,,
SKU03219,11,24,9,1,2025-11-27,,
SKU03220,5440,1308,431,23,2025-08-31,,
SKU03221,99,48,18,1,2025-11-28,,
SKU03222,522,350,141,5,2025-12-31,,
SKU03223,323,230,92,3,2025-12-19,,
SKU03224,14,25,7,1,2025-12-24,,
SKU03227,253,290,105,5,2025-11-24,,
SKU03228,270,122,44,2,2025-12-25,,
SKU03229,231,190,62,4,2025-12-27,,
SKU03230,6980,1526,522,26,2025-08-31,,
SKU03231,219,141,39,2,2025-12-23,,
SKU03232,41,69,23,1,2025-12-07,,
SKU03233,304,299,98,5,2025-12-17,,
SKU03234,364,227,77,4,2025-11-29,,
SKU03235,7099,1629,527,30,2025-08-26,,
SKU03236,130,216,83,4,2025-12-27,,
SKU03237,202,258,83,3,2025-11-29,,
SKU03238,159,129,42,2,2025-12-29,,
SKU03239,147,220,65,4,2025-11-20,,
SKU03240,351,213,73,3,2025-11-28,,
SKU03241,281,227,73,4,2025-12-22,,
SKU03242,271,108,46,2,2025-12-24,,
SKU03243,10,64,24,1,2025-12-03,,
SKU03244,2,43,9,1,2025-11-13,,
SKU03245,68,66,13,1,2025-12-19,,
SKU03246,64,38,14,1,2025-11-07,,
SKU03247,125,119,46,2,2025-11-24,,
SKU03248,493,266,88,4,2025-12-24,,
SKU03249,117,128,50,2,2025-12-15,,
SKU03250,194,168,46,2,2025-11-17,,
SKU03251,7808,1786,613,30,2025-11-22,,
SKU03252,139,53,19,1,2025-12-12,,
SKU03254,7477,1654,599,26,2025-08-28,,
SKU03255,436,196,77,4,2025-12-10,,
SKU03256,114,41,16,1,2025-12-22,,
SKU03257,8787,1902,703,30,2025-09-01,,
SKU03258,8,45,11,1,2025-12-16,,
SKU03259,103,1247,395,21,2025-12-31,,
SKU03260,52,33,16,1,2025-12-18,,
SKU03261,143,187,68,3,2025-12-23,,
SKU03262,160,192,52,3,2025-12-31,,
SKU03263,156,145,49,2,2025-11-25,,
SKU03264,234,92,37,1,2025-12-12,,
SKU03265,70,115,38,2,2025-12-17,,
SKU03266,7895,1685,666,29,2025-08-31,,
SKU03267,328,178,82,3,2025-12-10,,
SKU03268,145,77,27,2,2025-11-23,,
SKU03269,68,86,22,2,2025-12-12,,
SKU03270,42,130,32,2,2025-12-15,,
SKU03271,407,249,107,4,2025-12-25,,
SKU03273,284,108,27,2,2025-12-25,,
SKU03274,164,1535,531,24,2025-12-22,,
SKU03275,188,158,54,3,2025-11-25,,
SKU03276,230,110,43,2,2025-12-28,,
SKU03277,6864,1470,505,28,2025-08-26,,
SKU03278,17,24,10,1,2025-12-06,,
SKU03279,244,166,57,3,2025-12-22,,
SKU03281,10211,2181,760,30,2025-08-27,,
SKU03282,45,27,13,1,2025-11-21,,
SKU03283,269,165,45,2,2025-12-10,,
SKU03284,6422,1479,523,26,2025-08-25,,
SKU03285,188,81,22,1,2025-11-11,,
SKU03286,6808,1515,502,25,2025-09-02,,
SKU03287,295,138,38,2,2025-12-23,,
SKU03288,91,56,14,1,2025-11-27,,
SKU03290,7988,1629,541,30,2025-12-14,,
SKU03291,5490,1182,433,23,2025-08-30,,
SKU03292,0,1346,493,22,2025-10-12,,
SKU03294,347,169,69,3,2025-12-25,,
SKU03295,4460,993,352,16,2025-09-02,,
SKU03297,385,176,74,3,2025-11-17,,
SKU03298,447,196,63,3,2025-12-16,,
SKU03299,189,109,47,2,2025-11-16,,
SKU03300,251,138,56,2,2025-12-17,,
SKU03301,230,146,54,2,2025-12-21,,
SKU03302,640,395,158,6,2025-12-31,,
SKU03303,259,95,45,1,2025-11-08,,
SKU03304,169,116,49,2,2025-12-03,,
SKU03305,137,103,29,2,2025-12-27,,
SKU03306,293,152,56,2,2025-12-22,,
SKU03307,85,121,43,2,2025-12-10,,
SKU03308,174,150,55,3,2025-12-21,,
SKU03309,99,119,52,2,2025-12-23,,
SKU03310,234,80,32,1,2025-11-15,,
SKU03311,7354,1646,599,29,2025-08-08,,
SKU03312,337,194,70,3,2025-12-13,,
SKU03313,526,348,105,5,2025-12-27,,
SKU03314,748,346,121,4,2025-12-23,,
SKU03315,175,65,26,1,2025-12-14,,
SKU03316,1,34,15,1,2025-11-03,,
SKU03317,187,100,41,1,2025-11-10,,
SKU03318,345,167,66,3,2025-12-26,,
SKU03319,62,33,12,1,2025-11-12,,
SKU03320,5726,1258,432,21,2025-08-31,,
SKU03321,201,163,57,2,2025-12-10,,
SKU03322,199,124,43,3,2025-12-15,,
SKU03323,151,1221,374,21,2025-11-20,,
SKU03324,96,139,43,2,2025-12-20,,
SKU03325,191,109,49,3,2025-12-20,,
SKU03326,15,46,18,1,2025-11-11,,
SKU03327,354,154,53,3,2025-12-06,,
SKU03328,279,144,56,2,2025-12-30,,
SKU03329,263,190,75,3,2025-12-06,,
SKU03330,93,51,25,1,2025-11-08,,
SKU03332,423,226,80,4,2025-12-26,,
SKU03333,27,48,17,1,2025-12-09,,
SKU03334,274,221,82,4,2025-12-23,,
SKU03335,193,156,45,2,2025-12-18,,
SKU03337,357,134,42,2,2025-12-21,,
SKU03338,289,276,107,4,2025-12-15,,
SKU03339,157,71,28,2,2025-12-28,,
SKU03340,14,27,12,1,2025-12-05,,
SKU03341,187,100,28,1,2025-12-19,,
SKU03342,299,121,39,2,2025-12-23,,
SKU03343,136,68,26,1,2025-12-02,,
SKU03346,231,96,48,1,2025-12-29,,
SKU03347,7716,1640,617,29,2025-09-02,,
SKU03348,214,232,93,4,2025-12-10,,
SKU03349,6948,1539,583,26,2025-09-02,,
SKU03350,30,22,11,1,2025-11-26,,
SKU03351,12,24,10,1,2025-12-05,,
SKU03352,90,39,16,1,2025-11-20,,
SKU03353,1,1223,462,23,2025-11-13,,
SKU03356,132,147,45,4,2025-12-22,,
SKU03357,7264,1613,576,27,2025-09-01,,
SKU03358,79,66,22,2,2025-12-07,,
SKU03359,170,112,41,2,2025-12-26,,
SKU03360,91,38,11,1,2025-12-19,,
SKU03361,31,45,18,1,2025-11-19,,
SKU03362,7039,1569,561,28,2025-08-17,,
SKU03363,343,253,90,4,2025-12-31,,
SKU03365,255,106,33,2,2025-12-09,,
SKU03367,189,98,36,2,2025-11-30,,
SKU03368,212,78,22,2,2025-12-24,,
SKU03369,126,122,39,3,2025-12-19,,
SKU03370,316,145,49,2,2025-12-13,,
SKU03371,27,38,15,1,2025-12-24,,
SKU03372,110,41,11,1,2025-12-06,,
SKU03373,133,151,50,3,2025-12-03,,
SKU03374,63,85,41,1,2025-11-24,,
SKU03375,7625,1769,679,29,2025-08-29,,
SKU03376,7824,1719,583,27,2025-09-02,,
SKU03377,52,40,12,1,2025-12-15,,
SKU03378,91,138,53,2,2025-12-19,,
SKU03379,264,164,67,3,2025-12-31,,
SKU03380,178,66,30,1,2025-12-19,,
SKU03381,101,39,18,1,2025-11-15,,
SKU03383,427,228,55,3,2025-12-15,,
SKU03384,255,231,89,4,2025-12-19,,
SKU03385,430,231,64,3,2025-12-21,,
SKU03386,55,96,31,1,2025-11-05,,
SKU03387,72,85,30,1,2025-11-24,,
SKU03388,231,221,81,3,2025-12-28,,
SKU03389,63,50,18,1,2025-12-26,,
SKU03390,139,56,24,1,2025-11-19,,
SKU03391,437,193,58,3,2025-12-30,,
SKU03392,74,33,15,1,2025-12-08,,
SKU03393,11,69,15,1,2025-12-06,,
SKU03394,536,296,109,5,2025-12-15,,
SKU03395,256,123,47,2,2025-12-21,,
SKU03396,112,50,14,2,2025-12-01,,
SKU03397,136,95,27,3,2025-12-28,,
SKU03398,61,23,9,1,2025-11-26,,
SKU03400,357,245,76,3,2025-12-30,,
SKU03401,192,193,71,3,2025-12-16,,
SKU03402,261,191,67,3,2025-12-26,,
SKU03403,245,117,48,2,2025-12-19,,
SKU03404,256,153,67,2,2025-11-27,,
SKU03405,154,94,27,2,2025-12-21,,
SKU03406,302,200,55,3,2025-12-09,,
SKU03407,131,57,24,1,2025-12-07,,
SKU03408,235,259,77,4,2025-12-31,,
SKU03409,85,53,19,2,2025-12-29,,
SKU03410,176,61,25,1,2025-11-15,,
SKU03411,82,66,20,1,2025-11-05,,
SKU03412,513,247,75,4,2025-12-28,,
SKU03413,161,88,31,2,2025-12-21,,
SKU03414,6873,1563,546,29,2025-08-30,,
SKU03415,181,98,39,1,2025-12-19,,
SKU03416,7112,1695,559,27,2025-08-26,,
SKU03417,334,176,67,3,2025-11-26,,
SKU03418,137,72,25,2,2025-11-30,,
SKU03419,143,165,53,2,2025-12-27,,
SKU03420,215,115,37,3,2025-12-17,,
SKU03421,261,148,59,3,2025-12-17,,
SKU03422,190,118,30,2,2025-12-22,,
SKU03423,187,84,30,2,2025-12-20,,
SKU03424,292,162,74,2,2025-12-27,,
SKU03425,0,1228,416,22,2025-10-10,,
SKU03426,8,28,12,1,2025-12-05,,
SKU03428,7300,1678,587,29,2025-08-31,,
SKU03429,14,65,15,1,2025-11-11,,
SKU03430,203,139,44,2,2025-12-28,,
SKU03432,519,360,124,5,2025-12-17,,
SKU03433,111,259,107,4,2025-12-30,,
SKU03434,266,156,38,2,2025-12-02,,
SKU03435,207,160,47,3,2025-12-16,,
SKU03436,7770,1841,600,28,2025-09-01,,
SKU03437,498,197,56,2,2025-12-18,,
SKU03438,126,156,42,3,2025-12-26,,
SKU03439,186,154,46,3,2025-12-24,,
SKU03440,86,58,21,1,2025-12-09,,
SKU03441,7649,1709,637,28,2025-08-31,,
SKU03442,102,40,10,1,2025-11-21,,
SKU03443,41,54,18,1,2025-12-11,,
SKU03444,343,143,43,2,2025-11-19,,
SKU03445,126,46,15,1,2025-11-04,,
SKU03446,244,93,31,1,2025-12-30,,
SKU03447,313,193,72,4,2025-12-21,,
SKU03448,156,169,70,3,2025-12-06,,
SKU03449,225,93,23,2,2025-12-20,,
SKU03450,70,27,12,1,2025-12-19,,
SKU03451,15,33,10,1,2025-11-22,,
SKU03452,353,215,70,5,2025-12-23,,
SKU03453,171,75,29,2,2025-12-22,,
SKU03454,7548,1610,561,27,2025-08-28,,
SKU03455,49,23,6,1,2025-12-06,,
SKU03456,486,295,99,5,2025-12-25,,
SKU03457,7441,1609,601,27,2025-08-29,,
SKU03458,185,99,35,2,2025-12-28,,
SKU03459,2,72,34,1,2025-12-29,,
SKU03460,134,70,18,2,2025-12-05,,
SKU03461,192,185,64,4,2025-12-03,,
SKU03462,317,201,61,3,2025-12-30,,
SKU03463,119,96,40,3,2025-12-29,,
SKU03464,103,121,30,2,2025-11-14,,
SKU03465,240,169,59,3,2025-12-25,,
SKU03466,396,247,80,4,2025-12-13,,
SKU03467,4818,1129,417,20,2025-09-01,,
SKU03468,79,130,54,2,2025-11-28,,
SKU03469,247,151,47,2,2025-12-24,,
SKU03470,62,80,29,2,2025-12-10,,
SKU03471,224,148,63,3,2025-12-21,,
SKU03472,241,136,51,2,2025-12-28,,
SKU03474,182,95,27,1,2025-11-23,,
SKU03475,391,143,49,2,2025-12-24,,
SKU03476,0,1467,514,24,2025-10-05,,
SKU03477,29,54,18,1,2025-12-28,,
SKU03478,412,158,43,2,2025-12-05,,
SKU03479,80,77,24,1,2025-11-01,,
SKU03480,238,146,57,2,2025-12-14,,
SKU03481,36,73,27,1,2025-11-17,,
SKU03483,125,77,30,1,2025-11-19,,
SKU03484,7958,1773,612,30,2025-08-22,,
SKU03485,265,220,64,4,2025-12-28,,
SKU03486,92,84,20,1,2025-12-14,,
SKU03487,317,158,51,3,2025-12-17,,
SKU03488,421,184,65,2,2025-12-27,,
SKU03489,30,120,45,2,2025-12-06,,
SKU03490,110,48,13,1,2025-11-26,,
SKU03491,9335,1930,665,30,2025-08-31,,
SKU03492,7719,1667,628,28,2025-08-25,,
SKU03493,7540,1733,656,28,2025-09-02,,
SKU03494,513,246,90,4,2025-12-25,,
SKU03495,467,288,120,5,2025-12-29,,
SKU03496,246,143,46,3,2025-12-14,,
SKU03498,597,307,116,5,2025-11-21,,
SKU03500,366,180,75,3,2025-12-24,,
SKU03501,131,57,22,1,2025-12-21,,
SKU03502,101,76,21,2,2025-11-30,,
SKU03503,450,206,83,4,2025-12-11,,
SKU03504,8264,1863,609,29,2025-08-30,,
SKU03505,280,114,47,2,2025-12-20,,
SKU03506,194,149,58,3,2025-12-06,,
SKU03507,89,58,21,2,2025-11-17,,
SKU03508,107,97,45,2,2025-12-02,,
SKU03511,7,78,38,1,2025-11-27,,
SKU03512,131,77,37,1,2025-12-18,,
SKU03513,249,110,30,2,2025-11-09,,
SKU03514,213,125,51,2,2025-12-09,,
SKU03515,586,287,85,4,2025-12-07,,
SKU03516,248,191,85,2,2025-12-24,,
SKU03517,168,141,59,2,2025-12-13,,
SKU03518,659,251,93,3,2025-12-17,,
SKU03519,490,226,61,3,2025-12-27,,
SKU03520,6580,1527,526,26,2025-11-20,,
SKU03521,474,163,59,2,2025-12-12,,
SKU03522,44,38,14,1,2025-12-12,,
SKU03523,8477,1767,555,29,2025-09-02,,
SKU03525,395,239,69,4,2025-12-23,,
SKU03526,48,23,11,1,2025-11-27,,
SKU03527,8,23,11,1,2025-12-22,,
SKU03528,185,79,22,1,2025-11-27,,
SKU03529,24,29,10,1,2025-11-17,,
SKU03530,204,71,18,1,2025-11-06,,
SKU03531,375,234,81,3,2025-12-27,,
SKU03532,190,99,23,1,2025-12-05,,
SKU03533,149,178,60,5,2025-12-27,,
SKU03534,321,265,87,4,2025-12-07,,
SKU03535,267,969,339,22,2025-11-20,,
SKU03536,52,84,34,2,2025-12-07,,
SKU03537,181,118,50,2,2025-12-08,,
SKU03538,208,91,24,2,2025-12-24,,
SKU03539,270,134,39,2,2025-12-14,,
SKU03540,261,122,40,3,2025-12-22,,
SKU03541,265,159,77,2,2025-12-22,,
SKU03542,390,271,104,4,2025-12-26,,
SKU03543,31,66,33,1,2025-12-19,,
SKU03544,489,170,47,2,2025-11-25,,
SKU03545,137,84,25,1,2025-11-10,,
SKU03546,0,1305,499,22,2025-10-07,,
SKU03547,210,119,27,2,2025-12-14,,
SKU03548,8055,1767,621,30,2025-08-25,,
SKU03549,479,313,121,5,2025-12-27,,
SKU03550,162,128,43,2,2025-11-27,,
SKU03551,421,198,69,4,2025-12-27,,
SKU03552,154,78,29,1,2025-12-24,,
SKU03553,91,58,28,2,2025-12-31,,
SKU03556,194,101,47,2,2025-12-14,,
SKU03557,72,27,8,1,2025-12-18,,
SKU03558,22,29,14,1,2025-12-06,,
SKU03559,21,29,14,1,2025-12-11,,
SKU03560,248,143,44,2,2025-12-08,,
SKU03561,190,217,78,4,2025-11-24,,
SKU03562,6962,1654,642,30,2025-08-16,,
SKU03563,178,162,48,3,2025-12-24,,
SKU03564,122,150,60,2,2025-11-14,,
SKU03566,209,241,68,4,2025-12-16,,
SKU03567,260,105,34,2,2025-12-30,,
SKU03568,658,340,105,5,2025-12-23,,
SKU03569,47,23,5,1,2025-12-23,,
SKU03570,376,192,85,3,2025-12-26,,
SKU03571,50,20,5,1,2025-12-13,,
SKU03572,73,55,20,1,2025-12-06,,
SKU03573,108,37,8,1,2025-12-03,,
SKU03574,6128,1277,474,21,2025-08-21,,
SKU03575,791,467,151,7,2025-12-23,,
SKU03576,14,21,5,1,2025-12-11,,
SKU03577,79,199,50,3,2025-12-28,,
SKU03578,0,1337,454,24,2025-10-05,,
SKU03579,590,339,135,6,2025-12-28,,
SKU03580,6410,1432,478,28,2025-08-29,,
SKU03581,62,48,22,1,2025-12-04,,
SKU03582,3820,870,302,16,2025-08-31,,
SKU03583,6109,1438,517,25,2025-08-29,,
SKU03584,115,61,26,1,2025-12-10,,
SKU03585,112,125,53,2,2025-12-14,,
SKU03587,305,216,85,4,2025-12-11,,
SKU03588,150,153,58,2,2025-12-21,,
SKU03589,41,75,28,1,2025-11-01,,
SKU03590,70,51,18,1,2025-12-17,,
SKU03591,343,192,72,3,2025-11-18,,
SKU03592,7365,1642,609,30,2025-09-02,,
SKU03593,119,46,15,2,2025-12-22,,
SKU03594,84,71,21,1,2025-11-14,,
SKU03595,134,77,34,1,2025-12-10,,
SKU03596,125,122,39,2,2025-11-15,,
SKU03597,378,204,73,3,2025-12-30,,
SKU03598,485,283,100,4,2025-11-27,,
SKU03599,32,37,8,1,2025-11-04,,
SKU03600,8378,1921,675,30,2025-08-27,,
SKU03601,638,353,142,5,2025-12-22,,
SKU03602,5575,1279,501,21,2025-09-02,,
SKU03603,8409,1861,592,29,2025-09-02,,
SKU03604,89,105,36,2,2025-11-20,,
SKU03605,460,383,122,5,2025-12-29,,
SKU03606,345,220,57,4,2025-12-27,,
SKU03607,284,303,120,5,2025-12-23,,
SKU03608,217,140,59,2,2025-12-15,,
SKU03609,9392,2008,651,30,2025-08-31,,
SKU03610,88,64,16,1,2025-11-05,,
SKU03611,47,46,14,1,2025-12-01,,
SKU03612,18,49,23,1,2025-12-16,,
SKU03613,420,205,87,5,2025-12-30,,
SKU03614,295,219,75,4,2025-11-28,,
SKU03615,194,169,50,3,2025-12-25,,
SKU03616,223,160,59,4,2025-12-08,,
SKU03617,607,298,106,5,2025-12-23,,
SKU03618,154,144,59,2,2025-12-22,,
SKU03619,4709,1004,366,16,2025-11-28,,
SKU03620,89,78,31,2,2025-12-14,,
SKU03621,6490,1413,471,24,2025-08-31,,
SKU03622,81,983,367,16,2025-11-07,,
SKU03623,257,105,49,2,2025-12-30,,
SKU03624,7196,1702,579,27,2025-12-09,,
SKU03625,228,106,39,2,2025-12-13,,
SKU03627,8081,1786,611,29,2025-08-31,,
SKU03628,349,157,65,2,2025-12-27,,
SKU03629,530,258,80,3,2025-12-12,,
SKU03631,47,76,36,1,2025-12-07,,
SKU03632,72,77,18,1,2025-11-08,,
SKU03633,0,1303,436,22,2025-10-09,,
SKU03634,6420,1383,489,28,2025-08-28,,
SKU03635,89,139,49,2,2025-12-19,,
SKU03636,29,23,6,1,2025-11-26,,
SKU03637,188,133,52,2,2025-11-19,,
SKU03638,246,120,51,2,2025-12-14,,
SKU03639,197,89,39,1,2025-11-21,,
SKU03641,106,170,57,3,2025-12-01,,
SKU03642,5070,1216,460,20,2025-12-07,,
SKU03643,491,225,88,3,2025-12-20,,
SKU03645,151,76,25,1,2025-11-22,,
SKU03646,85,87,34,1,2025-12-28,,
SKU03647,110,124,45,2,2025-12-27,,
SKU03648,268,218,85,3,2025-12-21,,
SKU03649,241,85,39,1,2025-12-25,,
SKU03650,546,355,137,5,2025-12-20,,
SKU03651,112,55,13,1,2025-11-09,,
SKU03652,376,256,91,4,2025-12-22,,
SKU03653,56,22,10,1,2025-11-11,,
SKU03654,245,125,41,2,2025-12-19,,
SKU03655,180,112,43,2,2025-12-23,,
SKU03656,117,113,55,2,2025-12-21,,
SKU03657,62,88,21,1,2025-12-28,,
SKU03658,120,122,33,2,2025-12-14,,
SKU03659,279,119,43,2,2025-12-20,,
SKU03660,51,23,5,1,2025-11-13,,
SKU03661,251,129,63,2,2025-12-12,,
SKU03662,520,209,65,3,2025-12-23,,
SKU03663,204,207,73,3,2025-12-13,,
SKU03664,36,24,10,1,2025-12-01,,
SKU03665,488,284,95,5,2025-12-20,,
SKU03666,174,86,37,1,2025-11-26,,
SKU03667,186,152,46,4,2025-12-25,,
SKU03669,88,98,32,2,2025-12-22,,
SKU03670,239,125,31,2,2025-12-22,,
SKU03671,614,262,84,4,2025-12-22,,
SKU03672,208,74,19,1,2025-12-11,,
SKU03674,167,178,65,4,2025-12-31,,
SKU03675,67,62,19,1,2025-12-29,,
SKU03676,571,236,80,3,2025-12-29,,
SKU03677,317,244,85,5,2025-12-26,,
SKU03678,403,260,86,5,2025-12-24,,
SKU03679,75,105,33,2,2025-12-05,,
SKU03681,22,42,17,1,2025-11-14,,
SKU03682,63,154,51,3,2025-12-28,,
SKU03683,180,88,19,1,2025-11-20,,
SKU03684,188,74,22,1,2025-12-31,,
SKU03685,456,182,59,2,2025-12-12,,
SKU03686,1045,608,243,9,2025-12-25,,
SKU03687,369,263,77,4,2025-12-12,,
SKU03688,412,219,72,3,2025-12-09,,
SKU03689,185,200,54,3,2025-12-11,,
SKU03690,129,117,39,2,2025-11-18,,
SKU03691,159,90,22,1,2025-11-30,,
SKU03692,135,59,22,1,2025-11-10,,
SKU03693,173,1375,438,21,2025-11-07,,
SKU03694,217,102,45,2,2025-12-11,,
SKU03695,71,28,13,1,2025-11-01,,
SKU03696,235,100,27,1,2025-12-20,,
SKU03697,59,29,8,1,2025-11-03,,
SKU03698,273,115,31,2,2025-11-18,,
SKU03699,317,282,80,4,2025-12-22,,
SKU03700,390,163,39,3,2025-12-08,,
SKU03701,130,93,40,1,2025-11-25,,
SKU03702,16,938,332,16,2025-11-29,,
SKU03703,133,46,10,1,2025-11-28,,
SKU03705,303,124,32,2,2025-12-29,,
SKU03706,210,99,22,2,2025-12-31,,
SKU03707,143,100,32,2,2025-12-17,,
SKU03709,7499,1770,632,28,2025-08-31,,
SKU03710,182,186,69,4,2025-12-20,,
SKU03711,331,257,98,4,2025-12-30,,
SKU03712,25,27,10,1,2025-11-17,,
SKU03713,181,226,91,3,2025-11-23,,
SKU03714,406,279,83,5,2025-12-27,,
SKU03715,354,267,104,4,2025-12-20,,
SKU03716,112,94,19,1,2025-12-30,,
SKU03717,181,150,50,2,2025-11-12,,
SKU03718,130,76,31,1,2025-11-21,,
SKU03719,275,316,125,4,2025-11-25,,
SKU03720,274,143,49,3,2025-11-04,,
SKU03721,382,143,48,2,2025-11-15,,
SKU03723,337,264,101,3,2025-11-23,,
SKU03724,224,94,39,1,2025-11-30,,
SKU03725,281,138,57,2,2025-12-18,,
SKU03726,244,146,54,3,2025-12-15,,
SKU03727,102,1188,423,20,2025-11-24,,
SKU03728,62,53,21,1,2025-12-18,,
SKU03729,5,61,20,1,2025-11-20,,
SKU03730,583,265,90,3,2025-12-29,,
SKU03731,207,148,61,3,2025-12-29,,
SKU03732,1121,507,168,7,2025-12-30,,
SKU03733,106,122,49,2,2025-12-28,,
SKU03734,297,136,43,3,2025-12-26,,
SKU03735,268,116,41,2,2025-12-26,,
SKU03736,146,169,71,3,2025-12-25,,
SKU03737,6812,1663,595,30,2025-09-02,,
SKU03738,180,108,39,2,2025-11-27,,
SKU03739,300,192,69,3,2025-12-13,,
SKU03740,7323,1653,586,28,2025-08-31,,
SKU03741,52,166,67,2,2025-12-28,,
SKU03743,0,1482,470,24,2025-10-09,,
SKU03744,7605,1660,574,29,2025-09-02,,
SKU03746,260,173,56,2,2025-12-21,,
SKU03747,180,103,33,2,2025-12-16,,
SKU03748,56,74,25,1,2025-12-21,,
SKU03749,7469,1662,525,27,2025-11-06,,
SKU03750,64,227,78,3,2025-12-23,,
SKU03752,249,178,48,3,2025-12-22,,
SKU03753,175,62,25,1,2025-12-03,,
SKU03754,121,131,36,2,2025-12-20,,
SKU03755,335,136,58,3,2025-12-26,,
SKU03756,36,24,10,1,2025-11-15,,
SKU03757,154,123,43,3,2025-12-09,,
SKU03758,46,99,21,1,2025-11-30,,
SKU03759,392,255,88,3,2025-12-16,,
SKU03760,243,98,29,2,2025-11-05,,
SKU03761,220,116,44,2,2025-12-20,,
SKU03762,419,278,110,4,2025-12-25,,
SKU03763,318,212,86,4,2025-12-21,,
SKU03764,123,58,25,1,2025-11-16,,
SKU03765,37,28,8,1,2025-12-03,,
SKU03766,236,123,45,2,2025-11-27,,
SKU03767,316,180,48,3,2025-12-31,,
SKU03768,89,49,18,2,2025-12-27,,
SKU03769,11,48,18,1,2025-12-21,,
SKU03770,111,186,69,3,2025-12-11,,
SKU03771,51,42,17,1,2025-11-27,,
SKU03772,336,126,41,2,2025-12-22,,
SKU03773,8090,1822,668,30,2025-08-31,,
SKU03774,266,217,65,3,2025-12-14,,
SKU03775,240,245,87,4,2025-12-28,,
SKU03777,395,284,99,3,2025-12-15,,
SKU03778,23,25,10,1,2025-12-13,,
SKU03779,148,100,45,1,2025-11-24,,
SKU03780,370,179,72,2,2025-12-28,,
SKU03781,135,69,31,1,2025-11-23,,
SKU03782,152,60,19,2,2025-12-26,,
SKU03783,167,187,70,4,2025-12-28,,
SKU03784,124,130,58,2,2025-12-12,,
SKU03785,30,51,18,1,2025-11-05,,
SKU03786,10,40,10,1,2025-11-29,,
SKU03787,150,127,51,2,2025-12-23,,
SKU03788,49,86,35,2,2025-12-27,,
SKU03789,253,126,49,2,2025-12-09,,
SKU03791,202,91,30,1,2025-11-13,,
SKU03792,194,94,42,2,2025-11-15,,
SKU03793,453,243,107,3,2025-12-28,,
SKU03794,21,43,14,1,2025-12-09,,
SKU03795,337,125,47,2,2025-11-23,,
SKU03797,216,253,103,4,2025-12-28,,
SKU03798,188,86,43,1,2025-12-06,,
SKU03799,4,58,24,1,2025-11-10,,
SKU03800,0,1071,357,17,2025-10-10,,
SKU03802,230,151,57,3,2025-11-28,,
SKU03803,7305,1640,588,26,2025-08-23,,
SKU03805,7499,1688,629,30,2025-11-12,,
SKU03807,4900,1080,348,21,2025-08-23,,
SKU03808,190,153,47,2,2025-12-04,,
SKU03809,160,135,48,2,2025-12-05,,
SKU03810,666,300,83,5,2025-12-21,,
SKU03811,596,426,169,7,2025-12-14,,
SKU03812,15,1359,472,23,2025-12-18,,
SKU03813,401,149,45,2,2025-11-22,,
SKU03814,263,107,32,2,2025-12-28,,
SKU03815,150,53,15,1,2025-11-02,,
SKU03816,374,325,102,6,2025-12-29,,
SKU03817,121,60,13,1,2025-12-29,,
SKU03818,386,233,62,4,2025-12-20,,
SKU03819,215,122,48,2,2025-12-28,,
SKU03820,47,31,13,1,2025-11-18,,
SKU03821,231,179,53,4,2025-12-26,,
SKU03822,7840,1677,594,29,2025-08-31,,
SKU03823,6680,1531,531,26,2025-09-01,,
SKU03824,269,121,40,2,2025-12-21,,
SKU03825,186,86,27,1,2025-12-05,,
SKU03826,235,126,34,2,2025-12-17,,
SKU03828,7088,1590,563,25,2025-08-26,,
SKU03829,432,192,64,3,2025-12-25,,
SKU03830,90,48,13,2,2025-11-16,,
SKU03831,299,173,74,2,2025-12-27,,
SKU03832,28,49,17,1,2025-11-15,,
SKU03833,8894,1913,621,30,2025-08-31,,
SKU03834,46,45,18,1,2025-11-04,,
SKU03835,22,32,14,1,2025-11-19,,
SKU03837,7885,1748,623,28,2025-09-01,,
SKU03838,259,153,49,2,2025-12-15,,
SKU03839,8057,1821,649,30,2025-12-01,,
SKU03840,68,1562,544,23,2025-11-11,,
SKU03841,51,99,41,2,2025-12-26,,
SKU03842,149,58,23,1,2025-11-07,,
SKU03843,95,75,19,1,2025-12-20,,
SKU03845,533,263,109,4,2025-12-15,,
SKU03846,83,179,78,2,2025-12-20,,
SKU03847,175,80,33,2,2025-12-29,,
SKU03848,4695,1114,409,21,2025-12-25,,
SKU03849,248,215,61,4,2025-12-06,,
SKU03850,132,52,13,2,2025-12-23,,
SKU03851,0,1353,475,20,2025-10-10,,
SKU03852,303,210,77,3,2025-12-30,,
SKU03853,192,88,24,3,2025-12-20,,
SKU03854,284,146,55,3,2025-12-17,,
SKU03855,345,271,110,4,2025-12-27,,
SKU03856,207,178,77,3,2025-12-21,,
SKU03857,361,174,70,3,2025-12-27,,
SKU03859,144,80,32,2,2025-12-16,,
SKU03860,253,141,50,2,2025-12-17,,
SKU03861,108,191,79,2,2025-12-13,,
SKU03862,411,173,69,3,2025-12-16,,
SKU03863,8574,1902,615,30,2025-08-23,,
SKU03864,7884,1772,608,28,2025-09-02,,
SKU03865,179,94,32,2,2025-12-02,,
SKU03866,455,206,69,3,2025-12-31,,
SKU03868,239,119,43,2,2025-12-11,,
SKU03869,206,93,37,3,2025-12-18,,
SKU03870,0,1442,499,24,2025-10-11,,
SKU03871,413,318,121,5,2025-12-28,,
SKU03873,500,230,85,3,2025-12-26,,
SKU03874,92,78,30,1,2025-11-21,,
SKU03875,168,155,50,2,2025-12-15,,
SKU03876,69,946,300,17,2025-12-26,,
SKU03877,394,191,74,4,2025-12-21,,
SKU03878,159,63,18,1,2025-12-03,,
SKU03879,269,172,57,3,2025-12-02,,
SKU03880,172,194,71,4,2025-12-22,,
SKU03881,547,252,96,4,2025-12-29,,
SKU03882,192,96,32,2,2025-12-14,,
SKU03883,293,286,103,4,2025-12-31,,
SKU03884,6984,1581,559,26,2025-08-31,,
SKU03885,301,187,47,2,2025-12-23,,
SKU03886,126,82,29,1,2025-12-20,,
SKU03887,112,78,26,2,2025-11-26,,
SKU03888,324,180,53,3,2025-11-30,,
SKU03889,182,90,34,1,2025-11-23,,
SKU03890,381,219,82,4,2025-12-20,,
SKU03891,1,74,22,1,2025-11-01,,
SKU03892,5029,1120,390,19,2025-11-29,,
SKU03893,312,185,77,4,2025-12-26,,
SKU03894,268,184,77,3,2025-12-30,,
SKU03895,84,218,71,4,2025-12-22,,
SKU03896,343,179,42,3,2025-12-03,,
SKU03897,175,100,36,1,2025-11-06,,
SKU03898,309,223,90,4,2025-12-31,,
SKU03899,489,282,82,7,2025-11-26,,
SKU03900,388,210,90,3,2025-12-26,,
SKU03901,200,112,49,3,2025-11-21,,
SKU03902,163,214,83,3,2025-12-14,,
SKU03903,282,183,58,4,2025-12-23,,
SKU03904,100,103,43,2,2025-12-17,,
SKU03905,6638,1455,473,25,2025-09-01,,
SKU03906,345,210,80,3,2025-12-16,,
SKU03907,0,1384,509,24,2025-10-11,,
SKU03908,254,127,38,2,2025-12-08,,
SKU03909,70,79,17,1,2025-12-29,,
SKU03910,122,142,50,2,2025-11-09,,
SKU03911,239,130,37,2,2025-12-17,,
SKU03912,311,117,40,3,2025-12-19,,
SKU03913,27,83,26,2,2025-12-27,,
SKU03914,185,96,44,1,2025-11-12,,
SKU03915,95,70,18,1,2025-11-18,,
SKU03916,195,125,43,2,2025-12-27,,
SKU03917,285,287,113,6,2025-12-24,,
SKU03918,273,217,89,3,2025-12-18,,
SKU03919,158,63,13,1,2025-12-10,,
SKU03920,64,56,22,2,2025-12-28,,
SKU03921,396,174,77,2,2025-12-16,,
SKU03922,191,91,42,1,2025-12-09,,
SKU03923,177,113,40,2,2025-12-28,,
SKU03924,210,139,44,2,2025-12-29,,
SKU03925,183,162,49,3,2025-12-14,,
SKU03927,189,88,31,1,2025-11-09,,
SKU03928,101,62,29,1,2025-12-10,,
SKU03929,164,98,26,1,2025-11-19,,
SKU03930,49,72,27,2,2025-11-04,,
SKU03931,3555,963,306,15,2025-08-24,,
SKU03932,9179,1910,673,27,2025-08-31,,
SKU03933,134,116,38,2,2025-11-17,,
SKU03934,132,272,82,3,2025-12-25,,
SKU03935,5153,1132,421,20,2025-08-31,,
SKU03936,443,214,76,4,2025-12-27,,
SKU03937,440,330,138,5,2025-12-18,,
SKU03938,270,91,44,1,2025-11-02,,
SKU03939,18,120,39,2,2025-12-19,,
SKU03940,162,227,84,4,2025-12-12,,
SKU03941,8524,1795,646,30,2025-08-22,,
SKU03942,148,98,25,2,2025-12-21,,
SKU03943,84,133,55,2,2025-12-30,,
SKU03944,656,390,135,5,2025-12-16,,
SKU03945,310,215,68,3,2025-12-18,,
SKU03947,248,130,52,2,2025-12-07,,
SKU03948,44,122,42,2,2025-12-31,,
SKU03949,217,76,35,1,2025-11-29,,
SKU03950,7925,1861,652,29,2025-08-30,,
SKU03951,225,276,85,4,2025-12-31,,
SKU03952,71,179,60,2,2025-12-07,,
SKU03953,114,156,45,3,2025-12-11,,
SKU03954,262,169,58,2,2025-12-04,,
SKU03955,140,93,23,3,2025-12-25,,
SKU03956,175,151,57,2,2025-12-07,,
SKU03958,505,220,82,3,2025-12-26,,
SKU03959,205,89,34,1,2025-12-14,,
SKU03960,216,80,30,1,2025-12-03,,
SKU03961,4455,1088,375,17,2025-11-07,,
SKU03962,69,34,14,1,2025-12-11,,
SKU03963,674,322,113,5,2025-12-31,,
SKU03964,177,132,51,2,2025-12-24,,
SKU03965,262,176,70,2,2025-12-26,,
SKU03966,4412,1012,355,17,2025-11-18,,
SKU03967,399,174,78,3,2025-12-18,,
SKU03968,8543,1745,623,30,2025-09-02,,
SKU03969,299,216,64,4,2025-12-22,,
SKU03970,104,48,15,1,2025-12-03,,
SKU03971,138,89,24,2,2025-11-09,,
SKU03972,424,212,82,4,2025-12-17,,
SKU03974,125,65,14,1,2025-12-05,,
SKU03975,8855,1941,645,30,2025-11-30,,
SKU03976,419,145,58,2,2025-12-28,,
SKU03977,179,132,51,2,2025-11-30,,
SKU03978,189,70,22,1,2025-11-13,,
SKU03979,223,83,23,1,2025-12-12,,
SKU03980,498,325,114,4,2025-12-29,,
SKU03981,281,196,78,3,2025-12-13,,
SKU03982,147,96,33,2,2025-12-31,,
SKU03983,335,145,51,3,2025-12-28,,
SKU03984,626,358,142,5,2025-12-29,,
SKU03985,389,214,71,3,2025-12-09,,
SKU03986,246,166,80,3,2025-12-22,,
SKU03987,50,82,32,2,2025-11-11,,
SKU03988,94,105,35,2,2025-11-06,,
SKU03989,229,196,84,4,2025-12-31,,
SKU03990,32,40,19,1,2025-11-07,,
SKU03991,6848,1604,594,26,2025-12-10,,
SKU03992,681,441,165,6,2025-12-30,,
SKU03994,307,149,52,2,2025-12-25,,
SKU03995,353,181,71,2,2025-12-08,,
SKU03996,337,300,106,4,2025-12-20,,
SKU03997,242,176,49,3,2025-12-22,,
SKU03998,38,45,15,1,2025-12-29,,
SKU04000,5,23,8,1,2025-12-05,,
SKU04001,433,264,91,4,2025-11-22,,
SKU04002,403,243,100,3,2025-12-03,,
SKU04003,176,123,40,2,2025-12-24,,
SKU04004,102,36,7,1,2025-11-30,,
SKU04005,215,233,83,4,2025-12-26,,
SKU04006,51,34,10,1,2025-12-12,,
SKU04007,157,96,39,2,2025-11-08,,
SKU04008,232,148,56,3,2025-12-14,,
SKU04009,380,296,97,4,2025-12-04,,
SKU04010,101,66,28,2,2025-12-17,,
SKU04011,106,116,50,2,2025-12-25,,
SKU04012,0,1029,326,15,2025-10-09,,
SKU04013,161,101,27,2,2025-11-25,,
SKU04014,78,85,39,2,2025-12-13,,
SKU04015,412,198,77,3,2025-12-29,,
SKU04016,282,1426,476,25,2025-12-18,,
SKU04017,261,153,71,2,2025-11-19,,
SKU04018,7270,1443,509,23,2025-12-07,,
SKU04019,8633,1875,660,30,2025-09-01,,
SKU04020,188,191,74,4,2025-12-27,,
SKU04021,303,149,50,3,2025-12-28,,
SKU04022,319,234,60,3,2025-12-26,,
SKU04023,222,131,34,2,2025-12-11,,
SKU04024,230,122,51,2,2025-11-07,,
SKU04025,155,79,24,2,2025-12-03,,
SKU04026,245,124,29,2,2025-11-23,,
SKU04028,372,271,102,4,2025-12-22,,
SKU04029,118,94,28,1,2025-12-18,,
SKU04030,308,158,64,2,2025-12-19,,
SKU04031,87,38,15,1,2025-12-16,,
SKU04032,125,1339,464,23,2025-12-24,,
SKU04033,161,94,31,2,2025-12-14,,
SKU04034,73,68,20,1,2025-12-31,,
SKU04035,0,1165,360,19,2025-10-12,,
SKU04036,179,77,26,1,2025-11-26,,
SKU04037,214,120,40,2,2025-11-30,,
SKU04038,357,307,93,4,2025-12-22,,
SKU04039,143,76,31,1,2025-11-24,,
SKU04040,30,30,9,1,2025-11-17,,
SKU04041,0,1244,474,20,2025-10-06,,
SKU04042,161,107,37,2,2025-12-11,,
SKU04044,341,267,112,4,2025-12-25,,
SKU04045,228,176,75,2,2025-12-18,,
SKU04046,47,1434,484,23,2025-12-29,,
SKU04048,6615,1483,506,24,2025-08-30,,
SKU04049,757,351,110,5,2025-12-26,,
SKU04050,395,281,91,4,2025-11-15,,
SKU04051,193,75,25,2,2025-12-13,,
SKU04052,6170,1419,518,24,2025-08-31,,
SKU04053,7592,1798,665,29,2025-09-02,,
SKU04054,7524,1693,590,30,2025-08-30,,
SKU04055,41,26,7,1,2025-11-20,,
SKU04056,38,106,46,2,2025-12-13,,
SKU04057,711,385,139,5,2025-12-26,,
SKU04058,67,89,18,1,2025-12-31,,
SKU04060,543,302,112,6,2025-12-27,,
SKU04061,96,79,32,2,2025-12-04,,
SKU04062,7894,1785,691,30,2025-09-02,,
SKU04063,50,168,54,3,2025-12-06,,
SKU04065,354,177,77,3,2025-12-21,,
SKU04066,498,220,74,3,2025-12-16,,
SKU04068,67,24,6,1,2025-12-19,,
SKU04069,137,124,58,2,2025-12-28,,
SKU04070,115,122,33,2,2025-12-03,,
SKU04071,368,149,49,3,2025-12-04,,
SKU04072,55,81,21,1,2025-11-09,,
SKU04073,7539,1734,586,30,2025-08-29,,
SKU04074,7,50,19,1,2025-11-13,,
SKU04075,59,94,28,1,2025-12-13,,
SKU04076,27,23,7,1,2025-12-15,,
SKU04077,506,186,65,3,2025-12-19,,
SKU04078,582,450,196,6,2025-12-30,,
SKU04079,84,127,50,2,2025-12-13,,
SKU04080,186,67,18,1,2025-11-21,,
SKU04081,178,158,46,4,2025-12-17,,
SKU04082,110,55,21,1,2025-11-21,,
SKU04083,191,82,33,1,2025-11-08,,
SKU04084,465,290,94,4,2025-12-13,,
SKU04085,205,183,79,2,2025-12-25,,
SKU04086,290,196,79,3,2025-12-24,,
SKU04087,128,87,38,2,2025-12-22,,
SKU04088,73,28,7,1,2025-12-14,,
SKU04089,373,189,73,3,2025-12-16,,
SKU04090,476,232,50,3,2025-12-26,,
SKU04091,120,136,65,2,2025-12-20,,
SKU04092,310,168,62,2,2025-11-19,,
SKU04093,244,131,55,2,2025-11-27,,
SKU04094,144,114,25,2,2025-12-09,,
SKU04095,438,176,59,3,2025-12-19,,
SKU04096,88,41,12,1,2025-12-01,,
SKU04097,107,79,30,2,2025-12-23,,
SKU04098,458,220,83,4,2025-12-27,,
SKU04101,117,63,23,2,2025-12-22,,
SKU04102,7555,1766,649,26,2025-12-16,,
SKU04103,16,46,15,1,2025-12-11,,
SKU04104,60,73,29,2,2025-12-09,,
SKU04105,72,1213,466,18,2025-12-30,,
SKU04106,6068,1273,436,25,2025-08-23,,
SKU04107,7804,1726,605,29,2025-09-02,,
SKU04108,406,220,73,3,2025-12-31,,
SKU04109,214,187,80,3,2025-12-25,,
SKU04110,165,70,29,1,2025-12-08,,
SKU04111,104,50,17,1,2025-11-17,,
SKU04114,213,84,38,1,2025-11-30,,
SKU04116,419,259,82,4,2025-11-21,,
SKU04117,77,137,61,2,2025-12-28,,
SKU04118,5534,1197,393,21,2025-08-24,,
SKU04119,117,83,19,1,2025-11-27,,
SKU04120,155,92,30,2,2025-12-04,,
SKU04121,218,207,72,4,2025-12-28,,
SKU04122,353,170,68,3,2025-12-18,,
SKU04123,82,69,27,2,2025-12-17,,
SKU04124,102,59,13,1,2025-12-07,,
SKU04125,274,184,65,2,2025-12-21,,
SKU04126,63,1381,467,26,2025-12-19,,
SKU04127,137,81,24,1,2025-12-03,,
SKU04128,154,78,28,1,2025-11-03,,
SKU04129,281,124,37,2,2025-12-19,,
SKU04130,44,92,18,1,2025-12-30,,
SKU04131,161,105,33,2,2025-12-03,,
SKU04132,150,51,16,1,2025-12-28,,
SKU04133,295,163,56,3,2025-12-01,,
SKU04135,364,227,70,3,2025-12-21,,
SKU04136,172,114,41,2,2025-11-12,,
SKU04137,91,107,36,2,2025-12-19,,
SKU04138,71,81,25,2,2025-12-03,,
SKU04139,172,111,38,2,2025-12-24,,
SKU04140,108,1246,431,20,2025-12-25,,
SKU04141,110,104,42,2,2025-12-06,,
SKU04142,6934,1614,600,28,2025-08-24,,
SKU04144,7612,1799,648,28,2025-08-30,,
SKU04145,6849,1452,532,27,2025-08-29,,
SKU04146,161,60,28,1,2025-12-12,,
SKU04147,7641,1661,613,27,2025-09-02,,
SKU04148,37,49,21,1,2025-11-26,,
SKU04149,34,28,13,1,2025-11-29,,
SKU04150,93,74,25,1,2025-11-19,,
SKU04151,266,239,72,5,2025-12-31,,
SKU04152,7386,1615,554,28,2025-09-02,,
SKU04153,8232,1790,633,30,2025-08-20,,
SKU04154,327,1471,520,23,2025-12-28,,
SKU04155,74,64,19,1,2025-12-11,,
SKU04156,0,64,21,1,2025-12-22,,
SKU04157,58,1937,638,25,2025-12-04,,
SKU04158,4377,1060,390,16,2025-11-17,,
SKU04159,248,183,51,3,2025-12-02,,
SKU04160,6747,1491,555,27,2025-08-30,,
SKU04161,66,69,27,1,2025-12-21,,
SKU04162,31,55,21,2,2025-12-16,,
SKU04163,106,126,48,2,2025-12-28,,
SKU04164,133,57,17,2,2025-12-18,,
SKU04165,287,167,54,3,2025-12-30,,
SKU04166,0,1278,430,22,2025-10-06,,
SKU04169,77,66,27,2,2025-11-10,,
SKU04170,183,161,48,3,2025-12-19,,
SKU04171,5,88,26,1,2025-11-01,,
SKU04172,238,122,32,2,2025-12-21,,
SKU04173,143,147,44,4,2025-12-15,,
SKU04174,256,114,27,2,2025-12-11,,
SKU04175,51,110,34,2,2025-11-15,,
SKU04176,10,25,8,1,2025-12-31,,
SKU04177,540,269,86,5,2025-12-26,,
SKU04178,339,184,60,4,2025-11-22,,
SKU04179,177,82,34,2,2025-11-14,,
SKU04180,438,320,110,5,2025-12-22,,
SKU04181,55,97,48,1,2025-11-02,,
SKU04184,125,54,13,1,2025-12-13,,
SKU04185,109,102,32,3,2025-12-11,,
SKU04186,340,125,37,2,2025-12-21,,
SKU04187,305,202,67,3,2025-12-26,,
SKU04188,143,139,49,2,2025-12-27,,
SKU04189,155,111,25,2,2025-11-14,,
SKU04190,102,84,33,2,2025-11-21,,
SKU04191,0,1437,479,20,2025-10-11,,
SKU04192,760,367,99,4,2025-12-26,,
SKU04193,46,30,13,1,2025-11-11,,
SKU04194,7126,1580,551,24,2025-12-15,,
SKU04195,210,81,22,1,2025-11-30,,
SKU04196,223,86,35,1,2025-12-05,,
SKU04197,620,298,111,4,2025-11-23,,
SKU04198,402,180,74,2,2025-12-18,,
SKU04199,229,102,27,2,2025-11-18,,
SKU04201,325,184,56,3,2025-12-13,,
SKU04202,311,222,91,4,2025-12-08,,
SKU04203,384,313,132,4,2025-12-26,,
SKU04204,287,157,49,3,2025-12-31,,
SKU04205,127,90,33,1,2025-11-14,,
SKU04206,38,64,24,1,2025-12-22,,
SKU04207,130,169,54,2,2025-11-18,,
SKU04208,73,90,30,1,2025-11-30,,
SKU04209,177,82,36,2,2025-12-11,,
SKU04211,120,150,49,3,2025-11-12,,
SKU04212,7339,1690,627,29,2025-09-02,,
SKU04213,155,63,17,1,2025-12-11,,
SKU04214,73,54,25,1,2025-12-09,,
SKU04215,7275,1655,573,29,2025-08-27,,
SKU04216,190,107,37,2,2025-12-26,,
SKU04217,6589,1463,482,23,2025-11-21,,
SKU04218,93,71,20,1,2025-12-19,,
SKU04219,331,195,71,3,2025-12-19,,
SKU04220,257,136,48,2,2025-11-29,,
SKU04221,181,94,41,2,2025-12-14,,
SKU04222,8692,1945,699,30,2025-09-01,,
SKU04223,226,212,73,4,2025-12-28,,
SKU04225,169,65,17,1,2025-12-14,,
SKU04226,461,229,87,3,2025-12-31,,
SKU04227,80,28,6,1,2025-11-21,,
SKU04228,7249,1640,546,27,2025-09-01,,
SKU04229,142,58,29,1,2025-11-30,,
SKU04230,32,50,13,1,2025-12-22,,
SKU04231,155,61,24,1,2025-12-04,,
SKU04233,247,181,45,2,2025-11-28,,
SKU04234,129,148,49,2,2025-12-22,,
SKU04235,481,307,109,5,2025-12-24,,
SKU04236,7621,1635,574,24,2025-08-31,,
SKU04237,78,31,7,1,2025-12-15,,
SKU04238,268,227,68,3,2025-12-20,,
SKU04239,174,116,35,2,2025-12-12,,
SKU04240,66,42,10,1,2025-12-16,,
SKU04241,46,37,11,1,2025-11-07,,
SKU04242,107,53,21,1,2025-11-02,,
SKU04243,28,31,12,1,2025-12-13,,
SKU04244,4751,1080,348,17,2025-12-22,,
SKU04245,99,1247,453,21,2025-12-25,,
SKU04246,130,68,16,1,2025-11-13,,
SKU04247,88,30,12,1,2025-12-21,,
SKU04249,7206,1627,559,25,2025-08-28,,
SKU04250,8411,1835,637,29,2025-09-01,,
SKU04251,353,299,110,5,2025-12-25,,
SKU04252,121,59,25,2,2025-12-31,,
SKU04253,20,54,12,1,2025-12-29,,
SKU04254,367,218,76,4,2025-12-06,,
SKU04255,320,285,103,5,2025-12-17,,
SKU04256,36,85,37,2,2025-12-23,,
SKU04258,260,132,56,2,2025-12-19,,
SKU04259,462,239,87,3,2025-12-02,,
SKU04261,7434,1628,599,29,2025-08-24,,
SKU04262,89,39,19,1,2025-12-30,,
SKU04263,334,168,55,3,2025-12-17,,
SKU04264,341,204,71,4,2025-12-13,,
SKU04265,5423,1142,371,20,2025-08-30,,
SKU04266,337,148,61,3,2025-12-14,,
SKU04267,261,144,37,3,2025-12-26,,
SKU04269,0,22,6,1,2025-12-29,,
SKU04270,369,187,69,2,2025-12-13,,
SKU04272,26,20,9,1,2025-12-18,,
SKU04273,0,1369,485,21,2025-09-30,,
SKU04274,277,169,62,2,2025-12-24,,
SKU04275,28,46,18,1,2025-12-17,,
SKU04276,144,120,46,2,2025-12-12,,
SKU04277,381,181,56,3,2025-12-22,,
SKU04280,335,1274,411,23,2025-12-14,,
SKU04281,6997,1593,496,25,2025-08-25,,
SKU04282,213,118,51,2,2025-12-28,,
SKU04283,136,80,25,1,2025-12-18,,
SKU04284,203,190,61,4,2025-12-24,,
SKU04285,477,186,63,3,2025-11-20,,
SKU04286,214,138,48,2,2025-12-23,,
SKU04287,12,88,39,2,2025-12-27,,
SKU04289,173,145,39,2,2025-12-20,,
SKU04290,85,58,29,1,2025-12-27,,
SKU04291,324,211,66,3,2025-12-29,,
SKU04292,7275,1650,558,27,2025-09-02,,
SKU04293,72,50,12,2,2025-11-25,,
SKU04294,177,145,34,2,2025-12-26,,
SKU04295,84,102,29,3,2025-12-15,,
SKU04296,70,26,7,1,2025-12-26,,
SKU04297,257,162,72,2,2025-12-01,,
SKU04298,189,91,39,2,2025-11-15,,
SKU04299,380,198,78,3,2025-12-22,,
SKU04300,233,196,54,4,2025-12-21,,
SKU04301,89,62,21,1,2025-12-28,,
SKU04302,69,30,8,1,2025-12-22,,
SKU04303,453,195,78,3,2025-12-22,,
SKU04304,99,76,28,2,2025-12-28,,
SKU04305,0,1050,363,20,2025-10-12,,
SKU04306,282,212,72,4,2025-12-19,,
SKU04307,369,287,93,4,2025-12-29,,
SKU04308,87,35,13,1,2025-12-20,,
SKU04309,11,154,49,2,2025-12-24,,
SKU04310,309,209,48,3,2025-12-09,,
SKU04311,264,121,43,2,2025-12-04,,
SKU04313,247,178,60,3,2025-12-28,,
SKU04314,203,141,59,2,2025-12-24,,
SKU04315,87,1508,520,25,2025-12-25,,
SKU04317,212,113,39,2,2025-12-16,,
SKU04318,38,993,364,18,2025-12-08,,
SKU04319,6711,1488,527,26,2025-08-24,,
SKU04320,239,121,41,2,2025-12-07,,
SKU04321,260,1026,321,19,2025-12-29,,
SKU04322,130,105,36,2,2025-12-17,,
SKU04323,37,47,14,1,2025-11-23,,
SKU04324,3,27,13,1,2025-11-18,,
SKU04325,77,32,12,1,2025-12-19,,
SKU04326,193,111,42,2,2025-11-22,,
SKU04327,114,167,58,3,2025-12-17,,
SKU04328,146,207,76,3,2025-12-23,,
SKU04329,0,1228,460,23,2025-10-11,,
SKU04330,64,42,17,1,2025-11-14,,
SKU04331,433,273,111,4,2025-12-08,,
SKU04332,46,42,18,1,2025-11-23,,
SKU04333,238,210,93,4,2025-12-25,,
SKU04334,7084,1570,554,26,2025-11-11,,
SKU04335,132,180,63,3,2025-12-02,,
SKU04336,184,92,35,1,2025-12-18,,
SKU04338,268,116,25,2,2025-11-29,,
SKU04339,12,41,11,1,2025-11-27,,
SKU04340,493,293,126,5,2025-12-29,,
SKU04342,95,41,18,1,2025-11-09,,
SKU04343,110,83,26,1,2025-12-04,,
SKU04344,34,66,32,2,2025-12-01,,
SKU04345,384,234,91,4,2025-12-25,,
SKU04346,0,1466,497,22,2025-10-07,,
SKU04347,213,99,25,1,2025-12-30,,
SKU04348,16,1075,390,18,2025-11-28,,
SKU04349,324,174,59,2,2025-12-13,,
SKU04350,0,1406,467,23,2025-10-11,,
SKU04351,168,64,22,1,2025-11-24,,
SKU04352,7623,1594,559,25,2025-08-30,,
SKU04353,74,58,18,1,2025-12-08,,
SKU04354,132,94,30,2,2025-12-24,,
SKU04355,95,88,19,2,2025-12-22,,
SKU04356,352,131,45,2,2025-11-19,,
SKU04357,386,172,59,4,2025-12-28,,
SKU04358,86,200,88,3,2025-12-13,,
SKU04360,230,147,48,2,2025-12-06,,
SKU04361,97,42,20,1,2025-12-05,,
SKU04362,14,1549,536,25,2025-11-03,,
SKU04363,73,81,33,1,2025-11-25,,
SKU04364,1075,479,169,6,2025-12-24,,
SKU04365,300,181,81,3,2025-12-31,,
SKU04366,250,107,29,2,2025-12-11,,
SKU04368,28,75,34,2,2025-12-02,,
SKU04369,735,356,104,6,2025-12-19,,
SKU04370,357,276,104,4,2025-12-30,,
SKU04372,8,62,30,1,2025-12-13,,
SKU04373,480,262,96,5,2025-12-09,,
SKU04375,116,84,34,1,2025-11-02,,
SKU04377,122,70,31,1,2025-12-11,,
SKU04378,312,179,54,3,2025-11-22,,
SKU04379,114,144,57,3,2025-12-16,,
SKU04380,72,54,17,2,2025-12-20,,
SKU04381,0,1286,459,20,2025-10-09,,
SKU04383,70,54,22,1,2025-12-01,,
SKU04384,343,179,60,3,2025-12-28,,
SKU04386,14,27,12,1,2025-11-20,,
SKU04387,449,182,43,3,2025-12-27,,
SKU04388,5379,1299,416,22,2025-08-31,,
SKU04389,233,93,41,1,2025-11-03,,
SKU04391,212,87,22,3,2025-11-16,,
SKU04392,7431,1674,613,28,2025-08-20,,
SKU04394,129,100,43,2,2025-12-05,,
SKU04395,32,33,7,1,2025-12-13,,
SKU04396,495,301,107,4,2025-12-30,,
SKU04397,58,66,20,2,2025-12-02,,
SKU04398,636,418,111,6,2025-12-24,,
SKU04400,330,157,60,2,2025-11-25,,
SKU04401,7220,1621,547,26,2025-08-22,,
SKU04402,40,83,27,2,2025-12-08,,
SKU04403,233,209,68,4,2025-12-26,,
SKU04404,394,185,44,3,2025-12-29,,
SKU04405,54,148,53,2,2025-12-26,,
SKU04408,16,24,9,1,2025-11-18,,
SKU04409,7772,1688,570,28,2025-11-21,,
SKU04410,154,146,53,2,2025-12-22,,
SKU04411,333,236,93,3,2025-12-18,,
SKU04412,6871,1535,546,25,2025-08-31,,
SKU04413,270,144,68,2,2025-12-12,,
SKU04414,9126,1888,666,30,2025-08-31,,
SKU04415,453,240,86,3,2025-12-29,,
SKU04416,307,282,75,3,2025-12-10,,
SKU04417,514,308,129,5,2025-12-23,,
SKU04418,304,174,54,3,2025-12-23,,
SKU04419,110,86,32,2,2025-12-29,,
SKU04420,15,21,6,1,2025-12-19,,
SKU04421,401,192,57,3,2025-12-31,,
SKU04422,220,207,55,3,2025-12-31,,
SKU04424,81,239,97,3,2025-12-09,,
SKU04425,4310,1014,342,16,2025-12-24,,
SKU04427,37,110,47,2,2025-12-29,,
SKU04428,661,310,109,4,2025-12-30,,
SKU04429,20,58,12,1,2025-12-05,,
SKU04430,139,48,16,1,2025-11-07,,
SKU04431,75,118,31,2,2025-12-31,,
SKU04432,88,100,35,2,2025-12-11,,
SKU04433,433,290,105,4,2025-12-15,,
SKU04434,50,74,24,2,2025-11-17,,
SKU04435,371,193,74,2,2025-11-08,,
SKU04436,133,163,50,2,2025-11-28,,
SKU04437,49,37,14,1,2025-12-30,,
SKU04438,200,156,38,3,2025-12-02,,
SKU04439,35,52,13,1,2025-11-18,,
SKU04440,392,275,96,4,2025-12-30,,
SKU04441,81,89,34,2,2025-12-19,,
SKU04442,7864,1634,584,29,2025-08-31,,
SKU04443,8071,1725,640,28,2025-08-26,,
SKU04445,311,155,54,2,2025-12-15,,
SKU04446,323,244,78,4,2025-12-13,,
SKU04447,351,145,56,3,2025-12-25,,
SKU04448,379,399,139,6,2025-12-29,,
SKU04449,162,157,59,2,2025-12-11,,
SKU04450,315,248,96,5,2025-12-29,,
SKU04451,26,27,10,1,2025-11-14,,
SKU04452,328,351,136,5,2025-12-29,,
SKU04453,0,1289,470,23,2025-10-10,,
SKU04454,129,181,73,3,2025-12-21,,
SKU04455,810,405,137,6,2025-12-29,,
SKU04456,494,346,102,7,2025-12-28,,
SKU04457,315,179,58,4,2025-12-29,,
SKU04458,213,189,57,3,2025-12-25,,
SKU04459,147,87,41,1,2025-11-23,,
SKU04461,4325,998,319,16,2025-11-09,,
SKU04462,323,193,82,3,2025-12-24,,
SKU04463,119,206,72,4,2025-12-27,,
SKU04464,391,199,73,3,2025-12-13,,
SKU04465,52,25,7,1,2025-11-10,,
SKU04466,116,61,17,1,2025-11-20,,
SKU04467,325,171,52,3,2025-12-05,,
SKU04468,5088,1146,383,20,2025-08-28,,
SKU04469,59,124,35,2,2025-12-08,,
SKU04470,4487,1068,408,17,2025-12-24,,
SKU04471,63,52,15,1,2025-12-12,,
SKU04472,289,286,65,5,2025-12-29,,
SKU04473,221,83,19,1,2025-12-14,,
SKU04474,403,173,52,2,2025-12-11,,
SKU04475,9740,2147,746,30,2025-09-02,,
SKU04476,0,903,318,15,2025-10-08,,
SKU04477,134,73,18,1,2025-12-30,,
SKU04478,7,115,35,2,2025-12-27,,
SKU04479,355,151,69,2,2025-11-22,,
SKU04480,115,84,30,3,2025-12-20,,
SKU04481,581,319,139,5,2025-12-29,,
SKU04482,144,186,64,3,2025-12-31,,
SKU04483,491,283,111,4,2025-12-15,,
SKU04484,261,93,36,1,2025-12-16,,
SKU04485,33,79,23,1,2025-12-11,,
SKU04486,431,240,84,4,2025-12-30,,
SKU04487,8,27,8,1,2025-11-06,,
SKU04488,460,250,73,3,2025-12-18,,
SKU04489,0,1224,433,21,2025-10-09,,
SKU04490,131,142,70,2,2025-12-27,,
SKU04491,8762,1839,638,30,2025-08-25,,
SKU04492,24,70,34,1,2025-11-17,,
SKU04493,510,305,108,4,2025-12-07,,
SKU04494,379,220,86,4,2025-11-28,,
SKU04495,488,261,118,4,2025-12-23,,
SKU04497,4,80,22,1,2025-12-18,,
SKU04498,342,192,68,3,2025-12-14,,
SKU04499,5445,1376,434,20,2025-11-10,,
SKU04500,214,154,60,3,2025-12-05,,
SKU04501,198,142,39,3,2025-12-29,,
SKU04502,65,71,25,2,2025-11-06,,
SKU04503,375,175,71,3,2025-12-13,,
SKU04504,3152,867,277,20,2025-11-20,,
SKU04505,8730,1886,699,30,2025-08-31,,
SKU04506,595,408,155,7,2025-12-14,,
SKU04507,78,52,19,2,2025-11-11,,
SKU04508,0,1154,381,20,2025-10-12,,
SKU04509,258,258,81,4,2025-12-24,,
SKU04510,224,109,40,3,2025-12-31,,
SKU04511,501,277,103,5,2025-12-06,,
SKU04512,153,102,41,2,2025-12-27,,
SKU04513,207,203,86,3,2025-12-20,,
SKU04515,208,188,76,4,2025-12-12,,
SKU04516,721,404,151,5,2025-12-31,,
SKU04517,33,54,14,1,2025-11-19,,
SKU04518,349,190,68,3,2025-12-31,,
SKU04519,272,212,50,3,2025-12-26,,
SKU04520,37,29,7,1,2025-11-20,,
SKU04521,479,389,145,6,2025-12-27,,
SKU04522,470,215,94,4,2025-12-22,,
SKU04523,447,196,70,3,2025-12-09,,
SKU04524,5,74,35,1,2025-12-17,,
SKU04525,215,149,41,3,2025-12-28,,
SKU04526,7995,1797,619,30,2025-08-31,,
SKU04527,345,295,104,4,2025-12-13,,
SKU04528,77,87,26,1,2025-12-10,,
SKU04530,296,147,40,2,2025-12-27,,
SKU04531,12,25,5,1,2025-12-18,,
SKU04532,7767,1762,585,29,2025-08-29,,
SKU04533,165,186,53,3,2025-12-23,,
SKU04535,142,106,35,2,2025-12-31,,
SKU04536,6,29,10,1,2025-12-16,,
SKU04538,233,144,41,3,2025-11-24,,
SKU04539,229,150,54,2,2025-12-11,,
SKU04540,497,231,72,4,2025-12-17,,
SKU04541,133,80,24,1,2025-12-26,,
SKU04542,361,198,75,4,2025-12-17,,
SKU04543,806,462,170,8,2025-12-31,,
SKU04544,297,204,80,3,2025-12-22,,
SKU04546,186,67,23,1,2025-12-21,,
SKU04548,3,41,10,1,2025-12-03,,
SKU04549,42,24,9,1,2025-12-15,,
SKU04550,21,126,32,2,2025-11-15,,
SKU04551,93,1602,574,24,2025-11-16,,
SKU04552,308,136,44,2,2025-12-24,,
SKU04553,243,186,82,3,2025-11-07,,
SKU04554,8198,1774,652,29,2025-09-01,,
SKU04555,35,58,14,1,2025-12-27,,
SKU04556,225,146,63,2,2025-12-03,,
SKU04557,166,100,30,2,2025-12-30,,
SKU04558,97,45,15,1,2025-12-26,,
SKU04559,70,32,7,1,2025-12-10,,
SKU04560,718,406,157,6,2025-12-10,,
SKU04561,5429,1199,366,17,2025-08-31,,
SKU04562,13,1214,434,23,2025-12-07,,
SKU04563,412,197,67,3,2025-12-19,,
SKU04564,437,302,139,4,2025-12-31,,
SKU04565,34,50,11,1,2025-12-24,,
SKU04566,6999,1630,548,28,2025-12-20,,
SKU04567,224,199,62,3,2025-12-17,,
SKU04568,174,168,44,3,2025-12-20,,
SKU04569,210,75,36,1,2025-11-18,,
SKU04570,342,245,75,5,2025-12-25,,
SKU04571,224,1538,497,24,2025-12-10,,
SKU04572,257,228,64,3,2025-12-07,,
SKU04573,70,189,66,2,2025-12-01,,
SKU04574,0,1115,352,20,2025-10-12,,
SKU04575,61,63,21,2,2025-11-19,,
SKU04577,78,36,16,1,2025-11-10,,
SKU04578,430,196,56,2,2025-12-08,,
SKU04579,45,56,14,1,2025-12-22,,
SKU04580,6674,1653,602,30,2025-12-15,,
SKU04581,381,194,71,3,2025-12-30,,
SKU04582,164,133,61,2,2025-12-09,,
SKU04583,253,148,47,2,2025-12-14,,
SKU04584,425,219,76,4,2025-12-10,,
SKU04585,94,191,73,3,2025-12-08,,
SKU04586,173,104,44,2,2025-12-19,,
SKU04587,34,60,14,2,2025-12-05,,
SKU04588,158,94,36,1,2025-12-31,,
SKU04589,366,232,79,3,2025-12-15,,
SKU04591,7049,1500,523,24,2025-11-16,,
SKU04592,378,198,53,3,2025-12-04,,
SKU04593,460,314,106,4,2025-12-29,,
SKU04595,131,44,18,1,2025-12-05,,
SKU04596,0,1211,425,19,2025-10-11,,
SKU04597,442,182,44,2,2025-12-03,,
SKU04598,156,150,55,2,2025-11-26,,
SKU04601,345,259,109,4,2025-12-05,,
SKU04602,362,136,42,2,2025-12-31,,
SKU04603,65,55,18,2,2025-12-20,,
SKU04604,333,226,68,4,2025-11-20,,
SKU04605,7236,1589,539,29,2025-12-13,,
SKU04607,5477,1210,415,24,2025-11-16,,
SKU04608,9,87,40,1,2025-11-13,,
SKU04609,219,205,66,3,2025-12-09,,
SKU04610,212,154,60,2,2025-12-14,,
SKU04611,116,128,53,2,2025-12-05,,
SKU04612,7567,1610,598,27,2025-08-27,,
SKU04613,359,188,79,5,2025-12-30,,
SKU04614,356,276,70,5,2025-12-22,,
SKU04615,144,205,57,4,2025-12-30,,
SKU04616,193,162,47,3,2025-12-24,,
SKU04617,71,70,30,2,2025-12-25,,
SKU04618,62,50,18,1,2025-12-19,,
SKU04620,17,24,8,1,2025-12-26,,
SKU04623,200,73,20,1,2025-11-09,,
SKU04625,86,84,20,2,2025-12-29,,
SKU04626,223,1189,435,19,2025-11-22,,
SKU04627,0,987,351,17,2025-10-06,,
SKU04628,318,178,65,3,2025-12-30,,
SKU04629,162,98,45,2,2025-11-04,,
SKU04630,7,23,6,1,2025-12-28,,
SKU04632,43,140,53,2,2025-11-11,,
SKU04633,0,1112,339,20,2025-10-12,,
SKU04634,35,42,12,1,2025-11-04,,
SKU04635,88,67,28,2,2025-12-25,,
SKU04636,4762,1142,394,22,2025-08-31,,
SKU04637,115,129,33,2,2025-12-28,,
SKU04638,205,180,55,2,2025-12-06,,
SKU04639,61,75,21,1,2025-12-22,,
SKU04640,60,29,8,1,2025-12-27,,
SKU04641,7392,1675,590,27,2025-12-24,,
SKU04642,356,162,52,2,2025-12-23,,
SKU04643,6913,1505,567,26,2025-09-02,,
SKU04644,110,48,23,1,2025-11-14,,
SKU04645,338,159,59,3,2025-12-31,,
SKU04646,6,1009,349,18,2025-12-23,,
SKU04648,103,133,46,2,2025-12-29,,
SKU04649,10,38,9,1,2025-12-29,,
SKU04650,310,124,45,2,2025-12-27,,
SKU04651,53,34,8,1,2025-12-12,,
SKU04652,6580,1550,503,30,2025-09-01,,
SKU04653,7936,1744,602,30,2025-09-02,,
SKU04654,6242,1600,571,30,2025-08-26,,
SKU04657,201,114,41,2,2025-12-11,,
SKU04659,167,82,27,1,2025-11-23,,
SKU04660,42,68,14,1,2025-12-15,,
SKU04661,262,91,33,1,2025-11-07,,
SKU04662,26,33,15,1,2025-12-31,,
SKU04663,0,1398,443,21,2025-10-10,,
SKU04664,7820,1743,631,29,2025-09-02,,
SKU04665,8297,1788,626,30,2025-08-31,,
SKU04667,30,34,16,1,2025-11-10,,
SKU04668,254,98,33,2,2025-12-13,,
SKU04669,27,35,17,1,2025-11-27,,
SKU04670,6544,1586,564,25,2025-08-28,,
SKU04671,307,153,55,2,2025-11-30,,
SKU04672,65,171,58,2,2025-12-28,,
SKU04673,287,119,32,2,2025-12-17,,
SKU04674,355,220,82,3,2025-12-29,,
SKU04675,245,178,57,3,2025-12-10,,
SKU04676,133,116,52,2,2025-12-29,,
SKU04677,293,98,30,1,2025-11-17,,
SKU04678,264,139,45,2,2025-12-27,,
SKU04679,7932,1775,628,28,2025-08-26,,
SKU04680,83,142,41,3,2025-12-20,,
SKU04681,136,109,45,2,2025-11-25,,
SKU04682,78,129,46,3,2025-12-22,,
SKU04683,233,159,55,3,2025-12-29,,
SKU04684,336,287,91,4,2025-12-30,,
SKU04685,145,142,43,2,2025-12-14,,
SKU04686,93,72,36,1,2025-12-11,,
SKU04688,408,237,95,3,2025-12-11,,
SKU04690,8332,1741,645,30,2025-09-01,,
SKU04692,61,88,33,2,2025-12-24,,
SKU04693,7305,1611,544,26,2025-08-25,,
SKU04694,110,66,31,2,2025-12-08,,
SKU04695,120,127,48,2,2025-12-06,,
SKU04698,608,360,133,6,2025-12-31,,
SKU04699,469,300,96,5,2025-12-21,,
SKU04700,47,86,21,2,2025-12-24,,
SKU04701,190,86,35,2,2025-12-29,,
SKU04702,510,193,42,3,2025-12-25,,
SKU04703,137,283,93,5,2025-12-24,,
SKU04704,275,150,37,2,2025-12-02,,
SKU04705,70,53,23,2,2025-12-11,,
SKU04706,3539,873,316,16,2025-12-31,,
SKU04707,122,144,46,3,2025-12-06,,
SKU04708,204,118,31,2,2025-12-29,,
SKU04709,163,87,22,1,2025-11-10,,
SKU04710,495,1369,502,24,2025-12-11,,
SKU04711,500,274,93,4,2025-12-22,,
SKU04712,360,193,68,3,2025-11-24,,
SKU04713,149,100,36,2,2025-12-17,,
SKU04715,25,27,9,1,2025-12-18,,
SKU04716,64,102,45,2,2025-12-26,,
SKU04717,5576,1267,421,19,2025-11-19,,
SKU04718,177,139,37,3,2025-11-22,,
SKU04719,239,101,27,2,2025-12-16,,
SKU04720,235,88,26,2,2025-12-09,,
SKU04721,286,151,49,2,2025-12-01,,
SKU04722,426,244,70,4,2025-12-31,,
SKU04723,353,156,54,3,2025-12-11,,
SKU04724,190,120,44,2,2025-12-24,,
SKU04726,7465,1624,521,24,2025-12-18,,
SKU04727,125,72,18,2,2025-12-06,,
SKU04728,480,249,101,4,2025-11-29,,
SKU04729,7221,1634,560,29,2025-09-01,,
SKU04731,716,339,122,5,2025-12-26,,
SKU04732,339,309,90,4,2025-12-29,,
SKU04733,315,208,72,5,2025-12-21,,
SKU04734,201,80,31,1,2025-12-28,,
SKU04735,88,59,17,2,2025-12-31,,
SKU04736,402,162,68,2,2025-12-10,,
SKU04737,141,58,12,1,2025-12-09,,
SKU04738,69,48,22,1,2025-11-05,,
SKU04739,105,189,49,2,2025-12-29,,
SKU04740,13,30,11,1,2025-11-14,,
SKU04741,7404,1628,539,27,2025-09-02,,
SKU04742,516,328,112,5,2025-12-28,,
SKU04743,518,281,117,5,2025-12-21,,
SKU04745,192,147,72,2,2025-12-20,,
SKU04746,101,81,37,1,2025-11-17,,
SKU04747,7930,1935,690,30,2025-08-31,,
SKU04748,53,23,7,1,2025-11-22,,
SKU04749,232,129,40,2,2025-11-28,,
SKU04750,128,180,78,4,2025-12-24,,
SKU04751,145,117,55,2,2025-12-11,,
SKU04752,59,60,18,2,2025-12-10,,
SKU04753,6385,1351,427,25,2025-08-28,,
SKU04754,135,94,26,2,2025-12-13,,
SKU04755,217,155,51,2,2025-11-21,,
SKU04756,0,1077,368,20,2025-10-12,,
SKU04757,7123,1527,589,24,2025-08-30,,
SKU04758,123,52,16,1,2025-12-19,,
SKU04759,195,152,52,3,2025-11-16,,
SKU04760,46,57,13,1,2025-11-12,,
SKU04761,161,109,37,3,2025-12-02,,
SKU04762,136,65,22,1,2025-12-03,,
SKU04763,293,171,62,3,2025-12-26,,
SKU04764,198,156,71,2,2025-12-20,,
SKU04765,202,168,39,2,2025-12-15,,
SKU04766,6,69,15,1,2025-12-09,,
SKU04767,350,133,57,2,2025-12-09,,
SKU04768,7771,1643,579,28,2025-09-01,,
SKU04770,179,130,30,2,2025-12-18,,
SKU04771,7799,1893,659,30,2025-08-18,,
SKU04772,123,149,38,2,2025-12-25,,
SKU04773,7,25,9,1,2025-11-18,,
SKU04774,226,195,59,4,2025-12-15,,
SKU04775,525,342,123,4,2025-11-26,,
SKU04776,631,237,80,3,2025-12-31,,
SKU04777,59,137,60,2,2025-12-06,,
SKU04778,101,143,51,3,2025-12-09,,
SKU04779,235,114,49,2,2025-12-28,,
SKU04781,561,217,67,4,2025-12-25,,
SKU04783,0,1501,535,24,2025-10-12,,
SKU04784,207,71,31,1,2025-12-30,,
SKU04785,82,65,19,2,2025-12-04,,
SKU04786,13,68,22,1,2025-11-11,,
SKU04787,566,278,104,4,2025-12-23,,
SKU04788,234,99,29,1,2025-12-25,,
SKU04789,228,96,32,1,2025-12-18,,
SKU04790,37,59,12,1,2025-12-29,,
SKU04791,6763,1525,558,25,2025-11-15,,
SKU04792,522,314,117,4,2025-12-18,,
SKU04794,481,196,92,2,2025-12-20,,
SKU04795,7176,1544,542,26,2025-09-01,,
SKU04796,404,409,142,6,2025-12-14,,
SKU04797,4377,984,349,17,2025-12-24,,
SKU04798,6147,1484,485,22,2025-09-02,,
SKU04800,20,66,32,1,2025-11-23,,
SKU04801,297,142,51,3,2025-11-30,,
SKU04802,280,132,47,2,2025-11-29,,
SKU04803,309,131,58,2,2025-12-11,,
SKU04804,73,35,16,1,2025-12-13,,
SKU04805,464,212,78,3,2025-12-09,,
SKU04806,106,36,12,1,2025-11-28,,
SKU04807,223,120,53,2,2025-12-25,,
SKU04808,377,213,81,5,2025-12-09,,
SKU04809,231,127,45,3,2025-12-30,,
SKU04810,246,201,64,4,2025-12-16,,
SKU04811,285,259,109,4,2025-12-13,,
SKU04812,72,36,17,1,2025-12-14,,
SKU04814,207,104,38,2,2025-11-13,,
SKU04815,203,125,48,2,2025-12-29,,
SKU04816,58,30,14,1,2025-11-15,,
SKU04817,261,120,51,2,2025-12-26,,
SKU04818,144,70,19,1,2025-11-30,,
SKU04819,59,28,9,1,2025-11-17,,
SKU04820,2,81,17,1,2025-11-07,,
SKU04821,99,202,65,3,2025-12-11,,
SKU04822,81,128,32,3,2025-12-25,,
SKU04823,13,31,7,1,2025-12-30,,
SKU04824,0,1260,447,18,2025-10-04,,
SKU04825,36,93,39,1,2025-12-04,,
SKU04826,119,69,20,1,2025-12-29,,
SKU04828,207,183,66,3,2025-12-18,,
SKU04829,286,156,67,2,2025-11-30,,
SKU04830,10,29,14,1,2025-12-20,,
SKU04831,8033,1864,634,30,2025-08-31,,
SKU04832,219,197,61,4,2025-12-21,,
SKU04833,369,230,97,3,2025-12-11,,
SKU04836,329,266,102,4,2025-11-21,,
SKU04837,98,117,48,2,2025-11-23,,
SKU04838,518,253,89,4,2025-12-26,,
SKU04839,35,43,21,1,2025-12-13,,
SKU04840,156,81,20,1,2025-11-11,,
SKU04841,265,158,61,3,2025-12-21,,
SKU04842,89,92,36,2,2025-12-21,,
SKU04843,141,65,30,1,2025-11-14,,
SKU04844,176,141,62,2,2025-12-09,,
SKU04845,360,181,65,3,2025-12-18,,
SKU04846,66,39,13,1,2025-11-15,,
SKU04847,199,1332,493,21,2025-11-23,,
SKU04848,20,21,5,1,2025-11-21,,
SKU04849,7648,1639,553,28,2025-09-02,,
SKU04850,428,217,56,3,2025-12-30,,
SKU04851,44,33,8,1,2025-11-16,,
SKU04852,311,167,51,2,2025-12-15,,
SKU04853,323,145,43,2,2025-12-30,,
SKU04854,5340,1228,391,20,2025-08-31,,
SKU04855,283,143,53,2,2025-12-11,,
SKU04856,7197,1623,585,27,2025-08-25,,
SKU04857,200,72,19,1,2025-12-22,,
SKU04858,217,86,28,1,2025-11-19,,
SKU04859,164,120,36,3,2025-12-24,,
SKU04861,157,78,28,2,2025-12-27,,
SKU04862,335,187,66,3,2025-12-29,,
SKU04864,63,28,14,1,2025-12-01,,
SKU04865,306,289,103,4,2025-12-30,,
SKU04866,308,168,58,2,2025-12-01,,
SKU04867,99,57,15,1,2025-11-30,,
SKU04868,44,23,6,1,2025-12-15,,
SKU04869,96,71,23,1,2025-11-25,,
SKU04871,1,93,29,2,2025-12-05,,
SKU04872,192,168,59,3,2025-12-21,,
SKU04873,49,78,27,2,2025-12-18,,
SKU04874,64,35,10,1,2025-11-08,,
SKU04876,150,184,54,2,2025-11-28,,
SKU04877,108,72,35,1,2025-12-12,,
SKU04878,182,113,46,2,2025-12-30,,
SKU04879,5020,1000,342,15,2025-08-18,,
SKU04880,99,110,25,2,2025-12-05,,
SKU04881,97,105,29,2,2025-12-27,,
SKU04882,157,128,38,2,2025-12-26,,
SKU04883,156,81,31,1,2025-12-19,,
SKU04884,208,93,44,1,2025-12-11,,
SKU04885,427,351,132,5,2025-12-29,,
SKU04886,311,178,59,2,2025-12-28,,
SKU04887,7218,1486,539,25,2025-12-12,,
SKU04888,6674,1455,555,28,2025-08-30,,
SKU04889,312,173,73,3,2025-12-21,,
SKU04891,176,100,41,3,2025-12-02,,
SKU04892,288,247,84,3,2025-12-04,,
SKU04893,162,67,25,1,2025-12-05,,
SKU04894,5830,1323,454,22,2025-08-26,,
SKU04895,2,34,8,1,2025-12-01,,
SKU04896,247,197,79,2,2025-11-28,,
SKU04897,26,65,16,1,2025-11-29,,
SKU04899,153,177,53,3,2025-11-29,,
SKU04900,172,223,77,3,2025-11-30,,
SKU04901,7882,1758,633,28,2025-08-29,,
SKU04902,8461,1903,666,30,2025-09-02,,
SKU04903,219,226,70,3,2025-12-23,,
SKU04904,233,119,39,2,2025-12-30,,
SKU04905,7545,1699,574,30,2025-08-30,,
SKU04906,471,237,86,4,2025-12-20,,
SKU04907,247,100,35,2,2025-12-13,,
SKU04908,44,22,6,1,2025-12-14,,
SKU04909,93,50,23,1,2025-12-07,,
SKU04910,17,36,7,1,2025-12-11,,
SKU04911,24,80,21,1,2025-11-07,,
SKU04912,223,124,50,3,2025-12-02,,
SKU04913,140,1313,448,22,2025-12-09,,
SKU04914,124,114,41,2,2025-12-27,,
SKU04916,552,282,104,7,2025-12-20,,
SKU04917,94,148,44,3,2025-12-30,,
SKU04918,198,104,38,2,2025-12-06,,
SKU04919,8079,1767,571,28,2025-08-30,,
SKU04920,394,153,55,3,2025-12-22,,
SKU04922,47,51,21,1,2025-11-09,,
SKU04923,529,260,86,6,2025-12-25,,
SKU04924,69,65,20,1,2025-11-28,,
SKU04925,20,96,33,1,2025-12-11,,
SKU04926,0,1269,437,21,2025-10-12,,
SKU04927,155,97,29,2,2025-12-07,,
SKU04928,34,70,25,1,2025-11-08,,
SKU04929,370,176,58,3,2025-12-27,,
SKU04930,216,73,34,1,2025-12-15,,
SKU04931,30,24,10,1,2025-12-19,,
SKU04932,100,159,45,3,2025-12-16,,
SKU04934,58,27,12,1,2025-12-25,,
SKU04935,156,102,37,3,2025-12-27,,
SKU04936,407,168,71,2,2025-12-02,,
SKU04937,38,27,6,1,2025-11-11,,
SKU04938,123,82,30,1,2025-12-23,,
SKU04939,34,28,13,1,2025-12-01,,
SKU04940,235,146,42,3,2025-12-02,,
SKU04941,5792,1118,380,19,2025-08-31,,
SKU04942,213,86,24,1,2025-11-15,,
SKU04943,342,224,65,4,2025-12-25,,
SKU04944,128,134,45,3,2025-12-30,,
SKU04945,4382,926,320,16,2025-09-02,,
SKU04946,83,59,12,2,2025-12-13,,
SKU04947,413,267,98,4,2025-12-21,,
SKU04948,327,204,66,4,2025-12-31,,
SKU04950,162,199,90,4,2025-12-13,,
SKU04951,8,98,26,1,2025-11-26,,
SKU04952,206,94,31,1,2025-11-29,,
SKU04953,4786,1099,403,20,2025-11-16,,
SKU04954,333,133,47,2,2025-12-28,,
SKU04955,7536,1757,643,30,2025-08-29,,
SKU04957,64,131,47,3,2025-12-31,,
SKU04958,7988,1805,611,29,2025-09-01,,
SKU04959,425,154,64,3,2025-12-18,,
SKU04960,106,61,21,1,2025-12-23,,
SKU04961,247,121,31,2,2025-12-17,,
SKU04962,478,316,112,4,2025-12-09,,
SKU04963,91,32,10,1,2025-12-24,,
SKU04964,392,162,73,3,2025-12-03,,
SKU04965,266,123,35,4,2025-12-25,,
SKU04966,112,55,26,1,2025-12-26,,
SKU04967,275,131,57,2,2025-11-29,,
SKU04968,102,114,35,2,2025-12-31,,
SKU04969,48,64,28,1,2025-12-28,,
SKU04970,335,190,64,3,2025-12-19,,
SKU04971,580,208,68,4,2025-12-22,,
SKU04972,407,145,50,2,2025-11-19,,
SKU04973,156,77,22,2,2025-12-21,,
SKU04974,220,105,43,2,2025-12-14,,
SKU04975,10,23,6,1,2025-11-25,,
SKU04977,160,97,32,2,2025-12-17,,
SKU04978,22,96,30,1,2025-11-13,,
SKU04979,76,50,25,1,2025-12-23,,
SKU04980,86,39,13,1,2025-12-09,,
SKU04981,89,44,14,1,2025-11-21,,
SKU04982,92,43,19,1,2025-11-08,,
SKU04983,251,198,76,3,2025-12-25,,
SKU04984,246,150,54,2,2025-11-29,,
SKU04985,476,264,88,4,2025-12-25,,
SKU04986,73,124,46,3,2025-12-21,,
SKU04987,8540,1975,716,30,2025-08-24,,
SKU04988,189,75,25,2,2025-12-26,,
SKU04989,449,228,76,3,2025-12-14,,
SKU04990,130,133,50,2,2025-12-23,,
SKU04991,366,221,97,3,2025-12-22,,
SKU04992,78,45,21,1,2025-12-04,,
SKU04993,39,48,10,1,2025-11-30,,
SKU04994,78,92,41,1,2025-11-25,,
SKU04995,254,104,27,2,2025-11-25,,
SKU04996,8299,1887,685,28,2025-08-30,,
SKU04997,246,171,52,2,2025-11-13,,
SKU04998,115,60,26,1,2025-12-13,,
SKU04999,71,117,47,2,2025-12-18,,
SKU05000,4804,1120,393,20,2025-12-25,,
